{
  "user": {},
  "ptpt": null,
  "nextComment": {
    "txt": "政策活動費は即時廃止する",
    "tid": 3,
    "created": "1728976364847",
    "tweet_id": null,
    "quote_src_url": null,
    "is_seed": true,
    "is_meta": false,
    "lang": null,
    "pid": 0,
    "randomN": 1.9644480028722255,
    "remaining": 8,
    "total": 8,
    "translations": []
  },
  "conversation": {
    "topic": "政治資金規制改革",
    "description": "",
    "link_url": null,
    "parent_url": null,
    "upvotes": 1,
    "participant_count": 39,
    "is_anon": false,
    "is_active": true,
    "is_draft": true,
    "is_public": true,
    "is_data_open": false,
    "profanity_filter": true,
    "spam_filter": true,
    "strict_moderation": false,
    "prioritize_seed": false,
    "vis_type": 1,
    "write_type": 1,
    "help_type": 1,
    "write_hint_type": 1,
    "style_btn": null,
    "socialbtn_type": 0,
    "subscribe_type": 1,
    "branding_type": 1,
    "bgcolor": null,
    "help_bgcolor": null,
    "help_color": null,
    "email_domain": null,
    "use_xid_whitelist": false,
    "owner": 72,
    "org_id": 72,
    "context": null,
    "course_id": null,
    "owner_sees_participation_stats": false,
    "auth_needed_to_vote": false,
    "auth_needed_to_write": true,
    "auth_opt_fb": true,
    "auth_opt_tw": true,
    "auth_opt_allow_3rdparty": true,
    "modified": "1729266851496",
    "created": "1728976361971",
    "site_id": "polis_site_id_wlE61IMj5fRdvFgrn7",
    "auth_opt_fb_computed": true,
    "auth_opt_tw_computed": true,
    "translations": [],
    "ownername": "admin",
    "is_mod": false,
    "is_owner": false,
    "conversation_id": "32ffrfvrrf"
  },
  "votes": [],
  "pca": "{\"n\":39,\"pca\":{\"comps\":[[0.43281908490806525,0.4230303436096631,0.4575686853940726,0.5090243356748353,-0.30093100631167874,-0.26519246688525394,0.039652684009675226,-0.05271851250510612],[0.3705532439668039,0.21526851795401353,0.23042356984184498,-0.05905332643812239,0.5868188883285427,0.5893421371353044,0.2503937939030401,0.07341544342971243]],\"center\":[0.052631578947368425,-0.2222222222222222,-0.16216216216216214,-0.10810810810810811,-0.5135135135135135,-0.5405405405405405,-0.6944444444444444,-0.868421052631579],\"comment-extremity\":[1.6963825076285592,1.0441827149791398,1.2140594030823284,1.2927032460085033,0.907441018029894,0.8398448377989717,0.2190974172007422,0.0336370329461442],\"comment-projection\":[[-1.2886286735387327,-0.9306192765771006,-1.0843294626295832,-1.2840908610782233,0.41407852910065257,0.3446302333103335,-0.03426949992337512,0.0196197987823307],[-1.1032451014720006,-0.47356657855503437,-0.5460493115883026,0.1489709459468792,-0.8074578459219839,-0.7658781586297171,-0.2164007384438368,-0.02732239889103527]]},\"tids\":[0,1,2,3,4,5,6,7],\"mod-in\":[0,7,1,4,6,3,2,5],\"n-cmts\":8,\"in-conv\":[0,7,20,27,1,24,4,21,31,32,33,13,22,36,29,6,28,25,34,17,3,12,2,23,35,19,11,9,5,14,16,38,30,10,18,37,8],\"mod-out\":[],\"repness\":{\"0\":[{\"tid\":4,\"p-test\":3.872983346207417,\"n-agree\":14,\"repness\":1.802884615384615,\"n-trials\":14,\"n-success\":14,\"p-success\":0.9375,\"best-agree\":true,\"repful-for\":\"agree\",\"repness-test\":3.0944939},{\"tid\":5,\"p-test\":3.872983346207417,\"repness\":1.730769230769231,\"n-trials\":14,\"n-success\":14,\"p-success\":0.9375,\"repful-for\":\"agree\",\"repness-test\":2.9750516},{\"tid\":3,\"p-test\":2.8401877872187726,\"repness\":9.75,\"n-trials\":14,\"n-success\":12,\"p-success\":0.8125,\"repful-for\":\"disagree\",\"repness-test\":4.806456},{\"tid\":0,\"p-test\":2.8401877872187726,\"repness\":6.770833333333333,\"n-trials\":14,\"n-success\":12,\"p-success\":0.8125,\"repful-for\":\"disagree\",\"repness-test\":4.5810857},{\"tid\":2,\"p-test\":1.2909944487358063,\"repness\":15,\"n-trials\":14,\"n-success\":9,\"p-success\":0.625,\"repful-for\":\"disagree\",\"repness-test\":4.140402}],\"1\":[{\"tid\":0,\"p-test\":2.1380899352993947,\"n-agree\":10,\"repness\":4.766666666666667,\"n-trials\":13,\"n-success\":10,\"p-success\":0.7333333333333333,\"best-agree\":true,\"repful-for\":\"agree\",\"repness-test\":3.8529303},{\"tid\":1,\"p-test\":2.496150883013531,\"repness\":2.918367346938776,\"n-trials\":12,\"n-success\":10,\"p-success\":0.7857142857142857,\"repful-for\":\"agree\",\"repness-test\":3.3160167},{\"tid\":2,\"p-test\":2.496150883013531,\"repness\":2.918367346938776,\"n-trials\":12,\"n-success\":10,\"p-success\":0.7857142857142857,\"repful-for\":\"agree\",\"repness-test\":3.3160167},{\"tid\":5,\"p-test\":3.605551275463989,\"repness\":1.60952380952381,\"n-trials\":12,\"n-success\":12,\"p-success\":0.9285714285714286,\"repful-for\":\"agree\",\"repness-test\":2.6565282},{\"tid\":6,\"p-test\":3.605551275463989,\"repness\":1.508928571428571,\"n-trials\":12,\"n-success\":12,\"p-success\":0.9285714285714286,\"repful-for\":\"agree\",\"repness-test\":2.476371}],\"2\":[{\"tid\":3,\"p-test\":2.1105794120443457,\"n-agree\":8,\"repness\":1.909090909090909,\"n-trials\":10,\"n-success\":8,\"p-success\":0.75,\"best-agree\":true,\"repful-for\":\"agree\",\"repness-test\":2.29997},{\"tid\":4,\"p-test\":1.5075567228888183,\"repness\":19.33333333333333,\"n-trials\":10,\"n-success\":7,\"p-success\":0.6666666666666667,\"repful-for\":\"disagree\",\"repness-test\":4.6126943}]},\"consensus\":{\"agree\":[{\"tid\":7,\"p-test\":4.643716460347527,\"n-trials\":38,\"n-success\":33,\"p-success\":0.85},{\"tid\":6,\"p-test\":3.123580758801789,\"n-trials\":36,\"n-success\":27,\"p-success\":0.7368421052631579},{\"tid\":4,\"p-test\":2.5955427380922003,\"n-trials\":37,\"n-success\":26,\"p-success\":0.6923076923076923},{\"tid\":5,\"p-test\":2.5955427380922003,\"n-trials\":37,\"n-success\":26,\"p-success\":0.6923076923076923}],\"disagree\":[]},\"meta-tids\":[],\"votes-base\":{\"0\":{\"A\":[0,0,0,0,1,0,0,1,3,1,0,1,0,0,0,1,0,0,2,0,0,1,1,0,1,0,0],\"D\":[0,0,1,1,0,0,0,0,0,0,0,0,5,2,1,0,2,1,0,0,0,0,0,0,0,1,0],\"S\":[2,1,1,1,1,1,1,1,3,1,1,1,5,2,1,1,2,1,2,1,1,1,1,1,1,1,1]},\"1\":{\"A\":[0,1,0,1,1,0,0,1,3,1,1,0,0,0,1,1,0,0,2,1,0,1,1,0,0,0,0],\"D\":[0,0,0,0,0,0,0,0,0,0,0,0,5,2,0,0,0,0,0,0,0,0,0,0,0,1,0],\"S\":[2,1,1,1,1,1,1,1,3,1,1,0,5,2,1,1,2,1,2,1,1,1,1,1,1,1,1]},\"2\":{\"A\":[0,1,0,1,1,0,0,1,3,1,0,1,0,0,1,1,0,0,2,1,0,1,1,0,0,0,0],\"D\":[0,0,0,0,0,0,0,0,0,0,0,0,5,2,0,0,0,1,0,0,0,0,0,1,0,0,0],\"S\":[2,1,1,1,1,1,1,1,3,1,0,1,5,2,1,1,2,1,2,1,1,1,1,1,1,1,1]},\"3\":{\"A\":[0,1,1,1,1,1,1,1,3,0,0,1,0,0,0,1,0,1,0,1,1,1,1,0,1,0,0],\"D\":[0,0,0,0,0,0,0,0,0,1,0,0,5,2,1,0,2,0,0,0,0,0,0,1,0,1,0],\"S\":[2,1,1,1,1,1,1,1,3,1,0,1,5,2,1,1,2,1,2,1,1,1,1,1,1,1,1]},\"4\":{\"A\":[0,0,0,0,0,0,0,0,3,1,1,1,5,2,1,0,2,1,2,1,1,1,0,1,1,1,1],\"D\":[0,1,1,1,1,1,0,1,0,0,0,0,0,0,0,1,0,0,0,0,0,0,0,0,0,0,0],\"S\":[2,1,1,1,1,1,1,1,3,1,1,1,5,2,1,1,2,1,2,1,1,1,1,1,1,1,1]},\"5\":{\"A\":[0,0,0,0,0,0,0,0,3,1,1,0,5,2,1,0,2,1,2,1,1,1,1,1,1,1,1],\"D\":[0,1,1,1,1,1,0,1,0,0,0,0,0,0,0,0,0,0,0,0,0,0,0,0,0,0,0],\"S\":[2,1,1,1,1,1,1,1,3,1,1,0,5,2,1,1,2,1,2,1,1,1,1,1,1,1,1]},\"6\":{\"A\":[0,1,1,0,0,1,0,0,3,1,1,0,5,0,1,1,2,1,2,1,1,1,1,0,1,1,1],\"D\":[0,0,0,0,0,0,0,0,0,0,0,0,0,2,0,0,0,0,0,0,0,0,0,0,0,0,0],\"S\":[2,1,1,1,1,1,1,1,3,1,1,0,5,2,1,1,2,1,2,1,1,1,1,1,1,1,1]},\"7\":{\"A\":[0,1,1,1,0,1,0,1,3,1,1,1,5,2,1,1,2,1,2,1,1,0,1,1,1,1,1],\"D\":[0,0,0,0,0,0,0,0,0,0,0,0,0,0,0,0,0,0,0,0,0,0,0,0,0,0,0],\"S\":[2,1,1,1,1,1,1,1,3,1,1,1,5,2,1,1,2,1,2,1,1,1,1,1,1,1,1]}},\"group-votes\":{\"0\":{\"votes\":{\"0\":{\"A\":0,\"D\":12,\"S\":14},\"1\":{\"A\":1,\"D\":8,\"S\":14},\"2\":{\"A\":1,\"D\":9,\"S\":14},\"3\":{\"A\":1,\"D\":12,\"S\":14},\"4\":{\"A\":14,\"D\":0,\"S\":14},\"5\":{\"A\":14,\"D\":0,\"S\":14},\"6\":{\"A\":11,\"D\":2,\"S\":14},\"7\":{\"A\":14,\"D\":0,\"S\":14}},\"n-members\":14,\"id\":0},\"1\":{\"votes\":{\"0\":{\"A\":10,\"D\":0,\"S\":13},\"1\":{\"A\":10,\"D\":0,\"S\":12},\"2\":{\"A\":10,\"D\":0,\"S\":12},\"3\":{\"A\":9,\"D\":1,\"S\":12},\"4\":{\"A\":12,\"D\":0,\"S\":13},\"5\":{\"A\":12,\"D\":0,\"S\":12},\"6\":{\"A\":12,\"D\":0,\"S\":12},\"7\":{\"A\":12,\"D\":0,\"S\":13}},\"n-members\":13,\"id\":1},\"2\":{\"votes\":{\"0\":{\"A\":3,\"D\":2,\"S\":10},