{
  "user": {},
  "ptpt": null,
  "nextComment": {
    "txt": "政策活動費に限らず、すべての政治資金を監査する独立の「第三者機関」を創設する",
    "tid": 6,
    "created": "1728976366089",
    "tweet_id": null,
    "quote_src_url": null,
    "is_seed": true,
    "is_meta": false,
    "lang": null,
    "pid": 0,
    "randomN": 5.353343744943016,
    "remaining": 8,
    "total": 8,
    "translations": []
  },
  "conversation": {
    "topic": "政治資金規制改革",
    "description": "",
    "link_url": null,
    "parent_url": null,
    "upvotes": 1,
    "participant_count": 86,
    "is_anon": false,
    "is_active": true,
    "is_draft": true,
    "is_public": true,
    "is_data_open": false,
    "profanity_filter": true,
    "spam_filter": true,
    "strict_moderation": false,
    "prioritize_seed": false,
    "vis_type": 1,
    "write_type": 1,
    "help_type": 1,
    "write_hint_type": 1,
    "style_btn": null,
    "socialbtn_type": 0,
    "subscribe_type": 1,
    "branding_type": 1,
    "bgcolor": null,
    "help_bgcolor": null,
    "help_color": null,
    "email_domain": null,
    "use_xid_whitelist": false,
    "owner": 72,
    "org_id": 72,
    "context": null,
    "course_id": null,
    "owner_sees_participation_stats": false,
    "auth_needed_to_vote": false,
    "auth_needed_to_write": true,
    "auth_opt_fb": true,
    "auth_opt_tw": true,
    "auth_opt_allow_3rdparty": true,
    "modified": "1729308560097",
    "created": "1728976361971",
    "site_id": "polis_site_id_wlE61IMj5fRdvFgrn7",
    "auth_opt_fb_computed": true,
    "auth_opt_tw_computed": true,
    "translations": [],
    "ownername": "admin",
    "is_mod": false,
    "is_owner": false,
    "conversation_id": "32ffrfvrrf"
  },
  "votes": [],
  "pca": "{\"n\":86,\"pca\":{\"comps\":[[0.5076300751853259,0.4373198141558059,0.49933140424195266,0.5121809515460723,-0.13135984654241034,-0.12736714596777945,0.0738784708158143,0.021588907324939306],[0.22242154082099036,0.08435500135885325,0.15150878996745348,-0.21429388275456757,0.46996664009391786,0.68099735203958,0.3828209791008682,0.20822625188794291]],\"center\":[-0.08750000000000002,-0.28947368421052644,-0.2875000000000001,-0.15000000000000002,-0.6790123456790124,-0.5625,-0.7012987012987015,-0.8481012658227851],\"comment-extremity\":[1.4304080253558467,0.8950700230190834,1.0515819621581677,1.3348003254821388,0.44303185559114777,0.8573033554496617,0.3293958206335687,0.08994073012753764],\"comment-projection\":[[-1.3101626400169004,-0.8788693437572523,-1.006279772696825,-1.2313665217115413,0.11926031579801619,0.15760880207483896,-0.062416584781493936,-0.009275339403264292],[-0.5740565962571621,-0.1695258762286137,-0.30532874446676095,0.5151974360526689,-0.42667810131795264,-0.8426912297952218,-0.3234281629590669,-0.0894611816087224]]},\"tids\":[0,1,2,3,4,5,6,7],\"mod-in\":[0,7,1,4,6,3,2,5],\"n-cmts\":8,\"in-conv\":[0,65,70,62,74,7,59,20,72,58,60,27,1,69,24,55,85,39,46,4,77,54,48,50,75,21,31,32,40,56,33,13,22,36,41,43,61,29,6,28,64,51,25,34,17,3,12,2,66,23,47,35,82,76,19,57,11,9,5,83,14,45,16,81,79,38,30,73,10,18,52,42,80,37,63,8,49],\"mod-out\":[],\"repness\":{\"0\":[{\"tid\":4,\"p-test\":4.69041575982343,\"n-agree\":21,\"repness\":1.353128313891835,\"n-trials\":21,\"n-success\":21,\"p-success\":0.9565217391304348,\"best-agree\":true,\"repful-for\":\"agree\",\"repness-test\":2.7827692},{\"tid\":3,\"p-test\":4.264014327112208,\"repness\":10.40869565217391,\"n-trials\":21,\"n-success\":20,\"p-success\":0.9130434782608696,\"repful-for\":\"disagree\",\"repness-test\":7.2947564},{\"tid\":2,\"p-test\":2.5584085962673253,\"repness\":21.06521739130435,\"n-trials\":21,\"n-success\":16,\"p-success\":0.7391304347826086,\"repful-for\":\"disagree\",\"repness-test\":6.8237796},{\"tid\":0,\"p-test\":3.8376128944009875,\"repness\":8.405797101449275,\"n-trials\":21,\"n-success\":19,\"p-success\":0.8695652173913043,\"repful-for\":\"disagree\",\"repness-test\":6.8155465},{\"tid\":1,\"p-test\":1.705605730844883,\"repness\":12.17391304347826,\"n-trials\":21,\"n-success\":14,\"p-success\":0.6521739130434783,\"repful-for\":\"disagree\",\"repness-test\":5.875329}],\"1\":[{\"tid\":5,\"p-test\":5.924741690788225,\"n-agree\":37,\"repness\":1.9,\"n-trials\":38,\"n-success\":37,\"p-success\":0.95,\"best-agree\":true,\"repful-for\":\"agree\",\"repness-test\":4.6675696},{\"tid\":2,\"p-test\":3.362691229906829,\"repness\":2.727272727272727,\"n-trials\":38,\"n-success\":29,\"p-success\":0.75,\"repful-for\":\"agree\",\"repness-test\":4.3083215},{\"tid\":6,\"p-test\":5.60448538317805,\"repness\":1.541666666666667,\"n-trials\":38,\"n-success\":36,\"p-success\":0.925,\"repful-for\":\"agree\",\"repness-test\":3.5653427},{\"tid\":1,\"p-test\":3.362691229906829,\"repness\":2.659090909090909,\"n-trials\":38,\"n-success\":29,\"p-success\":0.75,\"repful-for\":\"agree\",\"repness-test\":4.218399},{\"tid\":4,\"p-test\":5.375872022286246,\"repness\":1.388367729831144,\"n-trials\":39,\"n-success\":36,\"p-success\":0.9024390243902439,\"repful-for\":\"agree\",\"repness-test\":2.856446}],\"2\":[{\"tid\":3,\"p-test\":3.299831645537222,\"n-agree\":15,\"repness\":2.334928229665072,\"n-trials\":17,\"n-success\":15,\"p-success\":0.8421052631578947,\"best-agree\":true,\"repful-for\":\"agree\",\"repness-test\":3.8876998},{\"tid\":5,\"p-test\":1.4142135623730956,\"repness\":19.26315789473684,\"n-trials\":17,\"n-success\":11,\"p-success\":0.6315789473684211,\"repful-for\":\"disagree\",\"repness-test\":6.140978}]},\"consensus\":{\"agree\":[{\"tid\":7,\"p-test\":6.708203932499369,\"n-trials\":79,\"n-success\":69,\"p-success\":0.8641975308641975},{\"tid\":4,\"p-test\":5.300713251592636,\"n-trials\":81,\"n-success\":64,\"p-success\":0.7831325301204819},{\"tid\":6,\"p-test\":4.982018950236221,\"n-trials\":77,\"n-success\":60,\"p-success\":0.7721518987341772},{\"tid\":5,\"p-test\":4.111111111111112,\"n-trials\":80,\"n-success\":58,\"p-success\":0.7195121951219512}],\"disagree\":[]},\"meta-tids\":[],\"votes-base\":{\"0\":{\"A\":[0,0,0,0,1,0,0,1,1,0,0,1,0,4,0,1,1,0,0,1,1,0,0,0,0,0,1,0,0,1,0,1,0,2,1,0,0,0,0,0,0,0,1,0,0,1,10,1],\"D\":[0,0,1,1,0,0,0,0,0,0,2,0,1,0,0,0,0,1,0,0,0,0,1,0,1,0,0,1,0,0,0,0,0,0,0,8,0,0,1,3,0,1,0,1,1,0,0,0],\"S\":[2,1,1,1,1,1,1,1,1,1,2,1,1,4,1,1,1,1,1,1,1,1,1,1,1,2,1,1,1,1,2,1,2,2,1,8,1,1,1,3,3,1,1,1,1,1,10,1]},\"1\":{\"A\":[0,1,0,1,1,0,0,1,1,1,0,1,0,4,1,0,0,0,1,1,1,0,0,0,0,0,1,0,1,1,2,0,2,0,1,0,1,0,1,0,0,1,0,0,1,1,10,1],\"D\":[0,0,0,0,0,0,0,0,0,0,2,0,0,0,0,0,0,1,0,0,0,0,1,0,1,0,0,1,0,0,0,1,0,0,0,8,0,0,0,0,0,0,0,1,0,0,0,0],\"S\":[2,1,1,1,1,1,1,1,1,1,2,1,1,4,1,0,1,1,1,1,1,1,1,1,1,2,1,1,1,1,2,1,2,2,1,8,1,1,1,3,3,1,0,1,1,1,10,1]},\"2\":{\"A\":[0,1,0,1,1,0,0,1,1,0,0,1,0,4,1,1,0,0,0,1,1,0,1,0,0,0,0,0,1,1,2,1,2,2,0,0,1,0,0,0,0,0,1,0,1,1,10,1],\"D\":[0,0,0,0,0,0,0,0,0,0,2,0,1,0,0,0,0,0,0,0,0,0,0,1,1,0,0,1,0,0,0,0,0,0,0,8,0,0,1,0,0,1,0,1,0,0,0,0],\"S\":[2,1,1,1,1,1,1,1,1,0,2,1,1,4,1,1,1,1,1,1,1,1,1,1,1,2,1,1,1,1,2,1,2,2,1,8,1,1,1,3,3,1,1,1,1,1,10,1]},\"3\":{\"A\":[0,1,1,1,1,1,1,1,0,0,0,1,1,0,1,1,1,0,0,1,1,0,1,0,0,2,1,0,0,1,0,1,0,0,0,0,1,1,1,0,0,0,1,0,0,1,10,1],\"D\":[0,0,0,0,0,0,0,0,1,0,2,0,0,0,0,0,0,1,0,0,0,1,0,1,1,0,0,1,0,0,0,0,2,0,0,8,0,0,0,3,0,1,0,1,1,0,0,0],\"S\":[2,1,1,1,1,1,1,1,1,0,2,1,1,4,1,1,1,1,1,1,1,1,1,1,1,2,1,1,1,1,2,1,2,2,1,8,1,1,1,3,3,1,1,1,1,1,10,1]},\"4\":{\"A\":[0,0,0,0,0,0,0,0,1,1,2,0,1,4,1,1,1,1,0,1,1,1,0,1,1,2,1,1,0,0,2,1,2,2,1,8,1,0,1,3,3,1,1,1,1,0,10,1],\"D\":[0,1,1,1,1,1,0,1,0,0,0,1,0,0,0,0,0,0,0,0,0,0,1,0,0,0,0,0,0,0,0,0,0,0,0,0,0,1,0,0,0,0,0,0,0,0,0,0],\"S\":[2,1,1,1,1,1,1,1,1,1,2,1,1,4,1,1,1,1,1,1,1,1,1,1,1,2,1,1,1,1,2,1,2,2,1,8,1,1,1,3,3,1,1,1,1,1,10,1]},\"5\":{\"A\":[0,0,0,0,0,0,0,0,1,1,2,0,1,4,1,0,1,1,1,0,0,0,1,1,0,2,1,0,1,0,2,1,2,2,1,8,0,0,0,3,3,1,0,1,1,1,10,1],\"D\":[0,1,1,1,1,1,0,1,0,0,0,0,0,0,0,0,0,0,0,0,1,0,0,0,0,0,0,1,0,1,0,0,0,0,0,0,1,0,1,0,0,0,1,0,0,0,0,0],\"S\":[2,1,1,1,1,1,1,1,1,1,2,1,1,4,1,0,1,1,1,1,1,1,1,1,1,2,1,1,1,1,2,1,2,2,1,8,1,1,1,3,3,1,1,1,1,1,10,1]},\"6\":{\"A\":[0,1,1,0,0,1,0,0,1,1,0,1,1,4,1,0,1,1,1,0,1,0,1,0,0,2,1,0,0,0,2,1,2,2,1,8,0,1,0,3,3,1,1,1,1,1,10,1],\"D\":[0,0,0,0,0,0,0,0,0,0,2,