{
  "user": {},
  "ptpt": null,
  "nextComment": {
    "txt": "政策活動費は使途公開の義務などをもって実施する",
    "tid": 4,
    "created": "1728976365271",
    "tweet_id": null,
    "quote_src_url": null,
    "is_seed": true,
    "is_meta": false,
    "lang": null,
    "pid": 0,
    "randomN": 3.640759497844198,
    "remaining": 8,
    "total": 8,
    "translations": []
  },
  "conversation": {
    "topic": "政治資金規制改革",
    "description": "",
    "link_url": null,
    "parent_url": null,
    "upvotes": 1,
    "participant_count": 139,
    "is_anon": false,
    "is_active": true,
    "is_draft": true,
    "is_public": true,
    "is_data_open": false,
    "profanity_filter": true,
    "spam_filter": true,
    "strict_moderation": false,
    "prioritize_seed": false,
    "vis_type": 1,
    "write_type": 1,
    "help_type": 1,
    "write_hint_type": 1,
    "style_btn": null,
    "socialbtn_type": 0,
    "subscribe_type": 1,
    "branding_type": 1,
    "bgcolor": null,
    "help_bgcolor": null,
    "help_color": null,
    "email_domain": null,
    "use_xid_whitelist": false,
    "owner": 72,
    "org_id": 72,
    "context": null,
    "course_id": null,
    "owner_sees_participation_stats": false,
    "auth_needed_to_vote": false,
    "auth_needed_to_write": true,
    "auth_opt_fb": true,
    "auth_opt_tw": true,
    "auth_opt_allow_3rdparty": true,
    "modified": "1729338623377",
    "created": "1728976361971",
    "site_id": "polis_site_id_wlE61IMj5fRdvFgrn7",
    "auth_opt_fb_computed": true,
    "auth_opt_tw_computed": true,
    "translations": [],
    "ownername": "admin",
    "is_mod": false,
    "is_owner": false,
    "conversation_id": "32ffrfvrrf"
  },
  "votes": [],
  "pca": "{\"n\":139,\"pca\":{\"comps\":[[0.509831627156449,0.46873339183265794,0.5393116657740791,0.4447318303225569,-0.06422633938516059,-0.07596699922975855,0.11821616076722366,0.0885786502531062],[0.23530076893290416,0.05204433246955461,0.11054617542046068,-0.3715835904791597,0.5512612996515053,0.6288434264698536,0.26580286164575495,0.14712537924172775]],\"center\":[-0.1484375,-0.33870967741935476,-0.28125,-0.171875,-0.6615384615384613,-0.5905511811023619,-0.7279999999999998,-0.8174603174603174],\"comment-extremity\":[1.3524458466052696,0.8821119254750687,1.1191794330575506,1.3574396356670881,0.5312997070670131,0.7335559067975328,0.2238032422096636,0.08866552670422123],\"comment-projection\":[[-1.2279715215625293,-0.8767243198239475,-1.0963839411203595,-1.041691458163813,0.06148476076435606,0.08797708899815081,-0.0909474964296852,-0.04573317390582307],[-0.5667413080332605,-0.0973443172176465,-0.22473285703788048,0.8703569787555826,-0.5277300473947298,-0.7282611483588577,-0.20449069445021148,-0.07596086117361171]]},\"tids\":[0,1,2,3,4,5,6,7],\"mod-in\":[0,7,1,4,6,3,2,5],\"n-cmts\":8,\"in-conv\":[0,121,65,70,62,74,110,130,128,7,59,86,20,72,58,60,27,1,69,101,24,55,85,39,88,46,4,77,106,119,95,54,92,137,104,48,50,116,75,21,31,113,32,40,129,108,56,33,13,22,90,109,36,41,118,89,100,131,122,43,61,29,93,6,111,28,134,64,103,51,25,34,125,17,3,12,2,66,107,23,47,35,127,82,76,97,19,57,11,115,9,5,112,83,138,14,45,132,123,16,133,81,120,79,38,126,98,124,87,30,73,96,10,18,105,52,114,42,80,37,63,94,8,49],\"mod-out\":[],\"repness\":{\"0\":[{\"tid\":5,\"p-test\":7.298102156175071,\"n-agree\":58,\"repness\":1.819259962049336,\"n-trials\":60,\"n-success\":58,\"p-success\":0.9516129032258065,\"best-agree\":true,\"repful-for\":\"agree\",\"repness-test\":5.582686},{\"tid\":6,\"p-test\":7.554175916040862,\"repness\":1.612903225806452,\"n-trials\":60,\"n-success\":59,\"p-success\":0.967741935483871,\"repful-for\":\"agree\",\"repness-test\":5.152833},{\"tid\":0,\"p-test\":3.5560035560053342,\"repness\":3.869047619047619,\"n-trials\":61,\"n-success\":44,\"p-success\":0.7142857142857143,\"repful-for\":\"agree\",\"repness-test\":6.0693016},{\"tid\":2,\"p-test\":4.737364557517151,\"repness\":2.703735144312394,\"n-trials\":60,\"n-success\":48,\"p-success\":0.7903225806451613,\"repful-for\":\"agree\",\"repness-test\":5.6821785},{\"tid\":1,\"p-test\":4.737364557517151,\"repness\":2.529032258064516,\"n-trials\":60,\"n-success\":48,\"p-success\":0.7903225806451613,\"repful-for\":\"agree\",\"repness-test\":5.443949}],\"1\":[{\"tid\":4,\"p-test\":5.1449575542752655,\"n-agree\":31,\"repness\":1.250420168067227,\"n-trials\":33,\"n-success\":31,\"p-success\":0.9142857142857143,\"best-agree\":true,\"repful-for\":\"agree\",\"repness-test\":2.48761},{\"tid\":2,\"p-test\":3.7729688731351954,\"repness\":18.4,\"n-trials\":33,\"n-success\":27,\"p-success\":0.8,\"repful-for\":\"disagree\",\"repness-test\":8.887011},{\"tid\":3,\"p-test\":3.7729688731351954,\"repness\":8.177777777777777,\"n-trials\":33,\"n-success\":27,\"p-success\":0.8,\"repful-for\":\"disagree\",\"repness-test\":7.8974752},{\"tid\":0,\"p-test\":3.7729688731351954,\"repness\":6.763636363636364,\"n-trials\":33,\"n-success\":27,\"p-success\":0.8,\"repful-for\":\"disagree\",\"repness-test\":7.587126},{\"tid\":1,\"p-test\":1.7149858514250889,\"repness\":11.44,\"n-trials\":33,\"n-success\":21,\"p-success\":0.6285714285714286,\"repful-for\":\"disagree\",\"repness-test\":7.119688}],\"2\":[{\"tid\":3,\"p-test\":1.8073922282301276,\"n-agree\":10,\"repness\":1.623670212765957,\"n-trials\":14,\"n-success\":10,\"p-success\":0.6875,\"best-agree\":true,\"repful-for\":\"agree\",\"repness-test\":2.2297337}],\"3\":[{\"tid\":2,\"p-test\":4.123105625617661,\"n-agree\":16,\"repness\":2.018518518518519,\"n-trials\":16,\"n-success\":16,\"p-success\":0.9444444444444444,\"best-agree\":true,\"repful-for\":\"agree\",\"repness-test\":4.0611644},{\"tid\":3,\"p-test\":3.6380343755449944,\"repness\":2.306878306878307,\"n-trials\":16,\"n-success\":15,\"p-success\":0.888888888888889,\"repful-for\":\"agree\",\"repness-test\":4.244292},{\"tid\":1,\"p-test\":4,\"repness\":1.935627081021088,\"n-trials\":15,\"n-success\":15,\"p-success\":0.9411764705882353,\"repful-for\":\"agree\",\"repness-test\":3.8266237},{\"tid\":5,\"p-test\":1.6977493752543311,\"repness\":10.38095238095238,\"n-trials\":16,\"n-success\":11,\"p-success\":0.6666666666666667,\"repful-for\":\"disagree\",\"repness-test\":6.843297}]},\"consensus\":{\"agree\":[{\"tid\":7,\"p-test\":8.074944235686635,\"n-trials\":126,\"n-success\":108,\"p-success\":0.8515625},{\"tid\":6,\"p-test\":6.5924439671731365,\"n-trials\":125,\"n-success\":99,\"p-success\":0.7874015748031497},{\"tid\":4,\"p-test\":6.552780424957784,\"n-trials\":130,\"n-success\":102,\"p-success\":0.7803030303030303},{\"tid\":5,\"p-test\":5.303300858899107,\"n-trials\":127,\"n-success\":93,\"p-success\":0.7286821705426357}],\"disagree\":[]},\"meta-tids\":[],\"votes-base\":{\"0\":{\"A\":[0,0,0,1,0,0,1,0,1,0,0,0,1,2,0,0,0,0,0,0,1,0,0,0,1,0,0,0,0,0,0,0,0,0,0,0,0,1,0,1,2,1,1,0,1,0,1,0,0,0,1,9,17,1,0,0,0,1,0,0,4,0,1,0,0,3,1,0,1,0,0],\"D\":[0,1,1,0,0,0,0,2,0,1,1,0,0,0,0,0,1,0,1,0,0,0,0,1,0,1,1,1,1,0,1,1,1,1,0,1,1,0,0,0,0,0,0,0,0,0,0,11,0,0,0,0,0,0,0,1,0,0,0,0,0,0,0,0,3,0,0,1,0,1,1],\"S\":[1,1,1,1,1,1,1,2,1,1,1,1,1,2,1,1,1,2,1,1,1,1,1,1,1,1,1,1,1,1,1,1,1,1,1,1,1,1,3,1,2,1,1,1,1,3,1,11,1,1,1,9,17,1,3,1,1,1,2,1,4,2,1,1,3,3,1,1,1,1,1]},\"1\":{\"A\":[1,0,1,1,0,0,1,0,1,0,0,1,1,2,0,0,0,0,0,1,1,1,0,1,0,1,0,1,0,0,0,0,0,0,0,1,0,1,0,0,2,1,1,0,0,3,1,0,1,1,1,9,17,0,0,0,1,1,2,1,0,2,0,0,0,3,0,1,1,0,1],\"D\":[0,0,0,0,0,0,0,2,0,0,1,0,0,0,0,0,1,0,1,0,0,0,0,0,0,0,1,0,1,1,0,0,1,0,0,0,1,0,0,0,0,0,0,0,0,0,0,11,0,0,0,0,0,1,0,1,0,0,0,0,0,0,1,0,0,0,0,0,0,1,0],\"S\":[1,1,1,1,1,1,1,2,1,1,1,1,1,2,1,1,1,2,1,1,1,1,1,1,0,1,1,1,1,1,1,1,1,1,1,1,1,1,3,1,2,1,1,1,0,3,1,11,1,1,1,9,17,1,3,1,1,1,2,1,4,2,1,1,3,3,1,1,1,1,1]},\"2\":{\"A\":[1,0,1,1,0,0,1,0,1,0,0,0,1,2,0,0,0,0,0,1,1,1,0,0,1,1,0,1,0,0,0,0,0,0,0,0,0,1,0,0,2,1,1,0,1,3,1,0,1,1,0,9,17,0,0,1,0,1,2,1,4,2,1,0,0,0,0,1,1,0,0],\"D\":[0,0,0,0,0,0,0,2,0,1,0,0,0,0,0,1,1,0,1,0,0,0,0,1,0,0,1,0,1,1,1,1,1,0,0,0,1,0,0,0,0,0,0,1,0,0,0,11,0,0,0,0,0,0,0,0,0,0,0,0,0,0,0,1,0,0,1,0,0,1,1],\"S\":[1,1,1,1,1,1,1,2,1,1,1,1,1,2,1,1,1,2,1,1,1,1,1,1,1,1,1,1,1,1,1,1,1,1,1,1,1,1,3,1,2,1,1,1,1,3,1,11,1,1,1,9,17,1,3,1,