{
  "user": {},
  "ptpt": null,
  "nextComment": {
    "txt": "企業・団体献金は禁止する",
    "tid": 2,
    "created": "1728976364449",
    "tweet_id": null,
    "quote_src_url": null,
    "is_seed": true,
    "is_meta": false,
    "lang": null,
    "pid": 0,
    "randomN": 1.6664563589766634,
    "remaining": 8,
    "total": 8,
    "translations": []
  },
  "conversation": {
    "topic": "政治資金規制改革",
    "description": "",
    "link_url": null,
    "parent_url": null,
    "upvotes": 1,
    "participant_count": 91,
    "is_anon": false,
    "is_active": true,
    "is_draft": true,
    "is_public": true,
    "is_data_open": false,
    "profanity_filter": true,
    "spam_filter": true,
    "strict_moderation": false,
    "prioritize_seed": false,
    "vis_type": 1,
    "write_type": 1,
    "help_type": 1,
    "write_hint_type": 1,
    "style_btn": null,
    "socialbtn_type": 0,
    "subscribe_type": 1,
    "branding_type": 1,
    "bgcolor": null,
    "help_bgcolor": null,
    "help_color": null,
    "email_domain": null,
    "use_xid_whitelist": false,
    "owner": 72,
    "org_id": 72,
    "context": null,
    "course_id": null,
    "owner_sees_participation_stats": false,
    "auth_needed_to_vote": false,
    "auth_needed_to_write": true,
    "auth_opt_fb": true,
    "auth_opt_tw": true,
    "auth_opt_allow_3rdparty": true,
    "modified": "1729313548083",
    "created": "1728976361971",
    "site_id": "polis_site_id_wlE61IMj5fRdvFgrn7",
    "auth_opt_fb_computed": true,
    "auth_opt_tw_computed": true,
    "translations": [],
    "ownername": "admin",
    "is_mod": false,
    "is_owner": false,
    "conversation_id": "32ffrfvrrf"
  },
  "votes": [],
  "pca": "{\"n\":91,\"pca\":{\"comps\":[[0.49798501517611654,0.44812998481769506,0.5044623080480364,0.5057405059787802,-0.12638676239396993,-0.13352609492672585,0.07799999492174757,0.03237175923404754],[0.237804207215707,0.08993056705030728,0.1528448669672482,-0.24245432434441522,0.45280347463719217,0.6850941624022668,0.3704397698132919,0.2039739648300097]],\"center\":[-0.0588235294117647,-0.28395061728395055,-0.28235294117647053,-0.1176470588235294,-0.6976744186046511,-0.5647058823529411,-0.707317073170732,-0.8452380952380958],\"comment-extremity\":[1.4690553759419378,0.9256898325996897,1.0699321488370641,1.3997078363035482,0.4019949035432646,0.8593576685647117,0.31338633719817127,0.09040353750892385],\"comment-projection\":[[-1.3256605408388435,-0.9075947439418162,-1.0239638518259202,-1.2621619104646276,0.10807406303561473,0.16439701957448102,-0.06457091747319094,-0.014170179816825296],[-0.6330464659460417,-0.18213579260439403,-0.3102464073424901,0.605086224253901,-0.3871949113479316,-0.8434863499049672,-0.3066620174706289,-0.08928608849135591]]},\"tids\":[0,1,2,3,4,5,6,7],\"mod-in\":[0,7,1,4,6,3,2,5],\"n-cmts\":8,\"in-conv\":[0,65,70,62,74,7,59,86,20,72,58,60,27,1,69,24,55,85,39,88,46,4,77,54,48,50,75,21,31,32,40,56,33,13,22,90,36,41,89,43,61,29,6,28,64,51,25,34,17,3,12,2,66,23,47,35,82,76,19,57,11,9,5,83,14,45,16,81,79,38,87,30,73,10,18,52,42,80,37,63,8,49],\"mod-out\":[],\"repness\":{\"0\":[{\"tid\":4,\"p-test\":4.898979485566356,\"n-agree\":23,\"repness\":1.330909090909091,\"n-trials\":23,\"n-success\":23,\"p-success\":0.96,\"best-agree\":true,\"repful-for\":\"agree\",\"repness-test\":2.8117402},{\"tid\":2,\"p-test\":2.8577380332470415,\"repness\":22.8,\"n-trials\":23,\"n-success\":18,\"p-success\":0.76,\"repful-for\":\"disagree\",\"repness-test\":7.1994886},{\"tid\":3,\"p-test\":4.490731195102492,\"repness\":9.2,\"n-trials\":23,\"n-success\":22,\"p-success\":0.92,\"repful-for\":\"disagree\",\"repness-test\":7.4211693},{\"tid\":0,\"p-test\":4.08248290463863,\"repness\":7.668571428571429,\"n-trials\":23,\"n-success\":21,\"p-success\":0.88,\"repful-for\":\"disagree\",\"repness-test\":6.966755},{\"tid\":1,\"p-test\":2.0412414523193143,\"repness\":13.37333333333333,\"n-trials\":23,\"n-success\":16,\"p-success\":0.68,\"repful-for\":\"disagree\",\"repness-test\":6.2997403}],\"1\":[{\"tid\":5,\"p-test\":6.090776713655636,\"n-agree\":39,\"repness\":1.861471861471861,\"n-trials\":40,\"n-success\":39,\"p-success\":0.9523809523809524,\"best-agree\":true,\"repful-for\":\"agree\",\"repness-test\":4.7336545},{\"tid\":2,\"p-test\":3.5919965234379396,\"repness\":2.73015873015873,\"n-trials\":40,\"n-success\":31,\"p-success\":0.7619047619047619,\"repful-for\":\"agree\",\"repness-test\":4.515475},{\"tid\":1,\"p-test\":3.5919965234379396,\"repness\":2.666666666666667,\"n-trials\":40,\"n-success\":31,\"p-success\":0.7619047619047619,\"repful-for\":\"agree\",\"repness-test\":4.4291334},{\"tid\":6,\"p-test\":5.778429189878425,\"repness\":1.535714285714286,\"n-trials\":40,\"n-success\":38,\"p-success\":0.9285714285714286,\"repful-for\":\"agree\",\"repness-test\":3.671348},{\"tid\":0,\"p-test\":1.8516401995451035,\"repness\":3.857142857142857,\"n-trials\":41,\"n-success\":26,\"p-success\":0.627906976744186,\"repful-for\":\"agree\",\"repness-test\":4.4457517}],\"2\":[{\"tid\":3,\"p-test\":3.4412360080584268,\"n-agree\":16,\"repness\":2.511363636363636,\"n-trials\":18,\"n-success\":16,\"p-success\":0.85,\"best-agree\":true,\"repful-for\":\"agree\",\"repness-test\":4.2256002},{\"tid\":5,\"p-test\":1.6059101370939326,\"repness\":21.125,\"n-trials\":18,\"n-success\":12,\"p-success\":0.65,\"repful-for\":\"disagree\",\"repness-test\":6.495202}]},\"consensus\":{\"agree\":[{\"tid\":7,\"p-test\":6.833309421287668,\"n-trials\":84,\"n-success\":73,\"p-success\":0.8604651162790699},{\"tid\":4,\"p-test\":5.682196434640313,\"n-trials\":86,\"n-success\":69,\"p-success\":0.7954545454545455},{\"tid\":6,\"p-test\":5.158920219515446,\"n-trials\":82,\"n-success\":64,\"p-success\":0.7738095238095238},{\"tid\":5,\"p-test\":4.313310928137536,\"n-trials\":85,\"n-success\":62,\"p-success\":0.7241379310344828}],\"disagree\":[]},\"meta-tids\":[],\"votes-base\":{\"0\":{\"A\":[0,0,0,0,1,0,0,1,1,0,0,1,0,5,0,1,0,0,1,1,0,0,0,0,0,1,0,0,1,0,1,0,2,1,0,0,0,0,1,0,1,0,0,10,1,0,0,0,0,1],\"D\":[0,0,1,1,0,0,0,0,0,0,2,0,1,0,0,0,1,0,0,0,0,1,0,1,0,0,1,0,0,0,0,0,0,0,0,0,1,0,0,1,0,3,1,0,0,9,1,1,1,0],\"S\":[2,1,1,1,1,1,1,1,1,1,2,1,1,5,1,1,1,1,1,1,1,1,1,1,2,1,1,1,1,2,1,3,2,1,1,1,1,3,1,1,1,3,1,10,1,9,1,1,1,1]},\"1\":{\"A\":[0,1,0,1,1,0,0,1,1,1,0,1,0,5,1,0,0,1,1,1,0,0,0,0,0,1,0,1,1,2,0,3,0,1,1,0,1,0,0,1,0,0,1,10,1,0,0,1,0,1],\"D\":[0,0,0,0,0,0,0,0,0,0,2,0,0,0,0,0,1,0,0,0,0,1,0,1,0,0,1,0,0,0,1,0,0,0,0,0,0,0,0,0,0,0,0,0,0,9,1,0,1,0],\"S\":[2,1,1,1,1,1,1,1,1,1,2,1,1,5,1,1,1,1,1,1,1,1,1,1,2,1,1,1,1,2,1,3,2,1,1,1,1,3,0,1,0,3,1,10,1,9,1,1,1,1]},\"2\":{\"A\":[0,1,0,1,1,0,0,1,1,0,0,1,0,5,1,0,0,0,1,1,0,1,0,0,0,0,0,1,1,2,1,3,2,0,1,0,0,0,1,1,1,0,1,10,1,0,0,0,0,1],\"D\":[0,0,0,0,0,0,0,0,0,0,2,0,1,0,0,0,0,0,0,0,0,0,1,1,0,0,1,0,0,0,0,0,0,0,0,0,1,0,0,0,0,0,0,0,0,9,1,1,1,0],\"S\":[2,1,1,1,1,1,1,1,1,0,2,1,1,5,1,1,1,1,1,1,1,1,1,1,2,1,1,1,1,2,1,3,2,1,1,1,1,3,1,1,1,3,1,10,1,9,1,1,1,1]},\"3\":{\"A\":[0,1,1,1,1,1,1,1,0,0,0,1,1,0,1,1,0,0,1,1,0,1,0,0,2,1,0,0,1,0,1,0,0,0,1,1,1,0,1,0,1,0,1,10,1,0,0,0,0,1],\"D\":[0,0,0,0,0,0,0,0,1,0,2,0,0,0,0,0,1,0,0,0,1,0,1,1,0,0,1,0,0,0,0,3,0,0,0,0,0,0,0,1,0,3,0,0,0,9,1,1,1,0],\"S\":[2,1,1,1,1,1,1,1,1,0,2,1,1,5,1,1,1,1,1,1,1,1,1,1,2,1,1,1,1,2,1,3,2,1,1,1,1,3,1,1,1,3,1,10,1,9,1,1,1,1]},\"4\":{\"A\":[0,0,0,0,0,0,0,0,1,1,2,0,1,5,1,1,1,0,1,1,1,0,1,1,2,1,1,0,0,2,1,3,2,1,1,0,1,3,1,1,1,3,1,10,0,9,1,1,1,1],\"D\":[0,1,1,1,1,1,0,1,0,0,0,1,0,0,0,0,0,0,0,0,0,1,0,0,0,0,0,0,0,0,0,0,0,0,0,1,0,0,0,0,0,0,0,0,0,0,0,0,0,0],\"S\":[2,1,1,1,1,1,1,1,1,1,2,1,1,5,1,1,1,1,1,1,1,1,1,1,2,1,1,1,1,2,1,3,2,1,1,1,1,3,1,1,1,3,1,10,1,9,1,1,1,1]},\"5\":{\"A\":[0,0,0,0,0,0,0,0,1,1,2,0,1,5,1,1,1,1,0,0,0,1,1,0,2,1,0,1,0,2,1,3,2,1,0,0,0,3,0,1,0,3,0,10,1,9,1,1,1,1],\"D\":[0,1,1,1,1,1,0,1,0,0,0,0,0,0,0,0,0,0,0,1,0,0,0,0,0,0,1,0,1,0,0,0,0,0,1,0,1,0,1,0,0,0,1,0,0,0,0,0,0,0],\"S\":[2,1,1,1,1,1,1,1,1,1,2,1,1,5,1,1,1,1,1,1,1,1,1,1,2,1,1,1,1,2,1,3,2,1,1,1,1,3,1,1,0,3,1,10,1,9,1,1,1,1]},\"6\":{\"A\":[0,1,1,0,0,1,0,0,1,1,0,1,1,5,1,1,1,1,0,1,0,1,0,0,2,1,0,0,0,2,1,3,2,1,0,1,0,3,1,1,0,3,1,10,1,9,0,1,1,1],\"D\":[0,0,0,0,0,0,