{
  "user": {},
  "ptpt": null,
  "nextComment": {
    "txt": "政策活動費は即時廃止する",
    "tid": 3,
    "created": "1728976364847",
    "tweet_id": null,
    "quote_src_url": null,
    "is_seed": true,
    "is_meta": false,
    "lang": null,
    "pid": 0,
    "randomN": 2.29075447539869,
    "remaining": 8,
    "total": 8,
    "translations": []
  },
  "conversation": {
    "topic": "政治資金規制改革",
    "description": "",
    "link_url": null,
    "parent_url": null,
    "upvotes": 1,
    "participant_count": 108,
    "is_anon": false,
    "is_active": true,
    "is_draft": true,
    "is_public": true,
    "is_data_open": false,
    "profanity_filter": true,
    "spam_filter": true,
    "strict_moderation": false,
    "prioritize_seed": false,
    "vis_type": 1,
    "write_type": 1,
    "help_type": 1,
    "write_hint_type": 1,
    "style_btn": null,
    "socialbtn_type": 0,
    "subscribe_type": 1,
    "branding_type": 1,
    "bgcolor": null,
    "help_bgcolor": null,
    "help_color": null,
    "email_domain": null,
    "use_xid_whitelist": false,
    "owner": 72,
    "org_id": 72,
    "context": null,
    "course_id": null,
    "owner_sees_participation_stats": false,
    "auth_needed_to_vote": false,
    "auth_needed_to_write": true,
    "auth_opt_fb": true,
    "auth_opt_tw": true,
    "auth_opt_allow_3rdparty": true,
    "modified": "1729324380692",
    "created": "1728976361971",
    "site_id": "polis_site_id_wlE61IMj5fRdvFgrn7",
    "auth_opt_fb_computed": true,
    "auth_opt_tw_computed": true,
    "translations": [],
    "ownername": "admin",
    "is_mod": false,
    "is_owner": false,
    "conversation_id": "32ffrfvrrf"
  },
  "votes": [],
  "pca": "{\"n\":108,\"pca\":{\"comps\":[[0.5095975804023064,0.4617325334819768,0.5294117030797688,0.45731515482044105,-0.08496977845709264,-0.07961730480444157,0.12732800531102562,0.08904084441597214],[0.20768483864718804,0.03801712392693798,0.11689720641148447,-0.33963734650283167,0.49528010668364725,0.6438416818568651,0.3405216679212745,0.22497493278450567]],\"center\":[-0.04999999999999998,-0.28125,-0.26262626262626265,-0.11111111111111108,-0.6831683168316831,-0.585858585858586,-0.6979166666666669,-0.806122448979592],\"comment-extremity\":[1.4786411985484613,0.941847178940115,1.130741328486312,1.4321667393769217,0.45032226586500357,0.7599205171552706,0.31062326224359116,0.13268024600698303],\"comment-projection\":[[-1.3692916381591655,-0.9386708408687074,-1.1041452196350432,-1.1497623008459013,0.07614442017321675,0.09326122752354316,-0.108791682655046,-0.048827196444616076],[-0.5580503594768303,-0.07728622762359819,-0.24380173482580483,0.8539017630448266,-0.4438380001873156,-0.7541760642146739,-0.2909487598047714,-0.12336917186976819]]},\"tids\":[0,1,2,3,4,5,6,7],\"mod-in\":[0,7,1,4,6,3,2,5],\"n-cmts\":8,\"in-conv\":[0,65,70,62,74,7,59,86,20,72,58,60,27,1,69,101,24,55,85,39,88,46,4,77,106,95,54,92,104,48,50,75,21,31,32,40,56,33,13,22,90,36,41,89,100,43,61,29,93,6,28,64,103,51,25,34,17,3,12,2,66,107,23,47,35,82,76,97,19,57,11,9,5,83,14,45,16,81,79,38,98,87,30,73,96,10,18,105,52,42,80,37,63,94,8,49],\"mod-out\":[],\"repness\":{\"0\":[{\"tid\":4,\"p-test\":4.913538149119955,\"n-agree\":26,\"repness\":1.296146044624746,\"n-trials\":27,\"n-success\":26,\"p-success\":0.9310344827586207,\"best-agree\":true,\"repful-for\":\"agree\",\"repness-test\":2.61556},{\"tid\":2,\"p-test\":3.401680257083045,\"repness\":18.50574712643678,\"n-trials\":27,\"n-success\":22,\"p-success\":0.7931034482758621,\"repful-for\":\"disagree\",\"repness-test\":7.838364},{\"tid\":3,\"p-test\":4.1576092031015,\"repness\":8.620689655172415,\"n-trials\":27,\"n-success\":24,\"p-success\":0.8620689655172414,\"repful-for\":\"disagree\",\"repness-test\":7.512044},{\"tid\":1,\"p-test\":2.267786838055364,\"repness\":15.86206896551724,\"n-trials\":27,\"n-success\":19,\"p-success\":0.6896551724137931,\"repful-for\":\"disagree\",\"repness-test\":6.9924192},{\"tid\":0,\"p-test\":4.1576092031015,\"repness\":6.120689655172414,\"n-trials\":27,\"n-success\":24,\"p-success\":0.8620689655172414,\"repful-for\":\"disagree\",\"repness-test\":7}],\"1\":[{\"tid\":5,\"p-test\":6.350852961085882,\"n-agree\":45,\"repness\":1.805337519623234,\"n-trials\":47,\"n-success\":45,\"p-success\":0.9387755102040816,\"best-agree\":true,\"repful-for\":\"agree\",\"repness-test\":4.815362},{\"tid\":2,\"p-test\":4.0414518843273814,\"repness\":2.982731554160126,\"n-trials\":47,\"n-success\":37,\"p-success\":0.7755102040816327,\"repful-for\":\"agree\",\"repness-test\":5.1906753},{\"tid\":6,\"p-test\":6.350852961085882,\"repness\":1.618578465869106,\"n-trials\":47,\"n-success\":45,\"p-success\":0.9387755102040816,\"repful-for\":\"agree\",\"repness-test\":4.3095555},{\"tid\":1,\"p-test\":3.752776749732566,\"repness\":2.846153846153846,\"n-trials\":47,\"n-success\":36,\"p-success\":0.7551020408163265,\"repful-for\":\"agree\",\"repness-test\":4.903238},{\"tid\":0,\"p-test\":2.1428571428571423,\"repness\":4.571428571428571,\"n-trials\":48,\"n-success\":31,\"p-success\":0.64,\"repful-for\":\"agree\",\"repness-test\":5.159347}],\"2\":[{\"tid\":3,\"p-test\":3.411211461689767,\"n-agree\":18,\"repness\":2.615942028985507,\"n-trials\":21,\"n-success\":18,\"p-success\":0.8260869565217391,\"best-agree\":true,\"repful-for\":\"agree\",\"repness-test\":4.5134144}]},\"consensus\":{\"agree\":[{\"tid\":7,\"p-test\":6.7337533622367225,\"n-trials\":98,\"n-success\":82,\"p-success\":0.83},{\"tid\":4,\"p-test\":5.940885257860044,\"n-trials\":101,\"n-success\":80,\"p-success\":0.7864077669902912},{\"tid\":6,\"p-test\":5.381334675208181,\"n-trials\":96,\"n-success\":74,\"p-success\":0.7653061224489796},{\"tid\":5,\"p-test\":4.6,\"n-trials\":99,\"n-success\":72,\"p-success\":0.7227722772277227}],\"disagree\":[]},\"meta-tids\":[],\"votes-base\":{\"0\":{\"A\":[0,0,0,0,1,0,0,1,1,0,1,0,0,0,1,1,0,0,0,0,0,0,0,1,0,0,0,0,1,0,0,11,0,8,0,0,0,0,0,0,0,0,0,0,1,0,2,0,6,0,1],\"D\":[0,0,1,1,0,0,0,0,0,2,0,1,1,0,0,0,0,1,0,1,0,1,0,0,0,0,0,1,0,0,1,0,1,0,1,1,3,1,0,1,9,1,1,1,0,1,0,1,0,0,0],\"S\":[3,1,1,1,1,1,1,1,1,2,1,1,1,1,1,1,1,1,1,1,2,1,1,1,3,1,1,1,1,3,1,11,1,8,1,1,3,1,1,1,9,1,1,1,1,1,2,1,8,2,2]},\"1\":{\"A\":[0,1,0,1,1,0,0,1,1,0,1,0,0,1,1,1,0,0,0,0,0,0,1,1,3,1,0,1,0,0,1,11,0,8,1,1,0,0,0,1,0,0,0,0,1,0,1,0,3,2,2],\"D\":[0,0,0,0,0,0,0,0,0,2,0,0,1,0,0,0,0,1,0,1,0,1,0,0,0,0,0,0,0,0,0,0,1,0,0,0,0,1,1,0,9,0,0,1,0,1,0,0,1,0,0],\"S\":[3,1,1,1,1,1,1,1,1,2,1,1,1,1,1,1,1,1,1,1,2,1,1,1,3,1,1,1,0,3,1,11,1,8,1,1,3,1,1,1,9,1,1,1,1,1,1,1,8,2,2]},\"2\":{\"A\":[0,1,0,1,1,0,0,1,1,0,1,0,0,0,1,1,0,1,0,0,0,0,1,1,3,1,0,0,1,0,1,11,0,8,1,1,0,0,0,0,0,0,0,0,1,0,2,0,6,1,1],\"D\":[0,0,0,0,0,0,0,0,0,2,0,1,0,0,0,0,0,0,1,1,0,1,0,0,0,0,0,1,0,0,0,0,1,0,0,0,0,1,1,1,9,1,1,1,0,1,0,0,0,0,0],\"S\":[3,1,1,1,1,1,1,1,1,2,1,1,1,1,1,1,1,1,1,1,2,1,1,1,3,1,1,1,1,3,1,11,1,8,1,1,3,1,1,1,9,1,1,1,1,1,2,1,8,1,2]},\"3\":{\"A\":[0,1,1,1,1,1,1,1,0,0,1,1,0,0,1,1,0,1,0,0,2,0,0,1,0,1,1,1,1,0,1,11,0,0,1,0,0,0,0,0,0,0,1,0,1,0,2,1,2,0,2],\"D\":[0,0,0,0,0,0,0,0,1,2,0,0,1,0,0,0,1,0,1,1,0,1,0,0,3,0,0,0,0,0,0,0,1,0,0,1,3,0,0,1,9,1,0,1,0,1,0,0,0,1,0],\"S\":[3,1,1,1,1,1,1,1,1,2,1,1,1,1,1,1,1,1,1,1,2,1,1,1,3,1,1,1,1,3,1,11,1,8,1,1,3,1,1,1,9,1,1,1,1,1,2,1,8,1,2]},\"4\":{\"A\":[0,0,0,0,0,0,0,0,1,2,0,1,1,0,1,1,1,0,1,1,2,1,0,0,3,1,0,1,1,3,1,11,1,8,0,1,3,1,1,1,9,0,0,1,0,1,2,1,8,2,2],\"D\":[0,1,1,1,1,1,0,1,0,0,1,0,0,0,0,0,0,1,0,0,0,0,0,0,0,0,1,0,0,0,0,0,0,0,1,0,0,0,0,0,0,0,1,0,0,0,0,0,0,0,0],\"S\":[3,1,1,1,1,1,1,1,1,2,1,1,1,1,1,1,1,1,1,1,2,1,1,1,3,1,1,1,1,3,1,11,1,8,1,1,3,1,1,1,9,1,1,1,1,1,2,1,8,2,2]},\"5\":{\"A\":[0,0,0,0,0,0,0,0,1,2,0,1,1,1,0,0,0,1,1,0,2,0,1,0,3,0,0,0,0,3,0,11,1,8,1,1,3,0,1,1,9,1,0,1,1,1,1,1,8,1,2],\"D\":[0,1,1,1,1,1,0,1,0,0,0,0,0,0,0,1,0,0,0,0,0,1,0,1,0,1,0,1,1,0,1,0,0,0,0,0,0,0,0,0,0,0,0,0,0,0,0,0,0,0,0],\"S\":[3,1,1,1,1,1,1,1,1,2,1,1,1,1,1,1,1,1,1,1,2,1,1,1,3,1,1,1,1,3,1,11,1,8,1,1,3,1,1,1,9,1,1,1,1,1,1,1,8,2,2]},\"6\":{\"A\":[0,1,1,0,0,1,0,0,1,0,1,1,1,1,0,1,0,1,0,0,2,0,0,0,3,0,1,0,1,3,1,11,0,8,1,1,3,0,1,1,9,0,1,1,1,0,1,1,8,2,2],\"D\":[0,0,0,0,0,0,0,0,0,2,0,0,0,0,0,0,0,0,0,1,0,1,0,