{
  "user": {},
  "ptpt": null,
  "nextComment": {
    "txt": "政策活動費に限らず、すべての政治資金を監査する独立の「第三者機関」を創設する",
    "tid": 6,
    "created": "1728976366089",
    "tweet_id": null,
    "quote_src_url": null,
    "is_seed": true,
    "is_meta": false,
    "lang": null,
    "pid": 0,
    "randomN": 5.436898662450172,
    "remaining": 8,
    "total": 8,
    "translations": []
  },
  "conversation": {
    "topic": "政治資金規制改革",
    "description": "",
    "link_url": null,
    "parent_url": null,
    "upvotes": 1,
    "participant_count": 160,
    "is_anon": false,
    "is_active": true,
    "is_draft": true,
    "is_public": true,
    "is_data_open": false,
    "profanity_filter": true,
    "spam_filter": true,
    "strict_moderation": false,
    "prioritize_seed": false,
    "vis_type": 1,
    "write_type": 1,
    "help_type": 1,
    "write_hint_type": 1,
    "style_btn": null,
    "socialbtn_type": 0,
    "subscribe_type": 1,
    "branding_type": 1,
    "bgcolor": null,
    "help_bgcolor": null,
    "help_color": null,
    "email_domain": null,
    "use_xid_whitelist": false,
    "owner": 72,
    "org_id": 72,
    "context": null,
    "course_id": null,
    "owner_sees_participation_stats": false,
    "auth_needed_to_vote": false,
    "auth_needed_to_write": true,
    "auth_opt_fb": true,
    "auth_opt_tw": true,
    "auth_opt_allow_3rdparty": true,
    "modified": "1729345899473",
    "created": "1728976361971",
    "site_id": "polis_site_id_wlE61IMj5fRdvFgrn7",
    "auth_opt_fb_computed": true,
    "auth_opt_tw_computed": true,
    "translations": [],
    "ownername": "admin",
    "is_mod": false,
    "is_owner": false,
    "conversation_id": "32ffrfvrrf"
  },
  "votes": [],
  "pca": "{\"n\":160,\"pca\":{\"comps\":[[0.5122806283093359,0.4661314189775883,0.546352223795522,0.43848973959645543,-0.05436468051636653,-0.05233696128571856,0.12026000195514155,0.09674145878956275],[0.21036849945287078,0.03817160535295399,0.07491463756904027,-0.3540316396642243,0.5190567767633988,0.6629094459168804,0.291700331401743,0.17140438689708332]],\"center\":[-0.18120805369127518,-0.35172413793103463,-0.26174496644295314,-0.14765100671140943,-0.6953642384105958,-0.6013513513513516,-0.7328767123287667,-0.8299319727891158],\"comment-extremity\":[1.2825248170999,0.8575600721978814,1.1515130684130028,1.3586595960346608,0.44968651366599593,0.7497885615714437,0.23838600796859571,0.09467566397710978],\"comment-projection\":[[-1.186387300672764,-0.8546990511618504,-1.140838385499007,-1.0571141390703591,0.046842786106158864,0.0590124700994036,-0.0908610918529189,-0.046535062266652175],[-0.48719100902985074,-0.06999149499095021,-0.15642929680193543,0.8535019595024965,-0.4472401077306133,-0.7474626515325977,-0.22039090449131246,-0.08244979884357151]]},\"tids\":[0,1,2,3,4,5,6,7],\"mod-in\":[0,7,1,4,6,3,2,5],\"n-cmts\":8,\"in-conv\":[0,121,65,70,62,74,110,130,128,153,7,59,86,154,20,72,58,60,27,1,69,101,24,55,85,39,88,46,149,157,4,77,106,119,95,144,54,92,141,137,104,48,50,116,75,159,21,31,113,32,139,40,129,108,156,56,33,13,22,90,109,143,36,41,118,150,89,100,131,122,43,61,29,151,93,6,111,28,134,64,155,103,51,25,34,146,125,148,17,3,12,152,2,66,142,107,23,47,158,35,127,82,76,97,19,57,11,115,9,145,5,112,83,138,14,45,132,123,140,16,133,81,120,79,38,126,98,124,87,30,73,96,10,18,105,52,114,147,42,80,37,63,94,8,49],\"mod-out\":[],\"repness\":{\"0\":[{\"tid\":1,\"p-test\":5.898906801202689,\"n-agree\":58,\"repness\":3.09047619047619,\"n-trials\":68,\"n-success\":58,\"p-success\":0.8428571428571429,\"best-agree\":true,\"repful-for\":\"agree\",\"repness-test\":6.998576},{\"tid\":0,\"p-test\":4.541868715470694,\"repness\":3.954929577464789,\"n-trials\":69,\"n-success\":53,\"p-success\":0.7605633802816901,\"repful-for\":\"agree\",\"repness-test\":6.996381},{\"tid\":2,\"p-test\":5.417363388859614,\"repness\":3.024489795918367,\"n-trials\":68,\"n-success\":56,\"p-success\":0.8142857142857143,\"repful-for\":\"agree\",\"repness-test\":6.691941},{\"tid\":5,\"p-test\":7.825080450574998,\"repness\":1.736212624584718,\"n-trials\":68,\"n-success\":66,\"p-success\":0.9571428571428571,\"repful-for\":\"agree\",\"repness-test\":5.774302},{\"tid\":6,\"p-test\":7.825080450574998,\"repness\":1.493142857142857,\"n-trials\":68,\"n-success\":66,\"p-success\":0.9571428571428571,\"repful-for\":\"agree\",\"repness-test\":4.8635864}],\"1\":[{\"tid\":5,\"p-test\":5.778429189878425,\"n-agree\":38,\"repness\":1.386317907444668,\"n-trials\":40,\"n-success\":38,\"p-success\":0.9285714285714286,\"best-agree\":true,\"repful-for\":\"agree\",\"repness-test\":3.464926},{\"tid\":4,\"p-test\":5.778429189878425,\"repness\":1.241964285714286,\"n-trials\":40,\"n-success\":38,\"p-success\":0.9285714285714286,\"repful-for\":\"agree\",\"repness-test\":2.7209413},{\"tid\":2,\"p-test\":2.967301475883515,\"repness\":8.412698412698413,\"n-trials\":40,\"n-success\":29,\"p-success\":0.7142857142857143,\"repful-for\":\"disagree\",\"repness-test\":7.928055},{\"tid\":3,\"p-test\":2.6549539521063026,\"repness\":5.227891156462585,\"n-trials\":40,\"n-success\":28,\"p-success\":0.6904761904761905,\"repful-for\":\"disagree\",\"repness-test\":6.8376956},{\"tid\":0,\"p-test\":2.3426064283290917,\"repness\":4.755555555555556,\"n-trials\":40,\"n-success\":27,\"p-success\":0.6666666666666667,\"repful-for\":\"disagree\",\"repness-test\":6.4712}],\"2\":[{\"tid\":4,\"p-test\":-0.6882472016116851,\"repness\":5.733333333333333,\"n-trials\":18,\"n-success\":7,\"p-success\":0.4,\"repful-for\":\"disagree\",\"repness-test\":4.4609747}],\"3\":[{\"tid\":3,\"p-test\":3.900067475799551,\"n-agree\":17,\"repness\":2.504347826086957,\"n-trials\":18,\"n-success\":17,\"p-success\":0.9,\"best-agree\":true,\"repful-for\":\"agree\",\"repness-test\":4.794414},{\"tid\":2,\"p-test\":4.358898943540674,\"repness\":2.061016949152542,\"n-trials\":18,\"n-success\":18,\"p-success\":0.95,\"repful-for\":\"agree\",\"repness-test\":4.3637366},{\"tid\":1,\"p-test\":4.242640687119285,\"repness\":1.955857385398981,\"n-trials\":17,\"n-success\":17,\"p-success\":0.9473684210526316,\"repful-for\":\"agree\",\"repness-test\":4.0862985},{\"tid\":5,\"p-test\":2.0647416048350555,\"repness\":11.2,\"n-trials\":18,\"n-success\":13,\"p-success\":0.7,\"repful-for\":\"disagree\",\"repness-test\":7.657661}]},\"consensus\":{\"agree\":[{\"tid\":7,\"p-test\":9.04194430179465,\"n-trials\":147,\"n-success\":128,\"p-success\":0.8657718120805369},{\"tid\":4,\"p-test\":7.462185372015075,\"n-trials\":151,\"n-success\":121,\"p-success\":0.7973856209150327},{\"tid\":6,\"p-test\":7.34059627969667,\"n-trials\":146,\"n-success\":117,\"p-success\":0.7972972972972973},{\"tid\":5,\"p-test\":5.980393019788993,\"n-trials\":148,\"n-success\":110,\"p-success\":0.74}],\"disagree\":[]},\"meta-tids\":[],\"votes-base\":{\"0\":{\"A\":[0,0,0,1,0,0,1,0,1,0,0,0,1,2,0,0,0,0,0,0,1,0,0,0,1,0,0,0,0,0,0,0,0,0,0,0,0,1,2,1,1,0,1,0,1,0,0,1,9,1,0,0,0,0,0,0,1,0,0,1,1,1,0,0,1,21,0,1,0,0,0,1,3,1,4,4,1,0,0],\"D\":[0,1,1,0,0,0,0,2,0,1,1,0,0,0,0,0,1,0,1,0,0,0,0,1,0,1,1,1,1,0,1,1,1,1,0,1,1,0,0,0,0,0,0,0,0,0,0,0,0,0,0,0,0,0,0,0,0,2,0,0,0,0,1,1,0,0,3,0,1,0,0,0,0,0,0,0,0,13,1],\"S\":[1,1,1,1,1,1,1,2,1,1,1,1,1,2,1,1,1,2,1,1,1,1,1,1,1,1,1,1,1,1,1,1,1,1,1,1,1,1,2,1,1,1,1,3,1,1,1,1,9,1,5,3,1,1,2,1,1,2,1,1,1,1,1,1,1,21,3,1,1,1,3,1,3,1,4,4,1,13,1]},\"1\":{\"A\":[1,0,1,1,0,0,1,0,1,0,0,1,1,2,0,0,0,0,0,1,1,1,0,1,0,1,0,1,0,0,0,0,0,0,0,1,0,1,0,1,1,0,0,3,1,1,1,1,9,0,0,0,1,1,2,0,0,2,0,0,1,0,0,0,1,21,0,1,0,0,3,1,3,1,4,0,0,0,1],\"D\":[0,0,0,0,0,0,0,2,0,0,1,0,0,0,0,0,1,0,1,0,0,0,0,0,0,0,1,0,1,1,0,0,1,0,0,0,1,0,0,0,0,0,0,0,0,0,0,0,0,1,0,0,0,0,0,0,0,0,0,0,0,0,1,0,0,0,0,0,1,0,0,0,0,0,0,0,1,13,0],\"S\":[1,1,1,1,1,1,1,2,1,1,1,1,1,2,1,1,1,2,1,1,1,1,1,1,0,1,1,1,1,1,1,1,1,1,1,1,1,1,2,1,1,1,0,3,1,1,1,1,9,1,5,3,1,1,2,1,1,2,1,1,1,1,1,1,1,21,3,1,1,1,3,1,3,1,4,4,1,13,1]},\"2\":{\"A\":[1,0,1,1,0,0,1,0,1,0,0,0,1,2,0,0,0,0,0,1,1,1,0,0,1,1,0,1,0,0,0,0,0,0,0,0,0,1,0,1,1,0,1,3,1,1,1,0,9,0,0,0,0,1,2,0,0,2,0,0,1,1,1,0,0,21,0,1,0,0,3,1,3,1,0,4,1,0,0],\"D\":[0,0,0,0,0,0,0,2,0,1,0,0,0,0,0,1,1,0,1,0,0,