{
  "user": {},
  "ptpt": null,
  "nextComment": {
    "txt": "企業・団体によるパーティー券購入は禁止する",
    "tid": 1,
    "created": "1728976364072",
    "tweet_id": null,
    "quote_src_url": null,
    "is_seed": true,
    "is_meta": false,
    "lang": null,
    "pid": 0,
    "randomN": 1.0018214112526702,
    "remaining": 8,
    "total": 8,
    "translations": []
  },
  "conversation": {
    "topic": "政治資金規制改革",
    "description": "",
    "link_url": null,
    "parent_url": null,
    "upvotes": 1,
    "participant_count": 153,
    "is_anon": false,
    "is_active": true,
    "is_draft": true,
    "is_public": true,
    "is_data_open": false,
    "profanity_filter": true,
    "spam_filter": true,
    "strict_moderation": false,
    "prioritize_seed": false,
    "vis_type": 1,
    "write_type": 1,
    "help_type": 1,
    "write_hint_type": 1,
    "style_btn": null,
    "socialbtn_type": 0,
    "subscribe_type": 1,
    "branding_type": 1,
    "bgcolor": null,
    "help_bgcolor": null,
    "help_color": null,
    "email_domain": null,
    "use_xid_whitelist": false,
    "owner": 72,
    "org_id": 72,
    "context": null,
    "course_id": null,
    "owner_sees_participation_stats": false,
    "auth_needed_to_vote": false,
    "auth_needed_to_write": true,
    "auth_opt_fb": true,
    "auth_opt_tw": true,
    "auth_opt_allow_3rdparty": true,
    "modified": "1729343072692",
    "created": "1728976361971",
    "site_id": "polis_site_id_wlE61IMj5fRdvFgrn7",
    "auth_opt_fb_computed": true,
    "auth_opt_tw_computed": true,
    "translations": [],
    "ownername": "admin",
    "is_mod": false,
    "is_owner": false,
    "conversation_id": "32ffrfvrrf"
  },
  "votes": [],
  "pca": "{\"n\":153,\"pca\":{\"comps\":[[0.509720653397393,0.46224759320137365,0.5411696633808718,0.44799923813972686,-0.058819942984594094,-0.05624796186850975,0.12781761979126144,0.09991563093908246],[0.20862878577063662,0.03794097320774509,0.091351649595266,-0.3585268888740363,0.5167347688887489,0.6594406290466389,0.2950952077181774,0.17085055497796092]],\"center\":[-0.16901408450704236,-0.34782608695652184,-0.2746478873239437,-0.14084507042253527,-0.6805555555555557,-0.5815602836879435,-0.7266187050359715,-0.8214285714285713],\"comment-extremity\":[1.2945066793459081,0.8555415255905024,1.1259740228525932,1.3943633957848385,0.4698979846283999,0.7832992785661766,0.24866402592886605,0.0999656132742862],\"comment-projection\":[[-1.1980388113329536,-0.8526741071474399,-1.1102667067930347,-1.088663732651013,0.053145308484916054,0.06657093902535004,-0.09883357746653067,-0.05046501441682691],[-0.49035757301289157,-0.06998692027829652,-0.18741755500966653,0.871240814422161,-0.4668829533661248,-0.7804652906309004,-0.2281791439994441,-0.08629256142457238]]},\"tids\":[0,1,2,3,4,5,6,7],\"mod-in\":[0,7,1,4,6,3,2,5],\"n-cmts\":8,\"in-conv\":[0,121,65,70,62,74,110,130,128,7,59,86,20,72,58,60,27,1,69,101,24,55,85,39,88,46,149,4,77,106,119,95,144,54,92,141,137,104,48,50,116,75,21,31,113,32,139,40,129,108,56,33,13,22,90,109,143,36,41,118,150,89,100,131,122,43,61,29,151,93,6,111,28,134,64,103,51,25,34,146,125,148,17,3,12,152,2,66,142,107,23,47,35,127,82,76,97,19,57,11,115,9,145,5,112,83,138,14,45,132,123,140,16,133,81,120,79,38,126,98,124,87,30,73,96,10,18,105,52,114,147,42,80,37,63,94,8,49],\"mod-out\":[],\"repness\":{\"0\":[{\"tid\":1,\"p-test\":5.75,\"n-agree\":54,\"repness\":3.021978021978022,\"n-trials\":63,\"n-success\":54,\"p-success\":0.8461538461538461,\"best-agree\":true,\"repful-for\":\"agree\",\"repness-test\":6.778864},{\"tid\":2,\"p-test\":5.5,\"repness\":3.006593406593407,\"n-trials\":63,\"n-success\":53,\"p-success\":0.8307692307692308,\"repful-for\":\"agree\",\"repness-test\":6.6465144},{\"tid\":0,\"p-test\":4.341215710622294,\"repness\":3.838383838383838,\"n-trials\":64,\"n-success\":49,\"p-success\":0.7575757575757576,\"repful-for\":\"agree\",\"repness-test\":6.7352295},{\"tid\":5,\"p-test\":7.5,\"repness\":1.768105065666041,\"n-trials\":63,\"n-success\":61,\"p-success\":0.9538461538461538,\"repful-for\":\"agree\",\"repness-test\":5.6618237},{\"tid\":6,\"p-test\":7.75,\"repness\":1.534615384615385,\"n-trials\":63,\"n-success\":62,\"p-success\":0.9692307692307692,\"repful-for\":\"agree\",\"repness-test\":5.0456734}],\"1\":[{\"tid\":4,\"p-test\":5.778429189878425,\"n-agree\":38,\"repness\":1.272015655577299,\"n-trials\":40,\"n-success\":38,\"p-success\":0.9285714285714286,\"best-agree\":true,\"repful-for\":\"agree\",\"repness-test\":2.8786323},{\"tid\":5,\"p-test\":5.153734142324001,\"repness\":1.321428571428571,\"n-trials\":40,\"n-success\":36,\"p-success\":0.880952380952381,\"repful-for\":\"agree\",\"repness-test\":2.810091},{\"tid\":2,\"p-test\":2.967301475883515,\"repness\":11.78571428571429,\"n-trials\":40,\"n-success\":29,\"p-success\":0.7142857142857143,\"repful-for\":\"disagree\",\"repness-test\":8.22868},{\"tid\":3,\"p-test\":2.967301475883515,\"repness\":5.43956043956044,\"n-trials\":40,\"n-success\":29,\"p-success\":0.7142857142857143,\"repful-for\":\"disagree\",\"repness-test\":6.9680085},{\"tid\":0,\"p-test\":2.6549539521063026,\"repness\":5.311355311355311,\"n-trials\":40,\"n-success\":28,\"p-success\":0.6904761904761905,\"repful-for\":\"disagree\",\"repness-test\":6.768015}],\"2\":[{\"tid\":7,\"p-test\":-2.667891875399663,\"n-agree\":9,\"repness\":4.133333333333333,\"n-trials\":16,\"n-success\":2,\"p-success\":0.1666666666666667,\"best-agree\":true,\"repful-for\":\"disagree\",\"repness-test\":2.2613792}],\"3\":[{\"tid\":3,\"p-test\":3.900067475799551,\"n-agree\":17,\"repness\":2.475,\"n-trials\":18,\"n-success\":17,\"p-success\":0.9,\"best-agree\":true,\"repful-for\":\"agree\",\"repness-test\":4.731368},{\"tid\":2,\"p-test\":4.358898943540674,\"repness\":2.052678571428571,\"n-trials\":18,\"n-success\":18,\"p-success\":0.95,\"repful-for\":\"agree\",\"repness-test\":4.333641},{\"tid\":1,\"p-test\":4.242640687119285,\"repness\":1.976406533575318,\"n-trials\":17,\"n-success\":17,\"p-success\":0.9473684210526316,\"repful-for\":\"agree\",\"repness-test\":4.10936},{\"tid\":5,\"p-test\":2.0647416048350555,\"repness\":10.5875,\"n-trials\":18,\"n-success\":13,\"p-success\":0.7,\"repful-for\":\"disagree\",\"repness-test\":7.436337}]},\"consensus\":{\"agree\":[{\"tid\":7,\"p-test\":8.674164786985145,\"n-trials\":140,\"n-success\":121,\"p-success\":0.8591549295774648},{\"tid\":6,\"p-test\":7.09929573971954,\"n-trials\":139,\"n-success\":111,\"p-success\":0.7943262411347518},{\"tid\":4,\"p-test\":7.058865787567898,\"n-trials\":144,\"n-success\":114,\"p-success\":0.7876712328767123},{\"tid\":5,\"p-test\":5.538596964758148,\"n-trials\":141,\"n-success\":103,\"p-success\":0.7272727272727273}],\"disagree\":[]},\"meta-tids\":[],\"votes-base\":{\"0\":{\"A\":[0,0,0,1,0,0,1,0,1,0,0,0,1,2,0,0,0,0,0,0,1,0,0,0,1,0,0,0,0,0,0,0,0,0,0,0,0,1,1,3,1,1,0,1,0,1,0,0,1,9,1,0,0,0,1,0,0,4,0,1,0,4,1,0,0,1,1,0,0,1,0,0,0,20,0,1],\"D\":[0,1,1,0,0,0,0,2,0,1,1,0,0,0,0,0,1,0,1,0,0,0,0,1,0,1,1,1,1,0,1,1,1,1,0,1,1,0,0,0,0,0,0,0,0,0,0,0,0,0,0,0,0,0,0,0,0,0,0,0,0,0,0,2,0,0,0,3,1,0,12,1,1,0,1,0],\"S\":[1,1,1,1,1,1,1,2,1,1,1,1,1,2,1,1,1,2,1,1,1,1,1,1,1,1,1,1,1,1,1,1,1,1,1,1,1,1,1,3,1,1,1,1,3,1,1,1,1,9,1,5,3,1,1,2,1,4,2,1,1,4,1,2,1,1,1,3,1,1,12,1,1,20,1,1]},\"1\":{\"A\":[1,0,1,1,0,0,1,0,1,0,0,1,1,2,0,0,0,0,0,1,1,1,0,1,0,1,0,1,0,0,0,0,0,0,0,1,0,1,0,3,1,1,0,0,3,1,1,1,1,9,0,0,0,1,1,2,1,0,2,0,0,4,0,2,0,0,1,0,1,0,0,0,0,20,0,1],\"D\":[0,0,0,0,0,0,0,2,0,0,1,0,0,0,0,0,1,0,1,0,0,0,0,0,0,0,1,0,1,1,0,0,1,0,0,0,1,0,0,0,0,0,0,0,0,0,0,0,0,0,1,0,0,0,0,0,0,0,0,1,0,0,0,0,0,0,0,0,0,0,12,1,0,0,1,0],\"S\":[1,1,1,1,1,1,1,2,1,1,1,1,1,2,1,1,1,2,1,1,1,1,1,1,0,1,1,1,1,1,1,1,1,1,1,1,1,1,1,3,1,1,1,0,3,1,1,1,1,9,1,5,3,1,1,2,1,4,2,1,1,4,1,2,1,1,1,3,1,1,12,1,1,20,1,1]},\"2\":{\"A\":[1,0,1,1,0,0,1,0,1,0,0,0,1,2,0,0,0,0,0,1,1,1,0,0,1,1,0,1,0,0,0,0,0,0,0,0,0,1,0,3,1,1,0,1,3,1,1,1,0,9,0,0,0,0,1,2,1,4,2,1,0,0,0,2,0,0,1,0,0,1,0,1,0,20,0,1],\"D\":[0,0,0,0,0,0,0,2,0,1,0,0,0,0,0,1,1,0,1,0,0,0,0,1,0,0,1,0,1,1,1,1,1,0,0,0,1,0,0,0,0,0,1,0,0,0,0,0,0,0,0,0,0,0,0,0,0,0,0,0,1,0,1,0,