{
  "user": {},
  "ptpt": null,
  "nextComment": {
    "txt": "政策活動費は即時廃止する",
    "tid": 3,
    "created": "1728976364847",
    "tweet_id": null,
    "quote_src_url": null,
    "is_seed": true,
    "is_meta": false,
    "lang": null,
    "pid": 0,
    "randomN": 1.596672106544379,
    "remaining": 8,
    "total": 8,
    "translations": []
  },
  "conversation": {
    "topic": "政治資金規制改革",
    "description": "",
    "link_url": null,
    "parent_url": null,
    "upvotes": 1,
    "participant_count": 46,
    "is_anon": false,
    "is_active": true,
    "is_draft": true,
    "is_public": true,
    "is_data_open": false,
    "profanity_filter": true,
    "spam_filter": true,
    "strict_moderation": false,
    "prioritize_seed": false,
    "vis_type": 1,
    "write_type": 1,
    "help_type": 1,
    "write_hint_type": 1,
    "style_btn": null,
    "socialbtn_type": 0,
    "subscribe_type": 1,
    "branding_type": 1,
    "bgcolor": null,
    "help_bgcolor": null,
    "help_color": null,
    "email_domain": null,
    "use_xid_whitelist": false,
    "owner": 72,
    "org_id": 72,
    "context": null,
    "course_id": null,
    "owner_sees_participation_stats": false,
    "auth_needed_to_vote": false,
    "auth_needed_to_write": true,
    "auth_opt_fb": true,
    "auth_opt_tw": true,
    "auth_opt_allow_3rdparty": true,
    "modified": "1729283160481",
    "created": "1728976361971",
    "site_id": "polis_site_id_wlE61IMj5fRdvFgrn7",
    "auth_opt_fb_computed": true,
    "auth_opt_tw_computed": true,
    "translations": [],
    "ownername": "admin",
    "is_mod": false,
    "is_owner": false,
    "conversation_id": "32ffrfvrrf"
  },
  "votes": [],
  "pca": "{\"n\":46,\"pca\":{\"comps\":[[0.4409757883836265,0.44590344724894476,0.47166362960233865,0.5037388480563675,-0.26850544081141164,-0.23829363006531068,0.030529750037069155,-0.02607626790356882],[0.3301694948112186,0.2049468248094098,0.21331265993775186,-0.0729359851088883,0.5859003802066461,0.6238458815830615,0.24138827420243653,0.08620740377863362]],\"center\":[0.06818181818181819,-0.21428571428571425,-0.13953488372093026,-0.06976744186046513,-0.558139534883721,-0.5681818181818181,-0.7380952380952381,-0.8636363636363638],\"comment-extremity\":[1.6643672445799316,1.090605585703764,1.2598546252625722,1.3392053469719631,0.8054711999530025,0.8156381704001693,0.18023975103637177,0.03473755057958293],\"comment-projection\":[[-1.3323088731219885,-0.9909471040988731,-1.1479174311109142,-1.3253847643079344,0.3355700782959455,0.2910437993565505,-0.02261578343529146,0.010057475925082155],[-0.997532651811965,-0.4554606244740673,-0.5191524324774139,0.1919015057228501,-0.7322407913426996,-0.761944310215543,-0.17881525156781586,-0.03324973080019559]]},\"tids\":[0,1,2,3,4,5,6,7],\"mod-in\":[0,7,1,4,6,3,2,5],\"n-cmts\":8,\"in-conv\":[0,7,20,27,1,24,39,4,21,31,32,40,33,13,22,36,41,43,29,6,28,25,34,17,3,12,2,23,35,19,11,9,5,14,45,16,38,30,10,18,42,37,8],\"mod-out\":[],\"repness\":{\"0\":[{\"tid\":4,\"p-test\":4.242640687119285,\"n-agree\":17,\"repness\":1.768421052631579,\"n-trials\":17,\"n-success\":17,\"p-success\":0.9473684210526316,\"best-agree\":true,\"repful-for\":\"agree\",\"repness-test\":3.3028913},{\"tid\":5,\"p-test\":4.242640687119285,\"repness\":1.598684210526316,\"n-trials\":17,\"n-success\":17,\"p-success\":0.9473684210526316,\"repful-for\":\"agree\",\"repness-test\":2.993205},{\"tid\":3,\"p-test\":2.8284271247461894,\"repness\":10.65789473684211,\"n-trials\":17,\"n-success\":14,\"p-success\":0.7894736842105263,\"repful-for\":\"disagree\",\"repness-test\":5.06641},{\"tid\":0,\"p-test\":2.8284271247461894,\"repness\":7.368421052631579,\"n-trials\":17,\"n-success\":14,\"p-success\":0.7894736842105263,\"repful-for\":\"disagree\",\"repness-test\":4.844814},{\"tid\":2,\"p-test\":1.4142135623730956,\"repness\":17.05263157894737,\"n-trials\":17,\"n-success\":11,\"p-success\":0.6315789473684211,\"repful-for\":\"disagree\",\"repness-test\":4.490536}],\"1\":[{\"tid\":1,\"p-test\":3,\"n-agree\":13,\"repness\":3.411764705882353,\"n-trials\":15,\"n-success\":13,\"p-success\":0.823529411764706,\"best-agree\":true,\"repful-for\":\"agree\",\"repness-test\":3.992747},{\"tid\":2,\"p-test\":2.5,\"repness\":3.168067226890756,\"n-trials\":15,\"n-success\":12,\"p-success\":0.7647058823529412,\"repful-for\":\"agree\",\"repness-test\":3.6046844},{\"tid\":0,\"p-test\":1.6977493752543311,\"repness\":4.833333333333333,\"n-trials\":16,\"n-success\":11,\"p-success\":0.6666666666666667,\"repful-for\":\"agree\",\"repness-test\":3.8254151},{\"tid\":5,\"p-test\":4,\"repness\":1.516339869281046,\"n-trials\":15,\"n-success\":15,\"p-success\":0.9411764705882353,\"repful-for\":\"agree\",\"repness-test\":2.7193673},{\"tid\":6,\"p-test\":4,\"repness\":1.436532507739938,\"n-trials\":15,\"n-success\":15,\"p-success\":0.9411764705882353,\"repful-for\":\"agree\",\"repness-test\":2.5426967}],\"2\":[{\"tid\":3,\"p-test\":2.1105794120443457,\"n-agree\":8,\"repness\":2.125,\"n-trials\":10,\"n-success\":8,\"p-success\":0.75,\"best-agree\":true,\"repful-for\":\"agree\",\"repness-test\":2.6138666},{\"tid\":4,\"p-test\":1.5075567228888183,\"repness\":23.33333333333333,\"n-trials\":10,\"n-success\":7,\"p-success\":0.6666666666666667,\"repful-for\":\"disagree\",\"repness-test\":5.029658}]},\"consensus\":{\"agree\":[{\"tid\":7,\"p-test\":4.919349550499538,\"n-trials\":44,\"n-success\":38,\"p-success\":0.8478260869565217},{\"tid\":6,\"p-test\":3.8124642583151176,\"n-trials\":42,\"n-success\":33,\"p-success\":0.7727272727272727},{\"tid\":5,\"p-test\":3.130495168499705,\"n-trials\":44,\"n-success\":32,\"p-success\":0.717391304347826},{\"tid\":4,\"p-test\":3.0151134457776365,\"n-trials\":43,\"n-success\":31,\"p-success\":0.7111111111111111}],\"disagree\":[]},\"meta-tids\":[],\"votes-base\":{\"0\":{\"A\":[0,0,0,0,1,0,0,1,4,1,0,1,0,0,1,0,0,2,0,0,1,1,0,1,0,0,0,0,0,0],\"D\":[0,0,1,1,0,0,0,0,0,0,0,0,2,1,0,2,1,0,0,0,0,0,0,0,1,1,6,0,0,0],\"S\":[2,1,1,1,1,1,1,1,4,1,1,1,2,1,1,2,1,2,1,1,1,1,1,1,1,1,6,2,1,1]},\"1\":{\"A\":[0,1,0,1,1,0,0,1,4,1,1,0,0,1,1,0,0,2,1,0,1,1,0,0,0,0,0,0,1,1],\"D\":[0,0,0,0,0,0,0,0,0,0,0,0,2,0,0,0,0,0,0,0,0,0,0,0,1,1,6,0,0,0],\"S\":[2,1,1,1,1,1,1,1,4,1,1,0,2,1,1,2,1,2,1,1,1,1,1,1,1,1,6,2,1,1]},\"2\":{\"A\":[0,1,0,1,1,0,0,1,4,1,0,1,0,1,1,0,0,2,1,0,1,1,0,0,0,0,0,0,1,0],\"D\":[0,0,0,0,0,0,0,0,0,0,0,0,2,0,0,0,1,0,0,0,0,0,1,0,0,1,6,0,0,0],\"S\":[2,1,1,1,1,1,1,1,4,1,0,1,2,1,1,2,1,2,1,1,1,1,1,1,1,1,6,2,1,1]},\"3\":{\"A\":[0,1,1,1,1,1,1,1,4,0,0,1,0,0,1,0,1,0,1,1,1,1,0,1,0,0,0,0,0,0],\"D\":[0,0,0,0,0,0,0,0,0,1,0,0,2,1,0,2,0,0,0,0,0,0,1,0,1,1,6,0,0,0],\"S\":[2,1,1,1,1,1,1,1,4,1,0,1,2,1,1,2,1,2,1,1,1,1,1,1,1,1,6,2,1,1]},\"4\":{\"A\":[0,0,0,0,0,0,0,0,4,1,1,1,2,1,0,2,1,2,1,1,1,0,1,1,1,1,6,2,1,0],\"D\":[0,1,1,1,1,1,0,1,0,0,0,0,0,0,1,0,0,0,0,0,0,0,0,0,0,0,0,0,0,0],\"S\":[2,1,1,1,1,1,1,1,4,1,1,1,2,1,1,2,1,2,1,1,1,1,1,1,1,1,6,2,1,1]},\"5\":{\"A\":[0,0,0,0,0,0,0,0,4,1,1,0,2,1,0,2,1,2,1,1,1,1,1,1,1,1,6,2,1,1],\"D\":[0,1,1,1,1,1,0,1,0,0,0,0,0,0,0,0,0,0,0,0,0,0,0,0,0,0,0,0,0,0],\"S\":[2,1,1,1,1,1,1,1,4,1,1,0,2,1,1,2,1,2,1,1,1,1,1,1,1,1,6,2,1,1]},\"6\":{\"A\":[0,1,1,0,0,1,0,0,4,1,1,0,0,1,1,2,1,2,1,1,1,1,0,1,1,1,6,2,1,1],\"D\":[0,0,0,0,0,0,0,0,0,0,0,0,2,0,0,0,0,0,0,0,0,0,0,0,0,0,0,0,0,0],\"S\":[2,1,1,1,1,1,1,1,4,1,1,0,2,1,1,2,1,2,1,1,1,1,1,1,1,1,6,2,1,1]},\"7\":{\"A\":[0,1,1,1,0,1,0,1,4,1,1,1,2,1,1,2,1,2,1,1,0,1,1,1,1,0,6,2,1,1],\"D\":[0,0,0,0,0,0,0,0,0,0,0,0,0,0,0,0,0,0,0,0,0,0,0,0,0,0,0,0,0,0],\"S\":[2,1,1,1,1,1,1,1,4,1,1,1,2,1,1,2,1,2,1,1,1,1,1,1,1,1,6,2,1,1]}},\"group-votes\":{\"0\":{\"votes\":{\"0\":{\"A\":0,\"D\":14,\"S\":17},\"1\":{\"A\":1,\"D\":10,\"S\":17},\"2\":{\"A\":1,\"D\":11,\"S\":17},\"3\":{\"A\":1,\"D\":14,\"S\":17},\"4\":{\"A\":17,\"D\":0,\"S\":17},\"5\":{\"A\":17,\"D\":0,\"S\":17},\"6\":{\"A\":14,\"D\":2,\"S\":17},\"7\":{\"A\":16,\"D\":0,\"S\":17}},\"n-members\":17,\"id\":0},\"1\":{\"votes\":{\"0\":{\"A\":11,\"D\":0,\"S\":16},\"1\":{\"A\":13,\"D\":0,\"S\":15},\"2\":{\"A\":12,\"D\":0,\"S\":15},\"3\":{\"A\":10,\"D\":1,\"S\":15},\"4\":{\"A\":14,\"D\":0,