{
  "user": {},
  "ptpt": null,
  "nextComment": {
    "txt": "調査研究広報滞在費の使途は公開し、未使用分は返還義務を課す",
    "tid": 7,
    "created": "1728976367028",
    "tweet_id": null,
    "quote_src_url": null,
    "is_seed": true,
    "is_meta": false,
    "lang": null,
    "pid": 0,
    "randomN": 5.479369332450009,
    "remaining": 8,
    "total": 8,
    "translations": []
  },
  "conversation": {
    "topic": "政治資金規制改革",
    "description": "",
    "link_url": null,
    "parent_url": null,
    "upvotes": 1,
    "participant_count": 65,
    "is_anon": false,
    "is_active": true,
    "is_draft": true,
    "is_public": true,
    "is_data_open": false,
    "profanity_filter": true,
    "spam_filter": true,
    "strict_moderation": false,
    "prioritize_seed": false,
    "vis_type": 1,
    "write_type": 1,
    "help_type": 1,
    "write_hint_type": 1,
    "style_btn": null,
    "socialbtn_type": 0,
    "subscribe_type": 1,
    "branding_type": 1,
    "bgcolor": null,
    "help_bgcolor": null,
    "help_color": null,
    "email_domain": null,
    "use_xid_whitelist": false,
    "owner": 72,
    "org_id": 72,
    "context": null,
    "course_id": null,
    "owner_sees_participation_stats": false,
    "auth_needed_to_vote": false,
    "auth_needed_to_write": true,
    "auth_opt_fb": true,
    "auth_opt_tw": true,
    "auth_opt_allow_3rdparty": true,
    "modified": "1729297426273",
    "created": "1728976361971",
    "site_id": "polis_site_id_wlE61IMj5fRdvFgrn7",
    "auth_opt_fb_computed": true,
    "auth_opt_tw_computed": true,
    "translations": [],
    "ownername": "admin",
    "is_mod": false,
    "is_owner": false,
    "conversation_id": "32ffrfvrrf"
  },
  "votes": [],
  "pca": "{\"n\":65,\"pca\":{\"comps\":[[0.48028621208754446,0.4378137766848214,0.4848823138854563,0.5239387341065471,-0.1927582502620043,-0.163153471478928,0.06502001310440089,0.004381278773958307],[0.20854292907746838,0.15298274069161166,0.11453039782110086,-0.07372921560964377,0.519649411287248,0.6749080922178416,0.3906825671037095,0.19074487330396442]],\"center\":[0.01639344262295081,-0.23728813559322032,-0.19999999999999996,-0.13114754098360656,-0.6166666666666667,-0.5483870967741935,-0.6666666666666666,-0.8548387096774193],\"comment-extremity\":[1.505264616219449,1.0004840650401172,1.1273543010789226,1.30025805577777,0.6009329287861754,0.8869290993983279,0.3734053148974134,0.07833633011496474],\"comment-projection\":[[-1.3807242966298487,-0.9444846825479899,-1.0971634311226568,-1.2875720318748098,0.20899435436453914,0.2084047696511308,-0.06130145623861341,-0.0017988572504523508],[-0.5995181244452036,-0.3300258305518224,-0.25915270704413895,0.18118850501276332,-0.5634196879265758,-0.862096676334034,-0.3683390566538686,-0.07831567358117547]]},\"tids\":[0,1,2,3,4,5,6,7],\"mod-in\":[0,7,1,4,6,3,2,5],\"n-cmts\":8,\"in-conv\":[0,62,7,59,20,58,60,27,1,24,55,39,46,4,54,48,50,21,31,32,40,56,33,13,22,36,41,43,61,29,6,28,51,25,34,17,3,12,2,23,47,35,19,57,11,9,5,14,45,16,38,30,10,18,52,42,37,63,8,49],\"mod-out\":[],\"repness\":{\"0\":[{\"tid\":4,\"p-test\":4.898979485566356,\"n-agree\":23,\"repness\":1.627826086956522,\"n-trials\":23,\"n-success\":23,\"p-success\":0.96,\"best-agree\":true,\"repful-for\":\"agree\",\"repness-test\":3.535138},{\"tid\":5,\"p-test\":3.674234614174767,\"repness\":1.33,\"n-trials\":23,\"n-success\":20,\"p-success\":0.84,\"repful-for\":\"agree\",\"repness-test\":1.9633071},{\"tid\":3,\"p-test\":3.2659863237109032,\"repness\":15.2,\"n-trials\":23,\"n-success\":19,\"p-success\":0.8,\"repful-for\":\"disagree\",\"repness-test\":6.1918564},{\"tid\":0,\"p-test\":2.8577380332470415,\"repness\":7.41,\"n-trials\":23,\"n-success\":18,\"p-success\":0.76,\"repful-for\":\"disagree\",\"repness-test\":5.4497495}],\"1\":[{\"tid\":1,\"p-test\":3.3999999999999995,\"n-agree\":20,\"repness\":3.320512820512821,\"n-trials\":24,\"n-success\":20,\"p-success\":0.8076923076923077,\"best-agree\":true,\"repful-for\":\"agree\",\"repness-test\":4.533115},{\"tid\":2,\"p-test\":3.0000000000000004,\"repness\":3.162393162393162,\"n-trials\":24,\"n-success\":19,\"p-success\":0.7692307692307692,\"repful-for\":\"agree\",\"repness-test\":4.230336},{\"tid\":0,\"p-test\":1.96116135138184,\"repness\":4.933333333333333,\"n-trials\":25,\"n-success\":17,\"p-success\":0.6666666666666667,\"repful-for\":\"agree\",\"repness-test\":4.451347},{\"tid\":5,\"p-test\":4.2,\"repness\":1.487762237762238,\"n-trials\":24,\"n-success\":22,\"p-success\":0.8846153846153846,\"repful-for\":\"agree\",\"repness-test\":2.6972563},{\"tid\":6,\"p-test\":4.2,\"repness\":1.423076923076923,\"n-trials\":24,\"n-success\":22,\"p-success\":0.8846153846153846,\"repful-for\":\"agree\",\"repness-test\":2.5074925}],\"2\":[{\"tid\":3,\"p-test\":2.496150883013531,\"n-agree\":10,\"repness\":2.026315789473684,\"n-trials\":12,\"n-success\":10,\"p-success\":0.7857142857142857,\"best-agree\":true,\"repful-for\":\"agree\",\"repness-test\":2.8809617},{\"tid\":4,\"p-test\":1.3867504905630725,\"repness\":32.14285714285714,\"n-trials\":12,\"n-success\":8,\"p-success\":0.6428571428571429,\"repful-for\":\"disagree\",\"repness-test\":5.855557}]},\"consensus\":{\"agree\":[{\"tid\":7,\"p-test\":5.9214434104778935,\"n-trials\":62,\"n-success\":54,\"p-success\":0.859375},{\"tid\":4,\"p-test\":3.969143277919774,\"n-trials\":60,\"n-success\":45,\"p-success\":0.7419354838709677},{\"tid\":6,\"p-test\":3.969143277919774,\"n-trials\":60,\"n-success\":45,\"p-success\":0.7419354838709677},{\"tid\":5,\"p-test\":3.4016802570830453,\"n-trials\":62,\"n-success\":44,\"p-success\":0.703125}],\"disagree\":[]},\"meta-tids\":[],\"votes-base\":{\"0\":{\"A\":[0,0,0,0,1,0,0,1,1,0,1,0,1,0,2,0,1,1,0,0,0,1,1,0,0,0,0,6,0,1,0,0,0,1,1,0,0,1,0,0],\"D\":[0,0,1,1,0,0,0,0,0,0,0,2,0,1,0,0,0,0,1,7,0,0,0,0,1,0,1,0,0,0,1,0,0,0,0,3,0,0,1,1],\"S\":[2,1,1,1,1,1,1,1,1,1,1,2,1,1,2,1,1,1,1,7,1,1,1,1,1,1,1,6,2,1,1,3,1,1,1,3,2,1,1,1]},\"1\":{\"A\":[0,1,0,1,1,0,0,1,1,1,0,0,1,0,2,1,1,0,0,0,1,1,1,0,0,0,0,6,0,1,0,0,1,1,1,0,2,0,1,1],\"D\":[0,0,0,0,0,0,0,0,0,0,0,2,0,0,0,0,0,0,1,7,0,0,0,0,1,0,1,0,0,0,1,0,0,0,0,0,0,1,0,0],\"S\":[2,1,1,1,1,1,1,1,1,1,0,2,1,1,2,1,1,1,1,7,1,1,1,1,1,1,1,6,2,1,1,3,1,1,1,3,2,1,1,1]},\"2\":{\"A\":[0,1,0,1,1,0,0,1,1,0,1,0,1,0,2,1,1,0,0,0,0,1,1,0,1,0,0,6,0,0,0,0,1,1,1,0,2,1,1,0],\"D\":[0,0,0,0,0,0,0,0,0,0,0,2,0,1,0,0,0,0,0,7,0,0,0,0,0,1,1,0,0,0,1,0,0,0,0,0,0,0,0,1],\"S\":[2,1,1,1,1,1,1,1,1,0,1,2,1,1,2,1,1,1,1,7,1,1,1,1,1,1,1,6,2,1,1,3,1,1,1,3,2,1,1,1]},\"3\":{\"A\":[0,1,1,1,1,1,1,1,0,0,1,0,1,1,0,1,1,1,0,0,0,1,1,0,1,0,0,6,2,1,0,0,0,1,1,0,0,1,0,0],\"D\":[0,0,0,0,0,0,0,0,1,0,0,2,0,0,0,0,0,0,1,7,0,0,0,1,0,1,1,0,0,0,1,0,0,0,0,3,0,0,1,1],\"S\":[2,1,1,1,1,1,1,1,1,0,1,2,1,1,2,1,1,1,1,7,1,1,1,1,1,1,1,6,2,1,1,3,1,1,1,3,2,1,1,1]},\"4\":{\"A\":[0,0,0,0,0,0,0,0,1,1,1,2,0,1,2,1,0,1,1,7,0,1,1,1,0,1,1,6,2,1,1,3,0,1,0,3,2,1,1,1],\"D\":[0,1,1,1,1,1,0,1,0,0,0,0,1,0,0,0,0,0,0,0,0,0,0,0,1,0,0,0,0,0,0,0,0,0,0,0,0,0,0,0],\"S\":[2,1,1,1,1,1,1,1,1,1,1,2,1,1,2,1,1,1,1,7,1,1,1,1,1,1,1,6,2,1,1,3,1,1,1,3,2,1,1,1]},\"5\":{\"A\":[0,0,0,0,0,0,0,0,1,1,0,2,0,1,2,1,1,1,1,7,1,0,0,0,1,1,0,6,2,1,0,3,1,1,0,3,2,1,1,1],\"D\":[0,1,1,1,1,1,0,1,0,0,0,0,0,0,0,0,0,0,0,0,0,0,1,0,0,0,0,0,0,0,1,0,0,0,1,0,0,0,0,0],\"S\":[2,1,1,1,1,1,1,1,1,1,0,2,1,1,2,1,1,1,1,7,1,1,1,1,1,1,1,6,2,1,1,3,1,1,1,3,2,1,1,1]},\"6\":{\"A\":[0,1,1,0,0,1,0,0,1,1,0,0,1,1,2,1,1,1,1,7,1,0,1,0,1,0,0,6,2,1,0,3,0,1,0,3,2,1,1,1],\"D\":[0,0,0,0,0,0,0,0,0,0,0,2,0,0,0,0,0,0,0,0,0,0,0,0,0,0,1,0,0,0,1,0,0,0,1,0,0,0,0,0],\"S\":[2,1,1,1,1,1,1,1,1,1,0,2,1,1,2,1,1,1,1,7,1,1,1,1,1,1,1,6,2,1,1,3,1,1,1,3,2,1,1,1]},\"7\":{\"A\":[0,1,1,1,0,1,0,1,1,1,1,2,1,1,2,1,1,1,1,6,1,1,1,1,1,1,1,6,2,1,0,3,1,0,0,3,2,1,1,1],\"D\":[0,0,0,0,0,0,0,0,0,0,0,0,0,0,0,0,0,0,0,0,0,0,0,0,0,0,0,0,0,0,1,0,0,0,0,0,0,0,0,0],\"S\":[2,1,1,1,1,1,1,1,1,1,1,2,1,1,2,1,1,1,1,7,1,1,1,1,1,1,1,6,2,1,1,3,1,1,1,3,2,1,1,1]}},\"group-votes\":{\"0\":{\"votes\":{\"0\":{\"A\":0,\"D\":18,\"S\":23},\"1\":{\"A\":2,\"D\":12,\"S\":23},\"2\":{\"A\":1,\"D\":14,\"S\":23},\"3\":{\"A\":1,\"D\":19,\"S\":23},\"4\":{\"A\":23,\"D\":0,\"S\":23},