{
  "user": {},
  "ptpt": null,
  "nextComment": {
    "txt": "政策活動費は使途公開の義務などをもって実施する",
    "tid": 4,
    "created": "1728976365271",
    "tweet_id": null,
    "quote_src_url": null,
    "is_seed": true,
    "is_meta": false,
    "lang": null,
    "pid": 0,
    "randomN": 2.6232372510543587,
    "remaining": 8,
    "total": 8,
    "translations": []
  },
  "conversation": {
    "topic": "政治資金規制改革",
    "description": "",
    "link_url": null,
    "parent_url": null,
    "upvotes": 1,
    "participant_count": 82,
    "is_anon": false,
    "is_active": true,
    "is_draft": true,
    "is_public": true,
    "is_data_open": false,
    "profanity_filter": true,
    "spam_filter": true,
    "strict_moderation": false,
    "prioritize_seed": false,
    "vis_type": 1,
    "write_type": 1,
    "help_type": 1,
    "write_hint_type": 1,
    "style_btn": null,
    "socialbtn_type": 0,
    "subscribe_type": 1,
    "branding_type": 1,
    "bgcolor": null,
    "help_bgcolor": null,
    "help_color": null,
    "email_domain": null,
    "use_xid_whitelist": false,
    "owner": 72,
    "org_id": 72,
    "context": null,
    "course_id": null,
    "owner_sees_participation_stats": false,
    "auth_needed_to_vote": false,
    "auth_needed_to_write": true,
    "auth_opt_fb": true,
    "auth_opt_tw": true,
    "auth_opt_allow_3rdparty": true,
    "modified": "1729307337713",
    "created": "1728976361971",
    "site_id": "polis_site_id_wlE61IMj5fRdvFgrn7",
    "auth_opt_fb_computed": true,
    "auth_opt_tw_computed": true,
    "translations": [],
    "ownername": "admin",
    "is_mod": false,
    "is_owner": false,
    "conversation_id": "32ffrfvrrf"
  },
  "votes": [],
  "pca": "{\"n\":82,\"pca\":{\"comps\":[[0.5027102326718006,0.4284410505991124,0.4939279171784101,0.5242350118926707,-0.140638807472959,-0.13663776562011457,0.07732755850079256,0.022468836229652508],[0.22640221711806502,0.06838665335954798,0.14494248501437557,-0.17184791887223694,0.46495040691925404,0.691006426136565,0.39336915715472076,0.21240813281609755]],\"center\":[-0.08000000000000002,-0.2777777777777779,-0.2763157894736843,-0.18421052631578946,-0.6710526315789472,-0.5454545454545455,-0.689189189189189,-0.8400000000000003],\"comment-extremity\":[1.434670411503795,0.8862781260250768,1.0536466564725087,1.2729537852818662,0.45194845469095063,0.9055930525276003,0.35243133199169,0.09666125698711575],\"comment-projection\":[[-1.308128917338278,-0.8751992086278165,-1.0110151516305823,-1.209620430230132,0.13085086113436664,0.1756681647930202,-0.06797909960733665,-0.010168234536548634],[-0.5891331982394584,-0.13969703607366046,-0.29668104062964196,0.39652207281978813,-0.43259156006322286,-0.8883915086629932,-0.3458130792581631,-0.09612494789979849]]},\"tids\":[0,1,2,3,4,5,6,7],\"mod-in\":[0,7,1,4,6,3,2,5],\"n-cmts\":8,\"in-conv\":[0,65,70,62,74,7,59,20,72,58,60,27,1,69,24,55,39,46,4,77,54,48,50,75,21,31,32,40,56,33,13,22,36,41,43,61,29,6,28,64,51,25,34,17,3,12,2,66,23,47,35,76,19,57,11,9,5,14,45,16,79,38,30,73,10,18,52,42,80,37,63,8,49],\"mod-out\":[],\"repness\":{\"0\":[{\"tid\":4,\"p-test\":4.58257569495584,\"n-agree\":20,\"repness\":1.381578947368421,\"n-trials\":20,\"n-success\":20,\"p-success\":0.9545454545454545,\"best-agree\":true,\"repful-for\":\"agree\",\"repness-test\":2.812402},{\"tid\":3,\"p-test\":4.1461399144838555,\"repness\":12.27272727272727,\"n-trials\":20,\"n-success\":19,\"p-success\":0.9090909090909091,\"repful-for\":\"disagree\",\"repness-test\":7.2648635},{\"tid\":2,\"p-test\":2.4003967925959158,\"repness\":19.63636363636364,\"n-trials\":20,\"n-success\":15,\"p-success\":0.7272727272727273,\"repful-for\":\"disagree\",\"repness-test\":6.5459557},{\"tid\":0,\"p-test\":3.7097041340118704,\"repness\":7.916666666666667,\"n-trials\":20,\"n-success\":18,\"p-success\":0.8636363636363636,\"repful-for\":\"disagree\",\"repness-test\":6.546537},{\"tid\":1,\"p-test\":1.5275252316519472,\"repness\":11.24242424242424,\"n-trials\":20,\"n-success\":13,\"p-success\":0.6363636363636364,\"repful-for\":\"disagree\",\"repness-test\":5.572541}],\"1\":[{\"tid\":5,\"p-test\":5.666666666666666,\"n-agree\":34,\"repness\":1.941678520625889,\"n-trials\":35,\"n-success\":34,\"p-success\":0.9459459459459459,\"best-agree\":true,\"repful-for\":\"agree\",\"repness-test\":4.5718656},{\"tid\":6,\"p-test\":5.333333333333333,\"repness\":1.558166862514689,\"n-trials\":35,\"n-success\":33,\"p-success\":0.9189189189189189,\"repful-for\":\"agree\",\"repness-test\":3.466801},{\"tid\":2,\"p-test\":3,\"repness\":2.587223587223587,\"n-trials\":35,\"n-success\":26,\"p-success\":0.7297297297297297,\"repful-for\":\"agree\",\"repness-test\":3.9615972},{\"tid\":1,\"p-test\":3,\"repness\":2.520884520884521,\"n-trials\":35,\"n-success\":26,\"p-success\":0.7297297297297297,\"repful-for\":\"agree\",\"repness-test\":3.8708007},{\"tid\":4,\"p-test\":5.096368606466075,\"repness\":1.395789473684211,\"n-trials\":36,\"n-success\":33,\"p-success\":0.8947368421052632,\"repful-for\":\"agree\",\"repness-test\":2.7587862}],\"2\":[{\"tid\":3,\"p-test\":3.299831645537222,\"n-agree\":15,\"repness\":2.181818181818182,\"n-trials\":17,\"n-success\":15,\"p-success\":0.8421052631578947,\"best-agree\":true,\"repful-for\":\"agree\",\"repness-test\":3.6627944},{\"tid\":5,\"p-test\":1.4142135623730956,\"repness\":18,\"n-trials\":17,\"n-success\":11,\"p-success\":0.6315789473684211,\"repful-for\":\"disagree\",\"repness-test\":5.945701}]},\"consensus\":{\"agree\":[{\"tid\":7,\"p-test\":6.423640548375729,\"n-trials\":75,\"n-success\":65,\"p-success\":0.8571428571428571},{\"tid\":4,\"p-test\":5.128225940683709,\"n-trials\":76,\"n-success\":60,\"p-success\":0.782051282051282},{\"tid\":6,\"p-test\":4.734272207354931,\"n-trials\":74,\"n-success\":57,\"p-success\":0.7631578947368421},{\"tid\":5,\"p-test\":3.849741916091626,\"n-trials\":77,\"n-success\":55,\"p-success\":0.7088607594936709}],\"disagree\":[]},\"meta-tids\":[],\"votes-base\":{\"0\":{\"A\":[0,0,0,0,1,0,0,1,1,0,11,0,1,0,2,0,2,1,0,0,1,1,0,0,0,0,0,1,0,0,1,0,1,0,0,2,1,0,0,0,0,0,0,0,0,1],\"D\":[0,0,1,1,0,0,0,0,0,0,0,2,0,1,0,0,0,0,1,0,0,0,0,1,0,1,0,0,1,0,0,0,0,0,7,0,0,1,0,0,0,1,3,1,1,0],\"S\":[2,1,1,1,1,1,1,1,1,1,11,2,1,1,2,1,2,1,1,1,1,1,1,1,1,1,2,1,1,1,1,2,1,1,7,2,1,1,1,3,1,1,3,1,1,1]},\"1\":{\"A\":[0,1,0,1,1,0,0,1,1,1,11,0,1,0,2,1,1,0,0,1,1,1,0,0,0,0,0,1,0,1,1,2,0,1,0,0,1,0,1,0,0,1,0,1,1,0],\"D\":[0,0,0,0,0,0,0,0,0,0,0,2,0,0,0,0,0,0,1,0,0,0,0,1,0,1,0,0,1,0,0,0,1,0,7,0,0,1,0,0,0,0,0,0,0,0],\"S\":[2,1,1,1,1,1,1,1,1,1,11,2,1,1,2,1,1,1,1,1,1,1,1,1,1,1,2,1,1,1,1,2,1,1,7,2,1,1,1,3,1,1,3,1,1,0]},\"2\":{\"A\":[0,1,0,1,1,0,0,1,1,0,11,0,1,0,2,1,2,0,0,0,1,1,0,1,0,0,0,0,0,1,1,2,1,1,0,2,0,0,1,0,0,0,0,1,0,1],\"D\":[0,0,0,0,0,0,0,0,0,0,0,2,0,1,0,0,0,0,0,0,0,0,0,0,1,1,0,0,1,0,0,0,0,0,7,0,0,1,0,0,0,1,0,0,1,0],\"S\":[2,1,1,1,1,1,1,1,1,0,11,2,1,1,2,1,2,1,1,1,1,1,1,1,1,1,2,1,1,1,1,2,1,1,7,2,1,1,1,3,1,1,3,1,1,1]},\"3\":{\"A\":[0,1,1,1,1,1,1,1,0,0,11,0,1,1,0,1,2,1,0,0,1,1,0,1,0,0,2,1,0,0,1,0,1,0,0,0,0,0,1,0,1,1,0,0,0,1],\"D\":[0,0,0,0,0,0,0,0,1,0,0,2,0,0,0,0,0,0,1,0,0,0,1,0,1,1,0,0,1,0,0,0,0,1,7,0,0,1,0,0,0,0,3,1,1,0],\"S\":[2,1,1,1,1,1,1,1,1,0,11,2,1,1,2,1,2,1,1,1,1,1,1,1,1,1,2,1,1,1,1,2,1,1,7,2,1,1,1,3,1,1,3,1,1,1]},\"4\":{\"A\":[0,0,0,0,0,0,0,0,1,1,11,2,0,1,2,1,1,1,1,0,1,1,1,0,1,1,2,1,1,0,0,2,1,1,7,2,1,1,1,3,0,1,3,1,1,1],\"D\":[0,1,1,1,1,1,0,1,0,0,0,0,1,0,0,0,0,0,0,0,0,0,0,1,0,0,0,0,0,0,0,0,0,0,0,0,0,0,0,0,1,0,0,0,0,0],\"S\":[2,1,1,1,1,1,1,1,1,1,11,2,1,1,2,1,2,1,1,1,1,1,1,1,1,1,2,1,1,1,1,2,1,1,7,2,1,1,1,3,1,1,3,1,1,1]},\"5\":{\"A\":[0,0,0,0,0,0,0,0,1,1,11,2,0,1,2,1,1,1,1,1,0,0,0,1,1,0,2,1,0,1,0,2,1,1,7,2,1,1,0,3,0,0,3,1,1,0],\"D\":[0,1,1,1,1,1,0,1,0,0,0,0,0,0,0,0,0,0,0,0,0,1,0,0,0,0,0,0,1,0,1,0,0,0,0,0,0,0,1,0,0,1,0,0,0,1],\"S\":[2,1,1,1,1,1,1,1,1,1,11,2,1,1,2,1,1,1,1,1,1,1,1,1,1,1,2,1,1,1,1,2,1,1,7,2,1,1,1,3,1,1,3,1,1,1]},\"6\":{\"A\":[0,1,1,0,0,1,0,0,1,1,11,0,1,1,2,1,1,1,1,1,0,1,0,1,0,0,2,1,0,0,0,2,1,1,7,2,1,1,0,3,1,0,3,1,1,1],\"D\":[0,0,0,0,0,0,0,0,0,0,0,2,0,0,0,0,0,0,0,0,0,0,0,0,0,1,0,0,1,0,1,0,0,0,0,0,0,0,0,0,0,1,0,0,0,0],