{
  "user": {},
  "ptpt": null,
  "nextComment": {
    "txt": "調査研究広報滞在費の使途は公開し、未使用分は返還義務を課す",
    "tid": 7,
    "created": "1728976367028",
    "tweet_id": null,
    "quote_src_url": null,
    "is_seed": true,
    "is_meta": false,
    "lang": null,
    "pid": 0,
    "randomN": 5.5864174452910556,
    "remaining": 8,
    "total": 8,
    "translations": []
  },
  "conversation": {
    "topic": "政治資金規制改革",
    "description": "",
    "link_url": null,
    "parent_url": null,
    "upvotes": 1,
    "participant_count": 49,
    "is_anon": false,
    "is_active": true,
    "is_draft": true,
    "is_public": true,
    "is_data_open": false,
    "profanity_filter": true,
    "spam_filter": true,
    "strict_moderation": false,
    "prioritize_seed": false,
    "vis_type": 1,
    "write_type": 1,
    "help_type": 1,
    "write_hint_type": 1,
    "style_btn": null,
    "socialbtn_type": 0,
    "subscribe_type": 1,
    "branding_type": 1,
    "bgcolor": null,
    "help_bgcolor": null,
    "help_color": null,
    "email_domain": null,
    "use_xid_whitelist": false,
    "owner": 72,
    "org_id": 72,
    "context": null,
    "course_id": null,
    "owner_sees_participation_stats": false,
    "auth_needed_to_vote": false,
    "auth_needed_to_write": true,
    "auth_opt_fb": true,
    "auth_opt_tw": true,
    "auth_opt_allow_3rdparty": true,
    "modified": "1729289128897",
    "created": "1728976361971",
    "site_id": "polis_site_id_wlE61IMj5fRdvFgrn7",
    "auth_opt_fb_computed": true,
    "auth_opt_tw_computed": true,
    "translations": [],
    "ownername": "admin",
    "is_mod": false,
    "is_owner": false,
    "conversation_id": "32ffrfvrrf"
  },
  "votes": [],
  "pca": "{\"n\":48,\"pca\":{\"comps\":[[0.4564323683367949,0.45020500741298547,0.4770496785726589,0.5062962041208638,-0.2340941773923665,-0.22210022789680683,0.02349197785905882,-0.019804902340393084],[0.31606845368763564,0.1838150390721648,0.1923544279592475,-0.08145484885096087,0.6038854788901568,0.6296192693103316,0.2314411482910292,0.08952398904206339]],\"center\":[0.02173913043478261,-0.25,-0.17777777777777773,-0.11111111111111108,-0.5777777777777777,-0.5652173913043478,-0.7272727272727272,-0.8695652173913043],\"comment-extremity\":[1.6044356891093263,1.03156498961516,1.1962169095500632,1.2892768487893815,0.7734647901979534,0.8210362169803969,0.17944854062238721,0.03382620072327889],\"comment-projection\":[[-1.3190505975467162,-0.9550290409975858,-1.1094246505972294,-1.2729083705702091,0.27956106890116894,0.2731279604328865,-0.01812145837922698,0.007306529084676145],[-0.9134108613320567,-0.3899305818359938,-0.4473386182085331,0.20479031460636338,-0.7211750067984886,-0.7742748780783559,-0.17853120589329613,-0.03302766246809385]]},\"tids\":[0,1,2,3,4,5,6,7],\"mod-in\":[0,7,1,4,6,3,2,5],\"n-cmts\":8,\"in-conv\":[0,7,20,27,1,24,39,46,4,21,31,32,40,33,13,22,36,41,43,29,6,28,25,34,17,3,12,2,23,47,35,19,11,9,5,14,45,16,38,30,10,18,42,37,8],\"mod-out\":[],\"repness\":{\"0\":[{\"tid\":4,\"p-test\":4.242640687119285,\"n-agree\":17,\"repness\":1.671826625386997,\"n-trials\":17,\"n-success\":17,\"p-success\":0.9473684210526316,\"best-agree\":true,\"repful-for\":\"agree\",\"repness-test\":3.1625893},{\"tid\":5,\"p-test\":4.242640687119285,\"repness\":1.61609907120743,\"n-trials\":17,\"n-success\":17,\"p-success\":0.9473684210526316,\"repful-for\":\"agree\",\"repness-test\":3.0485861},{\"tid\":3,\"p-test\":2.8284271247461894,\"repness\":11.44736842105263,\"n-trials\":17,\"n-success\":14,\"p-success\":0.7894736842105263,\"repful-for\":\"disagree\",\"repness-test\":5.224821},{\"tid\":0,\"p-test\":2.8284271247461894,\"repness\":7.894736842105263,\"n-trials\":17,\"n-success\":14,\"p-success\":0.7894736842105263,\"repful-for\":\"disagree\",\"repness-test\":5.00384},{\"tid\":2,\"p-test\":1.4142135623730956,\"repness\":18.31578947368421,\"n-trials\":17,\"n-success\":11,\"p-success\":0.6315789473684211,\"repful-for\":\"disagree\",\"repness-test\":4.638335}],\"1\":[{\"tid\":1,\"p-test\":3.299831645537222,\"n-agree\":15,\"repness\":3.488721804511278,\"n-trials\":17,\"n-success\":15,\"p-success\":0.8421052631578947,\"best-agree\":true,\"repful-for\":\"agree\",\"repness-test\":4.229526},{\"tid\":0,\"p-test\":2.0647416048350555,\"repness\":5.075,\"n-trials\":18,\"n-success\":13,\"p-success\":0.7,\"repful-for\":\"agree\",\"repness-test\":4.110976},{\"tid\":2,\"p-test\":2.8284271247461894,\"repness\":3.270676691729323,\"n-trials\":17,\"n-success\":14,\"p-success\":0.7894736842105263,\"repful-for\":\"agree\",\"repness-test\":3.8653963},{\"tid\":5,\"p-test\":3.771236166328253,\"repness\":1.441520467836257,\"n-trials\":17,\"n-success\":16,\"p-success\":0.8947368421052632,\"repful-for\":\"agree\",\"repness-test\":2.3403287},{\"tid\":6,\"p-test\":3.771236166328253,\"repness\":1.365650969529086,\"n-trials\":17,\"n-success\":16,\"p-success\":0.8947368421052632,\"repful-for\":\"agree\",\"repness-test\":2.1336205}],\"2\":[{\"tid\":3,\"p-test\":2.1105794120443457,\"n-agree\":8,\"repness\":1.928571428571429,\"n-trials\":10,\"n-success\":8,\"p-success\":0.75,\"best-agree\":true,\"repful-for\":\"agree\",\"repness-test\":2.4196167},{\"tid\":4,\"p-test\":1.5075567228888183,\"repness\":24.66666666666667,\"n-trials\":10,\"n-success\":7,\"p-success\":0.6666666666666667,\"repful-for\":\"disagree\",\"repness-test\":5.1602182}]},\"consensus\":{\"agree\":[{\"tid\":7,\"p-test\":5.10527470242631,\"n-trials\":46,\"n-success\":40,\"p-success\":0.8541666666666667},{\"tid\":6,\"p-test\":3.72677996249965,\"n-trials\":44,\"n-success\":34,\"p-success\":0.7608695652173914},{\"tid\":4,\"p-test\":3.2437230354077364,\"n-trials\":45,\"n-success\":33,\"p-success\":0.7234042553191489},{\"tid\":5,\"p-test\":3.0631648214557847,\"n-trials\":46,\"n-success\":33,\"p-success\":0.7083333333333333}],\"disagree\":[]},\"meta-tids\":[],\"votes-base\":{\"0\":{\"A\":[0,0,0,0,1,0,0,1,5,1,0,1,0,0,1,0,0,2,0,0,1,1,0,1,0,0,0,0,0,0,1],\"D\":[0,0,1,1,0,0,0,0,0,0,0,0,2,1,0,2,1,0,0,0,0,0,0,0,1,1,6,0,0,0,0],\"S\":[2,1,1,1,1,1,1,1,5,1,1,1,2,1,1,2,1,2,1,1,1,1,1,1,1,1,6,2,1,1,1]},\"1\":{\"A\":[0,1,0,1,1,0,0,1,5,1,1,0,0,1,1,0,0,2,1,0,1,1,0,0,0,0,0,0,1,1,1],\"D\":[0,0,0,0,0,0,0,0,0,0,0,0,2,0,0,0,0,0,0,0,0,0,0,0,1,1,6,0,0,0,0],\"S\":[2,1,1,1,1,1,1,1,5,1,1,0,2,1,1,2,1,2,1,1,1,1,1,1,1,1,6,2,1,1,1]},\"2\":{\"A\":[0,1,0,1,1,0,0,1,5,1,0,1,0,1,1,0,0,2,1,0,1,1,0,0,0,0,0,0,1,0,1],\"D\":[0,0,0,0,0,0,0,0,0,0,0,0,2,0,0,0,1,0,0,0,0,0,1,0,0,1,6,0,0,0,0],\"S\":[2,1,1,1,1,1,1,1,5,1,0,1,2,1,1,2,1,2,1,1,1,1,1,1,1,1,6,2,1,1,1]},\"3\":{\"A\":[0,1,1,1,1,1,1,1,5,0,0,1,0,0,1,0,1,0,1,1,1,1,0,1,0,0,0,0,0,0,1],\"D\":[0,0,0,0,0,0,0,0,0,1,0,0,2,1,0,2,0,0,0,0,0,0,1,0,1,1,6,0,0,0,0],\"S\":[2,1,1,1,1,1,1,1,5,1,0,1,2,1,1,2,1,2,1,1,1,1,1,1,1,1,6,2,1,1,1]},\"4\":{\"A\":[0,0,0,0,0,0,0,0,5,1,1,1,2,1,0,2,1,2,1,1,1,0,1,1,1,1,6,2,1,0,1],\"D\":[0,1,1,1,1,1,0,1,0,0,0,0,0,0,1,0,0,0,0,0,0,0,0,0,0,0,0,0,0,0,0],\"S\":[2,1,1,1,1,1,1,1,5,1,1,1,2,1,1,2,1,2,1,1,1,1,1,1,1,1,6,2,1,1,1]},\"5\":{\"A\":[0,0,0,0,0,0,0,0,5,1,1,0,2,1,0,2,1,2,1,1,1,1,1,1,1,1,6,2,1,1,0],\"D\":[0,1,1,1,1,1,0,1,0,0,0,0,0,0,0,0,0,0,0,0,0,0,0,0,0,0,0,0,0,0,0],\"S\":[2,1,1,1,1,1,1,1,5,1,1,0,2,1,1,2,1,2,1,1,1,1,1,1,1,1,6,2,1,1,1]},\"6\":{\"A\":[0,1,1,0,0,1,0,0,5,1,1,0,0,1,1,2,1,2,1,1,1,1,0,1,1,1,6,2,1,1,0],\"D\":[0,0,0,0,0,0,0,0,0,0,0,0,2,0,0,0,0,0,0,0,0,0,0,0,0,0,0,0,0,0,0],\"S\":[2,1,1,1,1,1,1,1,5,1,1,0,2,1,1,2,1,2,1,1,1,1,1,1,1,1,6,2,1,1,1]},\"7\":{\"A\":[0,1,1,1,0,1,0,1,5,1,1,1,2,1,1,2,1,2,1,1,0,1,1,1,1,0,6,2,1,1,1],\"D\":[0,0,0,0,0,0,0,0,0,0,0,0,0,0,0,0,0,0,0,0,0,0,0,0,0,0,0,0,0,0,0],\"S\":[2,1,1,1,1,1,1,1,5,1,1,1,2,1,1,2,1,2,1,1,1,1,1,1,1,1,6,2,1,1,1]}},\"group-votes\":{\"0\":{\"votes\":{\"0\":{\"A\":0,\"D\":14,\"S\":17},\"1\":{\"A\":1,\"D\":10,\"S\":17},\"2\":{\"A\":1,\"D\":11,\"S\":17},\"3\":{\"A\":1,\"D\":14,\"S\":17},\"4\":{\"A\":17,\"D\":0,\"S\":17},\"5\":{\"A\":17,\"D\":0,\"S\":17},\"6\":{\"A\":14,\"D\":2,\"S\":17},\"7\":{\"A\":16,\"D\":0,\"S\":17}},\"n-members\":17,\"id\":0},\"1\":{\"votes\":{\"0\":{\"A\":13,\"D\":0,\"S\":18},\"1\":{\"A\":15,\"D\":0,