{
  "user": {},
  "ptpt": null,
  "nextComment": {
    "txt": "政策活動費に限らず、すべての政治資金を監査する独立の「第三者機関」を創設する",
    "tid": 6,
    "created": "1728976366089",
    "tweet_id": null,
    "quote_src_url": null,
    "is_seed": true,
    "is_meta": false,
    "lang": null,
    "pid": 0,
    "randomN": 5.333368923071182,
    "remaining": 8,
    "total": 8,
    "translations": []
  },
  "conversation": {
    "topic": "政治資金規制改革",
    "description": "",
    "link_url": null,
    "parent_url": null,
    "upvotes": 1,
    "participant_count": 176,
    "is_anon": false,
    "is_active": true,
    "is_draft": true,
    "is_public": true,
    "is_data_open": false,
    "profanity_filter": true,
    "spam_filter": true,
    "strict_moderation": false,
    "prioritize_seed": false,
    "vis_type": 1,
    "write_type": 1,
    "help_type": 1,
    "write_hint_type": 1,
    "style_btn": null,
    "socialbtn_type": 0,
    "subscribe_type": 1,
    "branding_type": 1,
    "bgcolor": null,
    "help_bgcolor": null,
    "help_color": null,
    "email_domain": null,
    "use_xid_whitelist": false,
    "owner": 72,
    "org_id": 72,
    "context": null,
    "course_id": null,
    "owner_sees_participation_stats": false,
    "auth_needed_to_vote": false,
    "auth_needed_to_write": true,
    "auth_opt_fb": true,
    "auth_opt_tw": true,
    "auth_opt_allow_3rdparty": true,
    "modified": "1729352719587",
    "created": "1728976361971",
    "site_id": "polis_site_id_wlE61IMj5fRdvFgrn7",
    "auth_opt_fb_computed": true,
    "auth_opt_tw_computed": true,
    "translations": [],
    "ownername": "admin",
    "is_mod": false,
    "is_owner": false,
    "conversation_id": "32ffrfvrrf"
  },
  "votes": [],
  "pca": "{\"n\":176,\"pca\":{\"comps\":[[0.5168172877478137,0.46307097968341676,0.5446072807712288,0.4444988977283038,-0.05689100134231649,-0.05316636774417598,0.10013638518136654,0.09054421118599346],[0.2184438497926244,0.0487215358164398,0.0663933715478976,-0.34746208649485955,0.5031049334235821,0.6658587989419139,0.31679302878748145,0.16712324149185537]],\"center\":[-0.1963190184049079,-0.389937106918239,-0.2865853658536587,-0.15337423312883428,-0.7090909090909089,-0.6134969325153372,-0.7249999999999996,-0.84472049689441],\"comment-extremity\":[1.2754350319325152,0.8034480039185024,1.1070672025046742,1.351017739925409,0.41660063751813553,0.7302307126258708,0.25842406395099915,0.08348023884131481],\"comment-projection\":[[-1.174804813568596,-0.7990375119690484,-1.098931064733598,-1.064405632006892,0.04681077857471418,0.05812124778568758,-0.07788782870577773,-0.03976672405391479],[-0.4965563117076982,-0.08406990821297862,-0.1339712873156267,0.8320394126152734,-0.4139623680840398,-0.7279140156762486,-0.24640714877707895,-0.07339998593339621]]},\"tids\":[0,1,2,3,4,5,6,7],\"mod-in\":[0,7,1,4,6,3,2,5],\"n-cmts\":8,\"in-conv\":[0,121,65,70,62,74,164,110,130,128,153,7,59,86,154,20,72,58,60,175,27,1,69,101,24,55,165,85,39,88,46,149,157,4,77,106,119,95,144,54,92,141,137,104,48,50,116,75,159,21,31,113,32,139,174,40,129,172,108,156,56,33,13,22,168,90,109,143,167,36,41,118,150,89,100,131,122,43,61,29,151,93,6,111,28,134,64,155,103,51,25,166,34,146,125,148,17,3,12,152,2,66,142,107,23,47,158,35,127,82,76,97,19,57,11,115,9,145,5,112,83,138,14,45,132,123,140,16,133,163,81,120,79,38,173,126,98,124,171,87,169,160,30,73,96,10,18,105,52,114,147,161,42,80,37,63,94,8,49],\"mod-out\":[],\"repness\":{\"0\":[{\"tid\":0,\"p-test\":5.356147093602985,\"n-agree\":61,\"repness\":4.504273504273504,\"n-trials\":76,\"n-success\":61,\"p-success\":0.7948717948717949,\"best-agree\":true,\"repful-for\":\"agree\",\"repness-test\":7.950959},{\"tid\":1,\"p-test\":6.423640548375729,\"repness\":2.769230769230769,\"n-trials\":75,\"n-success\":65,\"p-success\":0.8571428571428571,\"repful-for\":\"agree\",\"repness-test\":7.0817003},{\"tid\":2,\"p-test\":5.505977612893482,\"repness\":2.737662337662338,\"n-trials\":75,\"n-success\":61,\"p-success\":0.8051948051948052,\"repful-for\":\"agree\",\"repness-test\":6.5714016},{\"tid\":5,\"p-test\":8.029550685469662,\"repness\":1.678841991341991,\"n-trials\":75,\"n-success\":72,\"p-success\":0.9480519480519481,\"repful-for\":\"agree\",\"repness-test\":5.724534},{\"tid\":4,\"p-test\":8.091200928634295,\"repness\":1.390362511052166,\"n-trials\":76,\"n-success\":73,\"p-success\":0.9487179487179487,\"repful-for\":\"agree\",\"repness-test\":4.462518}],\"1\":[{\"tid\":4,\"p-test\":6.379052256590135,\"n-agree\":48,\"repness\":1.225278472380086,\"n-trials\":51,\"n-success\":48,\"p-success\":0.9245283018867925,\"best-agree\":true,\"repful-for\":\"agree\",\"repness-test\":2.792132},{\"tid\":5,\"p-test\":4.992301766027062,\"repness\":1.175202156334232,\"n-trials\":51,\"n-success\":43,\"p-success\":0.830188679245283,\"repful-for\":\"agree\",\"repness-test\":1.8379049},{\"tid\":2,\"p-test\":2.773500981126145,\"repness\":14.80754716981132,\"n-trials\":51,\"n-success\":35,\"p-success\":0.6792452830188679,\"repful-for\":\"disagree\",\"repness-test\":8.766946},{\"tid\":0,\"p-test\":3.050851079238759,\"repness\":8.532494758909854,\"n-trials\":51,\"n-success\":36,\"p-success\":0.6981132075471698,\"repful-for\":\"disagree\",\"repness-test\":8.260944},{\"tid\":3,\"p-test\":2.773500981126145,\"repness\":6.730703259005146,\"n-trials\":51,\"n-success\":35,\"p-success\":0.6792452830188679,\"repful-for\":\"disagree\",\"repness-test\":7.680205}],\"2\":[{\"tid\":3,\"p-test\":4.003786086981051,\"n-agree\":27,\"repness\":2.451436388508892,\"n-trials\":32,\"n-success\":27,\"p-success\":0.823529411764706,\"best-agree\":true,\"repful-for\":\"agree\",\"repness-test\":5.252687},{\"tid\":2,\"p-test\":1.914854215512677,\"repness\":1.27420814479638,\"n-trials\":32,\"n-success\":21,\"p-success\":0.6470588235294118,\"repful-for\":\"agree\",\"repness-test\":1.5912001}]},\"consensus\":{\"agree\":[{\"tid\":7,\"p-test\":9.742360096347985,\"n-trials\":161,\"n-success\":142,\"p-success\":0.8773006134969324},{\"tid\":4,\"p-test\":8.071965467345862,\"n-trials\":165,\"n-success\":134,\"p-success\":0.8083832335329341},{\"tid\":6,\"p-test\":7.644670940519275,\"n-trials\":160,\"n-success\":128,\"p-success\":0.7962962962962963},{\"tid\":5,\"p-test\":6.4031242374328485,\"n-trials\":163,\"n-success\":122,\"p-success\":0.7454545454545455},{\"tid\":1,\"p-test\":1.8973665961010266,\"n-trials\":159,\"n-success\":91,\"p-success\":0.5714285714285714}],\"disagree\":[]},\"meta-tids\":[],\"votes-base\":{\"0\":{\"A\":[0,0,0,1,0,0,1,0,2,0,0,0,1,2,0,0,0,0,0,0,1,0,0,0,1,0,0,0,0,0,0,0,0,0,0,0,0,1,2,1,1,0,1,1,0,0,1,0,0,0,1,0,1,1,1,0,0,0,0,4,1,1,0,0,0,0,0,0,1,0,0,25,1,0,4,1,0,0,0,0,1,1,9,0,5,0],\"D\":[0,1,1,0,0,0,0,2,0,1,1,0,0,0,0,0,1,0,1,0,0,0,0,1,0,1,1,1,1,0,1,1,1,1,0,1,1,0,0,0,0,0,0,0,0,0,0,0,0,0,0,0,0,0,0,1,0,1,0,0,0,0,0,1,0,13,0,0,0,2,1,0,0,1,0,0,3,0,0,0,0,0,0,1,0,1],\"S\":[1,1,1,1,1,1,1,2,2,1,1,1,1,2,1,1,1,2,1,1,1,1,1,1,1,1,1,1,1,1,1,1,1,1,1,1,1,1,2,1,1,1,1,1,1,1,1,1,1,1,1,1,1,1,1,1,3,1,1,4,1,1,1,1,5,13,3,1,1,2,1,25,1,1,4,1,3,1,3,2,1,1,9,1,5,1]},\"1\":{\"A\":[1,0,1,1,0,0,1,0,2,0,0,1,1,2,0,0,0,0,0,1,1,1,0,1,0,1,0,1,0,0,0,0,0,0,0,1,0,1,0,1,1,0,0,1,1,1,0,1,1,0,0,0,0,1,0,0,3,0,0,4,1,1,1,0,0,0,3,1,1,2,0,25,0,1,0,1,0,1,0,2,1,1,9,0,5,1],\"D\":[0,0,0,0,0,0,0,2,0,0,1,0,0,0,0,0,1,0,1,0,0,0,0,0,0,0,1,0,1,1,0,0,1,0,0,0,1,0,0,0,0,0,0,0,0,0,1,0,0,0,0,0,0,0,0,0,0,1,0,0,0,0,0,0,0,13,0,0,0,0,1,0,1,0,0,0,0,0,0,0,0,0,0,1,0,0],\"S\":[1,1,1,1,1,1,1,2,2,1,1,1,1,2,1,1,1,2,1,1,1,1,1,1,0,1,1,1,1,1,1,1,1,1,1,1,1,1,2,1,1,1,0,1,1,1,1,1,1,1,1,1,1,1,1,1,3,1,1,4,1,1,1,1,5,13,3,1,1,2,1,25,1,1,4,1,3,1,3,2,1,1,9,1,5,1]},\"2\":{\"A\":[1,0,1,1,0,0,1,0,2,0,0,0,1,2,0,0,0,0,0,1,1,1,0,0,1,1,0,1,0,0,0,0,0,0,0,0,0,1,0,1,1,0,1,1,1,1,0,0,1,0,0,0,0,1,1,0,3,0,0,4,0,1,0,0,0,0,3,0,1,2,0,25,1,1,4,1,0,1,0,2,1,0,9,1,0,0],\"D\":[0,0,0,0,0,0,0,2,0,1,0,0,0,0,0,1,1,0,1,0,0,0,0,1,0,0,1,0,1,1,1,1,1,0,0,0,1,0,0,0,0,1,0,0,0,0,0,0,0,1,1,1,1,0,0,1,0,1,1,0,1,0,0,1,0,13,0,0,0,0,1,0,0,0,0,0,0,0,0,0,0,0,0,0,0,1],\"S\":[1,1,1,1,1,1,1,2,2,1,1,1,1,2,1,1,1,2,1,1,1,1,1,1,1,1,1,1,1,1,1,1,1,1,1,1,1,1,2,1,1,1,1,1,1,1,1,0,1,