{
  "user": {},
  "ptpt": null,
  "nextComment": {
    "txt": "政策活動費は使途公開の義務などをもって実施する",
    "tid": 4,
    "created": "1728976365271",
    "tweet_id": null,
    "quote_src_url": null,
    "is_seed": true,
    "is_meta": false,
    "lang": null,
    "pid": 0,
    "randomN": 3.2409802435809736,
    "remaining": 8,
    "total": 8,
    "translations": []
  },
  "conversation": {
    "topic": "政治資金規制改革",
    "description": "",
    "link_url": null,
    "parent_url": null,
    "upvotes": 1,
    "participant_count": 169,
    "is_anon": false,
    "is_active": true,
    "is_draft": true,
    "is_public": true,
    "is_data_open": false,
    "profanity_filter": true,
    "spam_filter": true,
    "strict_moderation": false,
    "prioritize_seed": false,
    "vis_type": 1,
    "write_type": 1,
    "help_type": 1,
    "write_hint_type": 1,
    "style_btn": null,
    "socialbtn_type": 0,
    "subscribe_type": 1,
    "branding_type": 1,
    "bgcolor": null,
    "help_bgcolor": null,
    "help_color": null,
    "email_domain": null,
    "use_xid_whitelist": false,
    "owner": 72,
    "org_id": 72,
    "context": null,
    "course_id": null,
    "owner_sees_participation_stats": false,
    "auth_needed_to_vote": false,
    "auth_needed_to_write": true,
    "auth_opt_fb": true,
    "auth_opt_tw": true,
    "auth_opt_allow_3rdparty": true,
    "modified": "1729349803174",
    "created": "1728976361971",
    "site_id": "polis_site_id_wlE61IMj5fRdvFgrn7",
    "auth_opt_fb_computed": true,
    "auth_opt_tw_computed": true,
    "translations": [],
    "ownername": "admin",
    "is_mod": false,
    "is_owner": false,
    "conversation_id": "32ffrfvrrf"
  },
  "votes": [],
  "pca": "{\"n\":169,\"pca\":{\"comps\":[[0.5146818665218882,0.46405153084845474,0.5467689552383758,0.43875303861012255,-0.06479490917591017,-0.05728596242602665,0.11231159353454157,0.09057746905390883],[0.21243021444060606,0.059706552849718784,0.08360196385478365,-0.36139616327208723,0.5276045095270107,0.6521598233610568,0.28561792946106224,0.1686875841375806]],\"center\":[-0.18471337579617836,-0.3660130718954247,-0.26114649681528657,-0.14012738853503182,-0.6981132075471695,-0.6178343949044587,-0.7467532467532465,-0.8387096774193552],\"comment-extremity\":[1.2839643995355279,0.8389900370958435,1.15591372672099,1.382468551313515,0.4538874891739645,0.7076519277134697,0.2198339311852713,0.08734704656529914],\"comment-projection\":[[-1.1868454741486933,-0.8321306268090265,-1.1426340936304555,-1.0670855693529122,0.05532609167052387,0.061921975793489736,-0.08044766977588373,-0.04132125328434416],[-0.4898595714767572,-0.10706494418109772,-0.1747108230628968,0.8789469170829717,-0.4505029149840326,-0.704937528941693,-0.20458526273414948,-0.07695492557784468]]},\"tids\":[0,1,2,3,4,5,6,7],\"mod-in\":[0,7,1,4,6,3,2,5],\"n-cmts\":8,\"in-conv\":[0,121,65,70,62,74,164,110,130,128,153,7,59,86,154,20,72,58,60,27,1,69,101,24,55,165,85,39,88,46,149,157,4,77,106,119,95,144,54,92,141,137,104,48,50,116,75,159,21,31,113,32,139,40,129,108,156,56,33,13,22,168,90,109,143,167,36,41,118,150,89,100,131,122,43,61,29,151,93,6,111,28,134,64,155,103,51,25,166,34,146,125,148,17,3,12,152,2,66,142,107,23,47,158,35,127,82,76,97,19,57,11,115,9,145,5,112,83,138,14,45,132,123,140,16,133,163,81,120,79,38,126,98,124,87,160,30,73,96,10,18,105,52,114,147,161,42,80,37,63,94,8,49],\"mod-out\":[],\"repness\":{\"0\":[{\"tid\":5,\"p-test\":8.43815925694518,\"n-agree\":76,\"repness\":1.82875,\"n-trials\":78,\"n-success\":76,\"p-success\":0.9625,\"best-agree\":true,\"repful-for\":\"agree\",\"repness-test\":6.407581},{\"tid\":1,\"p-test\":5.512930714537517,\"repness\":2.727272727272727,\"n-trials\":78,\"n-success\":63,\"p-success\":0.8,\"repful-for\":\"agree\",\"repness-test\":6.389418},{\"tid\":6,\"p-test\":8.43815925694518,\"repness\":1.523958333333333,\"n-trials\":78,\"n-success\":76,\"p-success\":0.9625,\"repful-for\":\"agree\",\"repness-test\":5.309882},{\"tid\":4,\"p-test\":8.273451516749223,\"repness\":1.474426807760141,\"n-trials\":79,\"n-success\":76,\"p-success\":0.9506172839506173,\"repful-for\":\"agree\",\"repness-test\":4.9323044},{\"tid\":0,\"p-test\":3.801315561749643,\"repness\":3.342592592592593,\"n-trials\":79,\"n-success\":56,\"p-success\":0.7037037037037037,\"repful-for\":\"agree\",\"repness-test\":6.221838}],\"1\":[{\"tid\":4,\"p-test\":5.60448538317805,\"n-agree\":36,\"repness\":1.216011235955056,\"n-trials\":38,\"n-success\":36,\"p-success\":0.925,\"best-agree\":true,\"repful-for\":\"agree\",\"repness-test\":2.5139894},{\"tid\":2,\"p-test\":4.643716460347527,\"repness\":14.08571428571429,\"n-trials\":38,\"n-success\":33,\"p-success\":0.85,\"repful-for\":\"disagree\",\"repness-test\":9.9012785},{\"tid\":0,\"p-test\":3.682947537517005,\"repness\":6.476785714285714,\"n-trials\":38,\"n-success\":30,\"p-success\":0.775,\"repful-for\":\"disagree\",\"repness-test\":8.0242},{\"tid\":3,\"p-test\":3.682947537517005,\"repness\":5.993333333333333,\"n-trials\":38,\"n-success\":30,\"p-success\":0.775,\"repful-for\":\"disagree\",\"repness-test\":7.8343797},{\"tid\":1,\"p-test\":1.7614096918559579,\"repness\":14.375,\"n-trials\":38,\"n-success\":24,\"p-success\":0.625,\"repful-for\":\"disagree\",\"repness-test\":8.107974}],\"2\":[{\"tid\":3,\"p-test\":0.9428090415820628,\"n-agree\":10,\"repness\":1.416353383458647,\"n-trials\":17,\"n-success\":10,\"p-success\":0.5789473684210527,\"best-agree\":true,\"repful-for\":\"agree\",\"repness-test\":1.6031622}],\"3\":[{\"tid\":3,\"p-test\":4.024922359499621,\"n-agree\":18,\"repness\":2.544642857142857,\"n-trials\":19,\"n-success\":18,\"p-success\":0.9047619047619048,\"best-agree\":true,\"repful-for\":\"agree\",\"repness-test\":4.9796534},{\"tid\":2,\"p-test\":4.47213595499958,\"repness\":2.073732718894009,\"n-trials\":19,\"n-success\":19,\"p-success\":0.9523809523809524,\"repful-for\":\"agree\",\"repness-test\":4.4924397},{\"tid\":1,\"p-test\":4.358898943540674,\"repness\":1.914179104477612,\"n-trials\":18,\"n-success\":18,\"p-success\":0.95,\"repful-for\":\"agree\",\"repness-test\":4.1111026},{\"tid\":0,\"p-test\":1.341640786499874,\"repness\":1.403174603174603,\"n-trials\":19,\"n-success\":12,\"p-success\":0.619047619047619,\"repful-for\":\"agree\",\"repness-test\":1.7187337},{\"tid\":5,\"p-test\":1.7888543819998315,\"repness\":11.25,\"n-trials\":19,\"n-success\":13,\"p-success\":0.6666666666666667,\"repful-for\":\"disagree\",\"repness-test\":7.633293}]},\"consensus\":{\"agree\":[{\"tid\":7,\"p-test\":9.447561074500141,\"n-trials\":155,\"n-success\":136,\"p-success\":0.8726114649681529},{\"tid\":6,\"p-test\":7.791227490354238,\"n-trials\":154,\"n-success\":125,\"p-success\":0.8076923076923077},{\"tid\":4,\"p-test\":7.7475802674125305,\"n-trials\":159,\"n-success\":128,\"p-success\":0.8012422360248447},{\"tid\":5,\"p-test\":6.364458273405841,\"n-trials\":157,\"n-success\":118,\"p-success\":0.7484276729559748},{\"tid\":1,\"p-test\":1.4504813352456838,\"n-trials\":153,\"n-success\":85,\"p-success\":0.5548387096774194}],\"disagree\":[]},\"meta-tids\":[],\"votes-base\":{\"0\":{\"A\":[0,0,0,1,0,0,1,0,2,0,0,0,1,2,0,0,0,0,0,0,1,0,0,0,1,0,0,0,0,0,0,0,0,0,0,0,0,1,2,1,1,0,1,1,0,0,1,0,0,0,0,1,0,0,1,1,1,0,0,0,0,0,1,0,4,1,1,0,0,0,0,0,4,0,1,1,9,0,4,0,0,23,1],\"D\":[0,1,1,0,0,0,0,2,0,1,1,0,0,0,0,0,1,0,1,0,0,0,0,1,0,1,1,1,1,0,1,1,1,1,0,1,1,0,0,0,0,0,0,0,0,0,0,0,0,0,0,0,2,0,0,0,0,1,0,1,0,0,0,0,0,0,0,13,0,3,1,1,0,0,0,0,0,0,0,1,1,0,0],\"S\":[1,1,1,1,1,1,1,2,2,1,1,1,1,2,1,1,1,2,1,1,1,1,1,1,1,1,1,1,1,1,1,1,1,1,1,1,1,1,2,1,1,1,1,1,1,1,1,5,1,1,1,1,2,1,1,1,1,1,3,1,1,3,1,3,4,1,1,13,1,3,1,1,4,2,1,1,9,1,4,1,1,23,1]},\"1\":{\"A\":[1,0,1,1,0,0,1,0,2,0,0,1,1,2,0,0,0,0,0,1,1,1,0,1,0,1,0,1,0,0,0,0,0,0,0,1,0,1,0,1,1,0,0,1,1,1,0,0,1,1,0,0,2,0,0,1,0,0,3,0,0,3,0,0,4,1,1,0,1,0,1,0,4,2,1,1,9,1,0,0,0,23,1],\"D\":[0,0,0,0,0,0,0,2,0,0,1,0,0,0,0,0,1,0,1,0,0,0,0,0,0,0,1,0,1,1,0,0,1,0,0,0,1,0,0,0,0,0,0,0,0,0,1,0,0,0,0,0,0,0,0,0,0,0,0,1,0,0,1,0,0,0,0,13,0,0,0,0,0,0,0,0,0,0,0,1,1,0,0],\"S\":[1,1,1,1,1,1,1,2,2,1,1,1,1,2,1,1,1,2,1,1,1,1,1,1,0,1,1,1,1,