{
  "user": {},
  "ptpt": null,
  "nextComment": {
    "txt": "政策活動費は即時廃止する",
    "tid": 3,
    "created": "1728976364847",
    "tweet_id": null,
    "quote_src_url": null,
    "is_seed": true,
    "is_meta": false,
    "lang": null,
    "pid": 0,
    "randomN": 1.5870497579289844,
    "remaining": 8,
    "total": 8,
    "translations": []
  },
  "conversation": {
    "topic": "政治資金規制改革",
    "description": "",
    "link_url": null,
    "parent_url": null,
    "upvotes": 1,
    "participant_count": 54,
    "is_anon": false,
    "is_active": true,
    "is_draft": true,
    "is_public": true,
    "is_data_open": false,
    "profanity_filter": true,
    "spam_filter": true,
    "strict_moderation": false,
    "prioritize_seed": false,
    "vis_type": 1,
    "write_type": 1,
    "help_type": 1,
    "write_hint_type": 1,
    "style_btn": null,
    "socialbtn_type": 0,
    "subscribe_type": 1,
    "branding_type": 1,
    "bgcolor": null,
    "help_bgcolor": null,
    "help_color": null,
    "email_domain": null,
    "use_xid_whitelist": false,
    "owner": 72,
    "org_id": 72,
    "context": null,
    "course_id": null,
    "owner_sees_participation_stats": false,
    "auth_needed_to_vote": false,
    "auth_needed_to_write": true,
    "auth_opt_fb": true,
    "auth_opt_tw": true,
    "auth_opt_allow_3rdparty": true,
    "modified": "1729292409392",
    "created": "1728976361971",
    "site_id": "polis_site_id_wlE61IMj5fRdvFgrn7",
    "auth_opt_fb_computed": true,
    "auth_opt_tw_computed": true,
    "translations": [],
    "ownername": "admin",
    "is_mod": false,
    "is_owner": false,
    "conversation_id": "32ffrfvrrf"
  },
  "votes": [],
  "pca": "{\"n\":54,\"pca\":{\"comps\":[[0.45680969341178773,0.4393796207221674,0.46666029882763804,0.5193758420565929,-0.22667675365085696,-0.24139501727361476,0.02662938153877087,-0.01960418613000839],[0.33793608555269655,0.22010777686970032,0.17377218848483103,-0.0989086630311124,0.6212683706402575,0.597318529678578,0.21872361285812916,0.08226930443547756]],\"center\":[0.0392156862745098,-0.22448979591836735,-0.19999999999999993,-0.11764705882352938,-0.5799999999999998,-0.5490196078431373,-0.7346938775510206,-0.8823529411764706],\"comment-extremity\":[1.670200070897857,1.0779354930704694,1.1267649590409996,1.3194860330023004,0.785619392633615,0.8217857517547716,0.16534194754457043,0.028142125827223367],\"comment-projection\":[[-1.342721669955358,-0.9637678166903738,-1.0559317177970033,-1.2961912231859651,0.2692782450017075,0.3079150771884538,-0.019982662158636203,0.006523413153963386],[-0.9933110257414351,-0.4828007070551431,-0.3932015771496029,0.24684348122609914,-0.7380291707316253,-0.7619187141862206,-0.16412998760398811,-0.02737561555285963]]},\"tids\":[0,1,2,3,4,5,6,7],\"mod-in\":[0,7,1,4,6,3,2,5],\"n-cmts\":8,\"in-conv\":[0,7,20,27,1,24,39,46,4,48,50,21,31,32,40,33,13,22,36,41,43,29,6,28,51,25,34,17,3,12,2,23,47,35,19,11,9,5,14,45,16,38,30,10,18,52,42,37,8,49],\"mod-out\":[],\"repness\":{\"0\":[{\"tid\":4,\"p-test\":4.58257569495584,\"n-agree\":20,\"repness\":1.696969696969697,\"n-trials\":20,\"n-success\":20,\"p-success\":0.9545454545454545,\"best-agree\":true,\"repful-for\":\"agree\",\"repness-test\":3.4266508},{\"tid\":5,\"p-test\":4.1461399144838555,\"repness\":1.565656565656566,\"n-trials\":20,\"n-success\":19,\"p-success\":0.9090909090909091,\"repful-for\":\"agree\",\"repness-test\":2.8418708},{\"tid\":3,\"p-test\":2.836832573067901,\"repness\":11.97727272727273,\"n-trials\":20,\"n-success\":16,\"p-success\":0.7727272727272727,\"repful-for\":\"disagree\",\"repness-test\":5.400188},{\"tid\":0,\"p-test\":2.4003967925959158,\"repness\":5.818181818181818,\"n-trials\":20,\"n-success\":15,\"p-success\":0.7272727272727273,\"repful-for\":\"disagree\",\"repness-test\":4.602761}],\"1\":[{\"tid\":1,\"p-test\":3.4412360080584268,\"n-agree\":16,\"repness\":4.007142857142857,\"n-trials\":18,\"n-success\":16,\"p-success\":0.85,\"best-agree\":true,\"repful-for\":\"agree\",\"repness-test\":4.6761413},{\"tid\":0,\"p-test\":2.23606797749979,\"repness\":5.892857142857143,\"n-trials\":19,\"n-success\":14,\"p-success\":0.7142857142857143,\"repful-for\":\"agree\",\"repness-test\":4.553422},{\"tid\":2,\"p-test\":2.9824045403173027,\"repness\":3.3,\"n-trials\":18,\"n-success\":15,\"p-success\":0.8,\"repful-for\":\"agree\",\"repness-test\":4.09589},{\"tid\":6,\"p-test\":3.900067475799551,\"repness\":1.35,\"n-trials\":18,\"n-success\":17,\"p-success\":0.9,\"repful-for\":\"agree\",\"repness-test\":2.1815443},{\"tid\":3,\"p-test\":2.0647416048350555,\"repness\":2.1,\"n-trials\":18,\"n-success\":13,\"p-success\":0.7,\"repful-for\":\"agree\",\"repness-test\":2.7150292}],\"2\":[{\"tid\":3,\"p-test\":2.3094010767585025,\"n-agree\":9,\"repness\":2.051282051282051,\"n-trials\":11,\"n-success\":9,\"p-success\":0.7692307692307692,\"best-agree\":true,\"repful-for\":\"agree\",\"repness-test\":2.7190974},{\"tid\":4,\"p-test\":1.7320508075688772,\"repness\":28.38461538461538,\"n-trials\":11,\"n-success\":8,\"p-success\":0.6923076923076923,\"repful-for\":\"disagree\",\"repness-test\":5.58902}]},\"consensus\":{\"agree\":[{\"tid\":7,\"p-test\":5.54700196225229,\"n-trials\":51,\"n-success\":45,\"p-success\":0.8679245283018868},{\"tid\":6,\"p-test\":3.9597979746446668,\"n-trials\":49,\"n-success\":38,\"p-success\":0.7647058823529412},{\"tid\":4,\"p-test\":3.500700210070025,\"n-trials\":50,\"n-success\":37,\"p-success\":0.7307692307692308},{\"tid\":5,\"p-test\":3.050851079238759,\"n-trials\":51,\"n-success\":36,\"p-success\":0.6981132075471698}],\"disagree\":[]},\"meta-tids\":[],\"votes-base\":{\"0\":{\"A\":[0,0,0,0,1,0,0,1,1,0,1,0,1,0,2,0,0,1,1,0,0,0,0,0,1,1,0,0,0,0,0,6,0],\"D\":[0,0,1,1,0,0,0,0,0,0,0,2,0,1,0,0,0,0,0,1,1,6,0,0,0,0,0,0,1,3,1,0,0],\"S\":[2,1,1,1,1,1,1,1,1,1,1,2,1,1,2,1,1,1,1,1,1,6,1,1,1,1,1,3,1,3,1,6,1]},\"1\":{\"A\":[0,1,0,1,1,0,0,1,1,1,0,0,1,0,2,1,0,1,0,0,0,0,1,1,1,1,0,0,0,0,1,6,0],\"D\":[0,0,0,0,0,0,0,0,0,0,0,2,0,0,0,0,0,0,0,1,1,6,0,0,0,0,0,0,1,0,0,0,0],\"S\":[2,1,1,1,1,1,1,1,1,1,0,2,1,1,2,1,1,1,1,1,1,6,1,1,1,1,1,3,1,3,1,6,1]},\"2\":{\"A\":[0,1,0,1,1,0,0,1,1,0,1,0,1,0,2,1,0,1,0,0,0,0,1,0,1,1,0,0,1,0,1,6,0],\"D\":[0,0,0,0,0,0,0,0,0,0,0,2,0,1,0,0,0,0,0,0,1,6,0,0,0,0,0,0,0,0,0,0,1],\"S\":[2,1,1,1,1,1,1,1,1,0,1,2,1,1,2,1,1,1,1,1,1,6,1,1,1,1,1,3,1,3,1,6,1]},\"3\":{\"A\":[0,1,1,1,1,1,1,1,0,0,1,0,1,1,0,1,1,1,1,0,0,0,0,0,1,1,0,0,1,0,0,6,0],\"D\":[0,0,0,0,0,0,0,0,1,0,0,2,0,0,0,0,0,0,0,1,1,6,0,0,0,0,1,0,0,3,1,0,1],\"S\":[2,1,1,1,1,1,1,1,1,0,1,2,1,1,2,1,1,1,1,1,1,6,1,1,1,1,1,3,1,3,1,6,1]},\"4\":{\"A\":[0,0,0,0,0,0,0,0,1,1,1,2,0,1,2,1,1,0,1,1,1,6,1,0,1,1,1,3,0,3,1,6,1],\"D\":[0,1,1,1,1,1,0,1,0,0,0,0,1,0,0,0,0,0,0,0,0,0,0,0,0,0,0,0,1,0,0,0,0],\"S\":[2,1,1,1,1,1,1,1,1,1,1,2,1,1,2,1,1,1,1,1,1,6,1,1,1,1,1,3,1,3,1,6,1]},\"5\":{\"A\":[0,0,0,0,0,0,0,0,1,1,0,2,0,1,2,1,1,1,1,1,1,6,1,1,0,0,0,3,1,3,1,6,1],\"D\":[0,1,1,1,1,1,0,1,0,0,0,0,0,0,0,0,0,0,0,0,0,0,0,0,0,1,0,0,0,0,0,0,0],\"S\":[2,1,1,1,1,1,1,1,1,1,0,2,1,1,2,1,1,1,1,1,1,6,1,1,1,1,1,3,1,3,1,6,1]},\"6\":{\"A\":[0,1,1,0,0,1,0,0,1,1,0,0,1,1,2,1,1,1,1,1,1,6,1,1,0,1,0,3,1,3,1,6,0],\"D\":[0,0,0,0,0,0,0,0,0,0,0,2,0,0,0,0,0,0,0,0,0,0,0,0,0,0,0,0,0,0,0,0,0],\"S\":[2,1,1,1,1,1,1,1,1,1,0,2,1,1,2,1,1,1,1,1,1,6,1,1,1,1,1,3,1,3,1,6,1]},\"7\":{\"A\":[0,1,1,1,0,1,0,1,1,1,1,2,1,1,2,1,1,1,1,1,0,6,1,1,1,1,1,3,1,3,1,5,1],\"D\":[0,0,0,0,0,0,0,0,0,0,0,0,0,0,0,0,0,0,0,0,0,0,0,0,0,0,0,0,0,0,0,0,0],\"S\":[2,1,1,1,1,1,1,1,1,1,1,2,1,1,2,1,1,1,1,1,1,6,1,1,1,1,1,3,1,3,1,6,1]}},\"group-votes\":{\"0\":{\"votes\":{\"0\":{\"A\":0,\"D\":15,\"S\":20},\"1\":{\"A\":1,\"D\":10,\"S\":20},\"2\":{\"A\":1,\"D\":11,\"S\":20},\"3\":{\"A\":1,\"D\":16,\"S\":20},\"4\":{\"A\":20,\"D\":0,\"S\":20},\"5\":{\"A\":19,\"D\":0,\"S\":20},\"6\":{\"A\":16,\"D\":2,\"S\":20},\"7\":{\"A\":19,\"D\":0,\"S\":20}},\"n-members\":20,\"id\":0},\"1\":{\"votes\":{\"0\":{\"A\":14,\"D\":0,\"S\":19},\"1\":{\"A\":16,\"D\":0,\"S\":18},\"2\":{\"A\":15,\"D\":0,\"S\":18},\"3\":{\"A\":13,\"D\":1,\"S\":18},\"4\":{\"A\":17,\"D\":0,\"S\":19},\"5\":{\"A\":16,\"D\":1,