{
  "user": {},
  "ptpt": null,
  "nextComment": {
    "txt": "政策活動費は即時廃止する",
    "tid": 3,
    "created": "1728976364847",
    "tweet_id": null,
    "quote_src_url": null,
    "is_seed": true,
    "is_meta": false,
    "lang": null,
    "pid": 0,
    "randomN": 2.0844272967913473,
    "remaining": 8,
    "total": 8,
    "translations": []
  },
  "conversation": {
    "topic": "政治資金規制改革",
    "description": "",
    "link_url": null,
    "parent_url": null,
    "upvotes": 1,
    "participant_count": 45,
    "is_anon": false,
    "is_active": true,
    "is_draft": true,
    "is_public": true,
    "is_data_open": false,
    "profanity_filter": true,
    "spam_filter": true,
    "strict_moderation": false,
    "prioritize_seed": false,
    "vis_type": 1,
    "write_type": 1,
    "help_type": 1,
    "write_hint_type": 1,
    "style_btn": null,
    "socialbtn_type": 0,
    "subscribe_type": 1,
    "branding_type": 1,
    "bgcolor": null,
    "help_bgcolor": null,
    "help_color": null,
    "email_domain": null,
    "use_xid_whitelist": false,
    "owner": 72,
    "org_id": 72,
    "context": null,
    "course_id": null,
    "owner_sees_participation_stats": false,
    "auth_needed_to_vote": false,
    "auth_needed_to_write": true,
    "auth_opt_fb": true,
    "auth_opt_tw": true,
    "auth_opt_allow_3rdparty": true,
    "modified": "1729277992875",
    "created": "1728976361971",
    "site_id": "polis_site_id_wlE61IMj5fRdvFgrn7",
    "auth_opt_fb_computed": true,
    "auth_opt_tw_computed": true,
    "translations": [],
    "ownername": "admin",
    "is_mod": false,
    "is_owner": false,
    "conversation_id": "32ffrfvrrf"
  },
  "votes": [],
  "pca": "{\"n\":45,\"pca\":{\"comps\":[[0.44118993735095235,0.44358013138724367,0.47258735865207985,0.5046626007541877,-0.2672402853552053,-0.23992628481228317,0.029523863661201823,-0.026670269495570487],[0.3312243118270919,0.20299433210187556,0.21484665311254994,-0.07167610532056763,0.5878672701785178,0.6220945385771985,0.24056861526312964,0.08558274964765775]],\"center\":[0.06976744186046513,-0.19512195121951223,-0.14285714285714288,-0.07142857142857142,-0.5714285714285715,-0.558139534883721,-0.7317073170731706,-0.86046511627907],\"comment-extremity\":[1.669270835494106,1.1105451275099634,1.2585657047258134,1.3387457576661008,0.7827786902478252,0.8332942350287063,0.18392423986957568,0.035378541450956646],\"comment-projection\":[[-1.334934533826774,-1.0098274267138352,-1.145724774877456,-1.3254441467596658,0.3239441451101034,0.29985270293372535,-0.0224040747530041,0.010525801906822655],[-1.0022050252457746,-0.4621244945819628,-0.5208669439924043,0.18824988045022548,-0.7126027425957501,-0.7774751691696756,-0.1825546040122325,-0.03377645169959962]]},\"tids\":[0,1,2,3,4,5,6,7],\"mod-in\":[0,7,1,4,6,3,2,5],\"n-cmts\":8,\"in-conv\":[0,7,20,27,1,24,39,4,21,31,32,40,33,13,22,36,41,43,29,6,28,25,34,17,3,12,2,23,35,19,11,9,5,14,16,38,30,10,18,42,37,8],\"mod-out\":[],\"repness\":{\"0\":[{\"tid\":4,\"p-test\":4.242640687119285,\"n-agree\":17,\"repness\":1.705263157894737,\"n-trials\":17,\"n-success\":17,\"p-success\":0.9473684210526316,\"best-agree\":true,\"repful-for\":\"agree\",\"repness-test\":3.18651},{\"tid\":5,\"p-test\":4.242640687119285,\"repness\":1.642105263157895,\"n-trials\":17,\"n-success\":17,\"p-success\":0.9473684210526316,\"repful-for\":\"agree\",\"repness-test\":3.0629754},{\"tid\":3,\"p-test\":2.8284271247461894,\"repness\":10.26315789473684,\"n-trials\":17,\"n-success\":14,\"p-success\":0.7894736842105263,\"repful-for\":\"disagree\",\"repness-test\":4.9844418},{\"tid\":0,\"p-test\":2.8284271247461894,\"repness\":7.105263157894737,\"n-trials\":17,\"n-success\":14,\"p-success\":0.7894736842105263,\"repful-for\":\"disagree\",\"repness-test\":4.762333},{\"tid\":2,\"p-test\":1.4142135623730956,\"repness\":16.42105263157895,\"n-trials\":17,\"n-success\":11,\"p-success\":0.6315789473684211,\"repful-for\":\"disagree\",\"repness-test\":4.4141264}],\"1\":[{\"tid\":1,\"p-test\":2.8401877872187726,\"n-agree\":12,\"repness\":3.366071428571429,\"n-trials\":14,\"n-success\":12,\"p-success\":0.8125,\"best-agree\":true,\"repful-for\":\"agree\",\"repness-test\":3.8639405},{\"tid\":2,\"p-test\":2.8401877872187726,\"repness\":3.366071428571429,\"n-trials\":14,\"n-success\":12,\"p-success\":0.8125,\"repful-for\":\"agree\",\"repness-test\":3.8639405},{\"tid\":0,\"p-test\":2,\"repness\":5.117647058823529,\"n-trials\":15,\"n-success\":11,\"p-success\":0.7058823529411765,\"repful-for\":\"agree\",\"repness-test\":4.02733},{\"tid\":5,\"p-test\":3.872983346207417,\"repness\":1.510416666666667,\"n-trials\":14,\"n-success\":14,\"p-success\":0.9375,\"repful-for\":\"agree\",\"repness-test\":2.6420672},{\"tid\":6,\"p-test\":3.872983346207417,\"repness\":1.430921052631579,\"n-trials\":14,\"n-success\":14,\"p-success\":0.9375,\"repful-for\":\"agree\",\"repness-test\":2.4693499}],\"2\":[{\"tid\":3,\"p-test\":2.1105794120443457,\"n-agree\":8,\"repness\":2.0625,\"n-trials\":10,\"n-success\":8,\"p-success\":0.75,\"best-agree\":true,\"repful-for\":\"agree\",\"repness-test\":2.5366848},{\"tid\":4,\"p-test\":1.5075567228888183,\"repness\":22.66666666666667,\"n-trials\":10,\"n-success\":7,\"p-success\":0.6666666666666667,\"repful-for\":\"disagree\",\"repness-test\":4.962931}]},\"consensus\":{\"agree\":[{\"tid\":7,\"p-test\":4.824181513244218,\"n-trials\":43,\"n-success\":37,\"p-success\":0.8444444444444444},{\"tid\":6,\"p-test\":3.7032803990902057,\"n-trials\":41,\"n-success\":32,\"p-success\":0.7674418604651163},{\"tid\":4,\"p-test\":3.202469976984698,\"n-trials\":42,\"n-success\":31,\"p-success\":0.7272727272727273},{\"tid\":5,\"p-test\":3.0151134457776365,\"n-trials\":43,\"n-success\":31,\"p-success\":0.7111111111111111}],\"disagree\":[]},\"meta-tids\":[],\"votes-base\":{\"0\":{\"A\":[0,0,0,0,1,0,0,1,4,1,0,1,0,0,1,0,0,2,0,0,1,1,0,1,0,0,0,0,0],\"D\":[0,0,1,1,0,0,0,0,0,0,0,0,2,1,0,2,1,0,0,0,0,0,0,0,1,1,6,0,0],\"S\":[2,1,1,1,1,1,1,1,4,1,1,1,2,1,1,2,1,2,1,1,1,1,1,1,1,1,6,2,1]},\"1\":{\"A\":[0,1,0,1,1,0,0,1,4,1,1,0,0,1,1,0,0,2,1,0,1,1,0,0,0,0,0,0,1],\"D\":[0,0,0,0,0,0,0,0,0,0,0,0,2,0,0,0,0,0,0,0,0,0,0,0,1,1,6,0,0],\"S\":[2,1,1,1,1,1,1,1,4,1,1,0,2,1,1,2,1,2,1,1,1,1,1,1,1,1,6,2,1]},\"2\":{\"A\":[0,1,0,1,1,0,0,1,4,1,0,1,0,1,1,0,0,2,1,0,1,1,0,0,0,0,0,0,1],\"D\":[0,0,0,0,0,0,0,0,0,0,0,0,2,0,0,0,1,0,0,0,0,0,1,0,0,1,6,0,0],\"S\":[2,1,1,1,1,1,1,1,4,1,0,1,2,1,1,2,1,2,1,1,1,1,1,1,1,1,6,2,1]},\"3\":{\"A\":[0,1,1,1,1,1,1,1,4,0,0,1,0,0,1,0,1,0,1,1,1,1,0,1,0,0,0,0,0],\"D\":[0,0,0,0,0,0,0,0,0,1,0,0,2,1,0,2,0,0,0,0,0,0,1,0,1,1,6,0,0],\"S\":[2,1,1,1,1,1,1,1,4,1,0,1,2,1,1,2,1,2,1,1,1,1,1,1,1,1,6,2,1]},\"4\":{\"A\":[0,0,0,0,0,0,0,0,4,1,1,1,2,1,0,2,1,2,1,1,1,0,1,1,1,1,6,2,1],\"D\":[0,1,1,1,1,1,0,1,0,0,0,0,0,0,1,0,0,0,0,0,0,0,0,0,0,0,0,0,0],\"S\":[2,1,1,1,1,1,1,1,4,1,1,1,2,1,1,2,1,2,1,1,1,1,1,1,1,1,6,2,1]},\"5\":{\"A\":[0,0,0,0,0,0,0,0,4,1,1,0,2,1,0,2,1,2,1,1,1,1,1,1,1,1,6,2,1],\"D\":[0,1,1,1,1,1,0,1,0,0,0,0,0,0,0,0,0,0,0,0,0,0,0,0,0,0,0,0,0],\"S\":[2,1,1,1,1,1,1,1,4,1,1,0,2,1,1,2,1,2,1,1,1,1,1,1,1,1,6,2,1]},\"6\":{\"A\":[0,1,1,0,0,1,0,0,4,1,1,0,0,1,1,2,1,2,1,1,1,1,0,1,1,1,6,2,1],\"D\":[0,0,0,0,0,0,0,0,0,0,0,0,2,0,0,0,0,0,0,0,0,0,0,0,0,0,0,0,0],\"S\":[2,1,1,1,1,1,1,1,4,1,1,0,2,1,1,2,1,2,1,1,1,1,1,1,1,1,6,2,1]},\"7\":{\"A\":[0,1,1,1,0,1,0,1,4,1,1,1,2,1,1,2,1,2,1,1,0,1,1,1,1,0,6,2,1],\"D\":[0,0,0,0,0,0,0,0,0,0,0,0,0,0,0,0,0,0,0,0,0,0,0,0,0,0,0,0,0],\"S\":[2,1,1,1,1,1,1,1,4,1,1,1,2,1,1,2,1,2,1,1,1,1,1,1,1,1,6,2,1]}},\"group-votes\":{\"0\":{\"votes\":{\"0\":{\"A\":0,\"D\":14,\"S\":17},\"1\":{\"A\":1,\"D\":10,\"S\":17},\"2\":{\"A\":1,\"D\":11,\"S\":17},\"3\":{\"A\":1,\"D\":14,\"S\":17},\"4\":{\"A\":17,\"D\":0,\"S\":17},\"5\":{\"A\":17,\"D\":0,\"S\":17},\"6\":{\"A\":14,\"D\":2,\"S\":17},\"7\":{\"A\":16,\"D\":0,\"S\":17}},\"n-members\":17,\"id\":0},\"1\":{\"votes\":{\"0\":{\"A\":11,\"D\":0,\"S\":15},\"1\":{\"A\":12,\"D\":0,\"S\":14},\"2\":{\"A\":12,\"D\":0,\"S\":14},\"3\":{\"A\":10,\"D\":1,\"S\":14},\"4\":{\"A\":14,\"D\":0,\"S\":15},\"5\":{\"A\":14,\"D\":0,\"S\":14},