{
  "user": {},
  "ptpt": null,
  "nextComment": {
    "txt": "政治資金パーティーはオンライン含めて開催を禁止する",
    "tid": 0,
    "created": "1728976363211",
    "tweet_id": null,
    "quote_src_url": null,
    "is_seed": true,
    "is_meta": false,
    "lang": null,
    "pid": 0,
    "randomN": 0.49710465863767406,
    "remaining": 8,
    "total": 8,
    "translations": []
  },
  "conversation": {
    "topic": "政治資金規制改革",
    "description": "",
    "link_url": null,
    "parent_url": null,
    "upvotes": 1,
    "participant_count": 112,
    "is_anon": false,
    "is_active": true,
    "is_draft": true,
    "is_public": true,
    "is_data_open": false,
    "profanity_filter": true,
    "spam_filter": true,
    "strict_moderation": false,
    "prioritize_seed": false,
    "vis_type": 1,
    "write_type": 1,
    "help_type": 1,
    "write_hint_type": 1,
    "style_btn": null,
    "socialbtn_type": 0,
    "subscribe_type": 1,
    "branding_type": 1,
    "bgcolor": null,
    "help_bgcolor": null,
    "help_color": null,
    "email_domain": null,
    "use_xid_whitelist": false,
    "owner": 72,
    "org_id": 72,
    "context": null,
    "course_id": null,
    "owner_sees_participation_stats": false,
    "auth_needed_to_vote": false,
    "auth_needed_to_write": true,
    "auth_opt_fb": true,
    "auth_opt_tw": true,
    "auth_opt_allow_3rdparty": true,
    "modified": "1729328123073",
    "created": "1728976361971",
    "site_id": "polis_site_id_wlE61IMj5fRdvFgrn7",
    "auth_opt_fb_computed": true,
    "auth_opt_tw_computed": true,
    "translations": [],
    "ownername": "admin",
    "is_mod": false,
    "is_owner": false,
    "conversation_id": "32ffrfvrrf"
  },
  "votes": [],
  "pca": "{\"n\":112,\"pca\":{\"comps\":[[0.5134092732035564,0.4591534176016032,0.5247353768101429,0.45853324958499947,-0.08325289828273505,-0.09157408215497331,0.1295319528252009,0.08884658825520758],[0.22118587522731017,0.04221482040015948,0.11739649443291858,-0.3415232999914994,0.49747793699405396,0.6431369064021691,0.33345172630882347,0.21581284541366427]],\"center\":[-0.057692307692307675,-0.30000000000000004,-0.26213592233009697,-0.12621359223300968,-0.6761904761904759,-0.5728155339805824,-0.7000000000000002,-0.8137254901960783],\"comment-extremity\":[1.4899485396585441,0.9129115464655204,1.1221923472791677,1.4130310242632216,0.46196200831769973,0.7849143622447938,0.3035413942419584,0.12296251207098875],\"comment-projection\":[[-1.3683633655160223,-0.9090773865350026,-1.0951199879064353,-1.1332379540308781,0.07624896851776382,0.11064531249706755,-0.1099115066676426,-0.04681005787334829],[-0.5895153524245937,-0.08358108016026992,-0.2450058700924062,0.8440547464911733,-0.45562593421456987,-0.777076682754397,-0.2829431722455956,-0.11370399226369247]]},\"tids\":[0,1,2,3,4,5,6,7],\"mod-in\":[0,7,1,4,6,3,2,5],\"n-cmts\":8,\"in-conv\":[0,65,70,62,74,110,7,59,86,20,72,58,60,27,1,69,101,24,55,85,39,88,46,4,77,106,95,54,92,104,48,50,75,21,31,32,40,108,56,33,13,22,90,109,36,41,89,100,43,61,29,93,6,111,28,64,103,51,25,34,17,3,12,2,66,107,23,47,35,82,76,97,19,57,11,9,5,83,14,45,16,81,79,38,98,87,30,73,96,10,18,105,52,42,80,37,63,94,8,49],\"mod-out\":[],\"repness\":{\"0\":[{\"tid\":4,\"p-test\":4.913538149119955,\"n-agree\":26,\"repness\":1.293103448275862,\"n-trials\":27,\"n-success\":26,\"p-success\":0.9310344827586207,\"best-agree\":true,\"repful-for\":\"agree\",\"repness-test\":2.614504},{\"tid\":2,\"p-test\":3.401680257083045,\"repness\":19.5632183908046,\"n-trials\":27,\"n-success\":22,\"p-success\":0.7931034482758621,\"repful-for\":\"disagree\",\"repness-test\":8.02904},{\"tid\":3,\"p-test\":4.1576092031015,\"repness\":9.113300492610836,\"n-trials\":27,\"n-success\":24,\"p-success\":0.8620689655172414,\"repful-for\":\"disagree\",\"repness-test\":7.706227},{\"tid\":1,\"p-test\":2.267786838055364,\"repness\":16.7816091954023,\"n-trials\":27,\"n-success\":19,\"p-success\":0.6896551724137931,\"repful-for\":\"disagree\",\"repness-test\":7.1763754},{\"tid\":0,\"p-test\":4.1576092031015,\"repness\":5.877742946708464,\"n-trials\":27,\"n-success\":24,\"p-success\":0.8620689655172414,\"repful-for\":\"disagree\",\"repness-test\":7.0188565}],\"1\":[{\"tid\":5,\"p-test\":6.42857142857143,\"n-agree\":46,\"repness\":1.845185185185185,\"n-trials\":48,\"n-success\":46,\"p-success\":0.94,\"best-agree\":true,\"repful-for\":\"agree\",\"repness-test\":4.9930835},{\"tid\":2,\"p-test\":3.8571428571428585,\"repness\":2.877142857142857,\"n-trials\":48,\"n-success\":37,\"p-success\":0.76,\"repful-for\":\"agree\",\"repness-test\":5.088045},{\"tid\":6,\"p-test\":6.42857142857143,\"repness\":1.607096774193548,\"n-trials\":48,\"n-success\":46,\"p-success\":0.94,\"repful-for\":\"agree\",\"repness-test\":4.3480196},{\"tid\":1,\"p-test\":3.8571428571428585,\"repness\":2.634666666666667,\"n-trials\":48,\"n-success\":37,\"p-success\":0.76,\"repful-for\":\"agree\",\"repness-test\":4.8216496},{\"tid\":0,\"p-test\":2.2627416997969525,\"repness\":4.286764705882353,\"n-trials\":49,\"n-success\":32,\"p-success\":0.6470588235294118,\"repful-for\":\"agree\",\"repness-test\":5.2120967}],\"2\":[{\"tid\":3,\"p-test\":3.3999999999999995,\"n-agree\":20,\"repness\":2.591346153846154,\"n-trials\":24,\"n-success\":20,\"p-success\":0.8076923076923077,\"best-agree\":true,\"repful-for\":\"agree\",\"repness-test\":4.574493}]},\"consensus\":{\"agree\":[{\"tid\":7,\"p-test\":6.995837874966482,\"n-trials\":102,\"n-success\":86,\"p-success\":0.8365384615384615},{\"tid\":4,\"p-test\":6.021972346615037,\"n-trials\":105,\"n-success\":83,\"p-success\":0.7850467289719626},{\"tid\":6,\"p-test\":5.47270454615494,\"n-trials\":100,\"n-success\":77,\"p-success\":0.7647058823529412},{\"tid\":5,\"p-test\":4.510671108178232,\"n-trials\":103,\"n-success\":74,\"p-success\":0.7142857142857143}],\"disagree\":[]},\"meta-tids\":[],\"votes-base\":{\"0\":{\"A\":[0,0,0,1,0,0,1,1,0,1,0,0,0,1,2,0,0,0,0,0,0,0,1,0,0,0,0,1,0,0,0,0,0,0,0,0,0,0,8,0,0,0,0,0,11,0,1,2,0,1,0,1,3,1,1,0,1,0,0],\"D\":[0,1,1,0,0,0,0,0,2,0,1,1,0,0,0,0,0,0,1,0,1,0,0,0,0,0,1,0,1,1,1,0,3,1,0,1,1,1,0,1,1,0,0,0,0,10,0,0,1,0,0,0,0,0,0,0,0,1,1],\"S\":[1,1,1,1,1,1,1,1,2,1,1,1,1,1,2,1,3,1,1,2,1,1,1,3,1,1,1,1,1,1,1,3,3,1,1,1,1,1,8,1,1,1,1,1,11,10,1,2,1,1,1,1,3,1,1,2,1,1,1]},\"1\":{\"A\":[1,0,1,1,0,0,1,1,0,1,0,0,1,1,2,0,0,0,0,0,0,1,1,3,1,0,1,0,1,0,1,0,0,0,0,1,0,0,8,0,0,1,1,0,11,0,1,2,0,1,1,0,0,1,0,2,0,1,1],\"D\":[0,0,0,0,0,0,0,0,2,0,0,1,0,0,0,0,0,0,1,0,1,0,0,0,0,0,0,0,0,1,0,0,0,1,1,0,0,0,0,1,0,0,0,0,0,10,0,0,1,0,0,0,0,0,1,0,0,0,0],\"S\":[1,1,1,1,1,1,1,1,2,1,1,1,1,1,2,1,3,1,1,2,1,1,1,3,1,1,1,0,1,1,1,3,3,1,1,1,1,1,8,1,1,1,1,1,11,10,1,2,1,1,1,1,3,1,1,2,0,1,1]},\"2\":{\"A\":[1,0,1,1,0,0,1,1,0,1,0,0,0,1,2,0,0,0,0,0,0,1,1,3,1,0,0,1,1,0,1,0,0,0,0,0,0,0,8,0,0,0,1,0,11,0,1,0,1,1,1,0,3,0,1,2,1,0,1],\"D\":[0,0,0,0,0,0,0,0,2,0,1,0,0,0,0,0,0,1,1,0,1,0,0,0,0,0,1,0,0,1,0,0,0,1,1,1,1,1,0,1,0,0,0,0,0,10,0,0,0,0,0,0,0,0,0,0,0,0,0],\"S\":[1,1,1,1,1,1,1,1,2,1,1,1,1,1,2,1,3,1,1,2,1,1,1,3,1,1,1,1,1,1,1,3,3,1,1,1,1,1,8,1,1,0,1,1,11,10,1,2,1,1,1,1,3,1,1,2,1,1,1]},\"3\":{\"A\":[1,1,1,1,1,1,1,0,0,1,1,0,0,1,2,0,0,0,0,2,0,0,1,0,1,1,1,1,1,0,1,0,0,0,0,0,0,1,0,0,1,0,0,1,11,0,1,0,1,1,1,1,0,1,1,0,1,0,0],\"D\":[0,0,0,0,0,0,0,1,2,0,0,1,0,0,0,1,0,1,1,0,1,0,0,3,0,0,0,0,0,1,0,0,3,0,0,1,1,0,0,1,0,0,1,0,0,10,0,0,0,0,0,0,0,0,0,0,0,0,1],\"S\":[1,1,1,1,1,1,1,1,2,1,1,1,1,1,2,1,3,1,1,2,1,1,1,3,1,1,1,1,1,1,1,3,3,1,1,1,1,1,8,1,1,0,1,1,11,10,1,2,1,1,1,1,3,1,1,2,1,1,1]},\"4\":{\"A\":[0,0,0,0,0,0,0,1,2,0,1,1,0,1,2,1,0,1,1,2,1,0,0,3,1,0,1,1,1,1,0,3,3,1,1,1,0,0,8,1,1,1,1,0,11,10,0,2,0,1,1,1,3,1,1,2,1,1,1],\"D\":[1,1,1,1,1,0,1,0,0,1,0,0,0,0,0,0,0,0,0,0,0,0,0,0,0,1,0,0,0,0,1,0,0,0,0,0,0,1,0,0,0,0,0,1,0,0,0,0,1,0,0,0,0,0,0,0,0,0,0],\"S\":[1,1,1,1,1,1,1,1,2,1,1,1,1,1,2,1,3,1,1,2,1,1,1,3,1,1,1,1,1,1,1,3,3,1,1,1,1,1,8,1,1,1,1,1,11,10,1,2,1,1,1,1,3,1,1,2,1,1,1]},\"5\":{\"A\":[0,0,0,0,0,0,0,1,2,0,1,1,1,0,0,0,0,1,0,2,0,1,0,3,0,0,0,0,0,1,1,3,3,0,1,1,1,0,8,1,1,1,0,1,11,10,1,2,1,1,1,1,3,1,1,2,0,0,1],\"D\":[1,1,1,1,1,0,1,0,0,0,0,0,0,0,2,0,0,0,0,0,1,0,1,0,1,0,1,1,1,0,0,0,0,0,0,0,0,0,0,0,