{
  "user": {},
  "ptpt": null,
  "nextComment": {
    "txt": "政策活動費は使途公開の義務などをもって実施する",
    "tid": 4,
    "created": "1728976365271",
    "tweet_id": null,
    "quote_src_url": null,
    "is_seed": true,
    "is_meta": false,
    "lang": null,
    "pid": 0,
    "randomN": 3.126177179311904,
    "remaining": 8,
    "total": 8,
    "translations": []
  },
  "conversation": {
    "topic": "政治資金規制改革",
    "description": "",
    "link_url": null,
    "parent_url": null,
    "upvotes": 1,
    "participant_count": 130,
    "is_anon": false,
    "is_active": true,
    "is_draft": true,
    "is_public": true,
    "is_data_open": false,
    "profanity_filter": true,
    "spam_filter": true,
    "strict_moderation": false,
    "prioritize_seed": false,
    "vis_type": 1,
    "write_type": 1,
    "help_type": 1,
    "write_hint_type": 1,
    "style_btn": null,
    "socialbtn_type": 0,
    "subscribe_type": 1,
    "branding_type": 1,
    "bgcolor": null,
    "help_bgcolor": null,
    "help_color": null,
    "email_domain": null,
    "use_xid_whitelist": false,
    "owner": 72,
    "org_id": 72,
    "context": null,
    "course_id": null,
    "owner_sees_participation_stats": false,
    "auth_needed_to_vote": false,
    "auth_needed_to_write": true,
    "auth_opt_fb": true,
    "auth_opt_tw": true,
    "auth_opt_allow_3rdparty": true,
    "modified": "1729335341583",
    "created": "1728976361971",
    "site_id": "polis_site_id_wlE61IMj5fRdvFgrn7",
    "auth_opt_fb_computed": true,
    "auth_opt_tw_computed": true,
    "translations": [],
    "ownername": "admin",
    "is_mod": false,
    "is_owner": false,
    "conversation_id": "32ffrfvrrf"
  },
  "votes": [],
  "pca": "{\"n\":130,\"pca\":{\"comps\":[[0.5158268720906556,0.4682164993442812,0.5323370105499682,0.44576444669619025,-0.0774111539929887,-0.08209158927655193,0.1102565537243789,0.08785948781814187],[0.22398324514899512,0.06364350695629918,0.1316122279968726,-0.3768011833565974,0.541900541377325,0.6208932816163177,0.28768282797058553,0.1566972436487761]],\"center\":[-0.11666666666666671,-0.3162393162393164,-0.27272727272727276,-0.1652892561983471,-0.6721311475409835,-0.5847457627118642,-0.7155172413793107,-0.80672268907563],\"comment-extremity\":[1.405018473365273,0.9138423781612992,1.128008152101513,1.3780264393042976,0.5076347467146817,0.735595656616734,0.2478991535957051,0.09820817976797645],\"comment-projection\":[[-1.2887645330798712,-0.9055153825634676,-1.0950374110151484,-1.052413532897365,0.07178747793825367,0.09641791367239687,-0.08871669567894189,-0.048030215510556515],[-0.5596095860268158,-0.12308445906951754,-0.2707313422651887,0.8895968880319715,-0.5025331770971383,-0.7292493098772642,-0.23148075138394772,-0.08566180579084634]]},\"tids\":[0,1,2,3,4,5,6,7],\"mod-in\":[0,7,1,4,6,3,2,5],\"n-cmts\":8,\"in-conv\":[0,121,65,70,62,74,110,7,59,86,20,72,58,60,27,1,69,101,24,55,85,39,88,46,4,77,106,119,95,54,92,104,48,50,116,75,21,31,113,32,40,129,108,56,33,13,22,90,109,36,41,118,89,100,122,43,61,29,93,6,111,28,64,103,51,25,34,125,17,3,12,2,66,107,23,47,35,127,82,76,97,19,57,11,115,9,5,112,83,14,45,123,16,81,120,79,38,126,98,124,87,30,73,96,10,18,105,52,114,42,80,37,63,94,8,49],\"mod-out\":[],\"repness\":{\"0\":[{\"tid\":5,\"p-test\":7.020021492444732,\"n-agree\":54,\"repness\":1.835372636262514,\"n-trials\":56,\"n-success\":54,\"p-success\":0.9482758620689655,\"best-agree\":true,\"repful-for\":\"agree\",\"repness-test\":5.4041843},{\"tid\":6,\"p-test\":7.353160240144465,\"repness\":1.656174334140436,\"n-trials\":57,\"n-success\":56,\"p-success\":0.9661016949152542,\"repful-for\":\"agree\",\"repness-test\":5.1394796},{\"tid\":0,\"p-test\":3.151354388633341,\"repness\":3.790446841294299,\"n-trials\":57,\"n-success\":40,\"p-success\":0.6949152542372881,\"repful-for\":\"agree\",\"repness-test\":5.6644597},{\"tid\":2,\"p-test\":4.201805851511122,\"repness\":2.691924227318046,\"n-trials\":57,\"n-success\":44,\"p-success\":0.7627118644067797,\"repful-for\":\"agree\",\"repness-test\":5.284843},{\"tid\":1,\"p-test\":4.201805851511122,\"repness\":2.5,\"n-trials\":57,\"n-success\":44,\"p-success\":0.7627118644067797,\"repful-for\":\"agree\",\"repness-test\":5.032509}],\"1\":[{\"tid\":4,\"p-test\":5.208553758776472,\"n-agree\":29,\"repness\":1.2890625,\"n-trials\":30,\"n-success\":29,\"p-success\":0.9375,\"best-agree\":true,\"repful-for\":\"agree\",\"repness-test\":2.7568004},{\"tid\":2,\"p-test\":3.7717113425622717,\"repness\":17.671875,\"n-trials\":30,\"n-success\":25,\"p-success\":0.8125,\"repful-for\":\"disagree\",\"repness-test\":8.660372},{\"tid\":3,\"p-test\":4.130921946615822,\"repness\":8.15625,\"n-trials\":30,\"n-success\":26,\"p-success\":0.84375,\"repful-for\":\"disagree\",\"repness-test\":7.925697},{\"tid\":0,\"p-test\":4.130921946615822,\"repness\":6.1171875,\"n-trials\":30,\"n-success\":26,\"p-success\":0.84375,\"repful-for\":\"disagree\",\"repness-test\":7.4065824},{\"tid\":1,\"p-test\":2.334868926348074,\"repness\":11.825,\"n-trials\":30,\"n-success\":21,\"p-success\":0.6875,\"repful-for\":\"disagree\",\"repness-test\":7.3405046}],\"2\":[{\"tid\":3,\"p-test\":1.8073922282301276,\"n-agree\":10,\"repness\":1.646802325581395,\"n-trials\":14,\"n-success\":10,\"p-success\":0.6875,\"best-agree\":true,\"repful-for\":\"agree\",\"repness-test\":2.2615097}],\"3\":[{\"tid\":3,\"p-test\":3.872983346207417,\"n-agree\":14,\"repness\":2.475961538461538,\"n-trials\":14,\"n-success\":14,\"p-success\":0.9375,\"best-agree\":true,\"repful-for\":\"agree\",\"repness-test\":4.480349},{\"tid\":2,\"p-test\":3.872983346207417,\"repness\":2.054521276595745,\"n-trials\":14,\"n-success\":14,\"p-success\":0.9375,\"repful-for\":\"agree\",\"repness-test\":3.906825},{\"tid\":1,\"p-test\":3.7416573867739413,\"repness\":1.961904761904762,\"n-trials\":13,\"n-success\":13,\"p-success\":0.9333333333333333,\"repful-for\":\"agree\",\"repness-test\":3.6598272},{\"tid\":0,\"p-test\":1.8073922282301276,\"repness\":1.727134146341463,\"n-trials\":14,\"n-success\":10,\"p-success\":0.6875,\"repful-for\":\"agree\",\"repness-test\":2.4115531},{\"tid\":5,\"p-test\":1.8073922282301276,\"repness\":10.01785714285714,\"n-trials\":14,\"n-success\":10,\"p-success\":0.6875,\"repful-for\":\"disagree\",\"repness-test\":6.62783}]},\"consensus\":{\"agree\":[{\"tid\":7,\"p-test\":7.6681158050723255,\"n-trials\":119,\"n-success\":101,\"p-success\":0.8429752066115702},{\"tid\":4,\"p-test\":6.582188333072256,\"n-trials\":122,\"n-success\":97,\"p-success\":0.7903225806451613},{\"tid\":6,\"p-test\":6.194152191181725,\"n-trials\":116,\"n-success\":91,\"p-success\":0.7796610169491525},{\"tid\":5,\"p-test\":5.041841733655161,\"n-trials\":118,\"n-success\":86,\"p-success\":0.725}],\"disagree\":[]},\"meta-tids\":[],\"votes-base\":{\"0\":{\"A\":[0,0,0,1,0,0,1,0,1,0,0,0,1,2,0,0,0,0,0,0,1,0,0,0,1,0,0,0,0,0,0,0,0,0,0,0,0,0,1,0,1,2,1,0,1,0,1,0,1,0,0,1,0,13,1,0,0,0,0,0,0,1,8,4,0,3,1,1,1],\"D\":[0,1,1,0,0,0,0,2,0,1,1,0,0,0,0,0,1,0,1,0,0,0,0,1,0,1,1,1,1,0,1,1,1,1,0,0,1,1,0,1,0,0,0,0,0,0,0,0,0,0,3,0,11,0,0,0,1,1,0,1,0,0,0,0,0,0,0,0,0],\"S\":[1,1,1,1,1,1,1,2,1,1,1,1,1,2,1,1,1,2,1,1,1,1,1,1,1,1,1,1,1,1,1,1,1,1,1,3,1,1,1,1,1,2,1,3,1,1,1,1,1,1,3,1,11,13,1,0,1,1,3,1,2,1,8,4,1,3,1,1,1]},\"1\":{\"A\":[1,0,1,1,0,0,1,0,1,0,0,1,1,2,0,0,0,0,0,1,1,1,0,1,0,1,0,1,0,0,0,0,0,0,0,0,1,0,1,0,0,2,0,0,1,1,1,0,0,1,0,1,0,13,1,1,1,1,3,0,2,1,8,0,1,3,0,1,1],\"D\":[0,0,0,0,0,0,0,2,0,0,1,0,0,0,0,0,1,0,1,0,0,0,0,0,0,0,1,0,1,1,0,0,1,0,0,0,0,1,0,1,1,0,1,0,0,0,0,0,0,0,0,0,11,0,0,0,0,0,0,1,0,0,0,0,0,0,0,0,0],\"S\":[1,1,1,1,1,1,1,2,1,1,1,1,1,2,1,1,1,2,1,1,1,1,1,1,0,1,1,1,1,1,1,1,1,1,1,3,1,1,1,1,1,2,1,3,1,1,1,1,0,1,3,1,11,13,1,1,1,1,3,1,2,1,8,4,1,3,1,1,1]},\"2\":{\"A\":[1,0,1,1,0,0,1,0,1,0,0,0,1,2,0,0,0,0,0,1,1,1,0,0,1,1,0,1,0,0,0,0,0,0,0,0,0,0,1,1,0,2,1,0,1,1,1,0,1,0,0,1,0,13,1,1,1,0,3,0,2,1,8,4,1,0,0,1,0],\"D\":[0,0,0,0,0,0,0,2,0,1,0,0,0,0,0,1,1,0,1,0,0,0,0,1,0,0,1,0,1,1,1,1,1,0,0,0,0,1,0,0,0,0,0,0,0,0,0,1,0,0,0,0,11,0,0,0,0,1,0,1,0,0,0,0,0,0,0,0,0],\"S\":[1,1,1,1,1,1,1,2,1,1,1,1,1,2,1,1,1,2,1,1,1,1,1,1,