{
  "user": {},
  "ptpt": null,
  "nextComment": {
    "txt": "企業・団体献金は禁止する",
    "tid": 2,
    "created": "1728976364449",
    "tweet_id": null,
    "quote_src_url": null,
    "is_seed": true,
    "is_meta": false,
    "lang": null,
    "pid": 0,
    "randomN": 1.5242386361686768,
    "remaining": 8,
    "total": 8,
    "translations": []
  },
  "conversation": {
    "topic": "政治資金規制改革",
    "description": "",
    "link_url": null,
    "parent_url": null,
    "upvotes": 1,
    "participant_count": 182,
    "is_anon": false,
    "is_active": true,
    "is_draft": true,
    "is_public": true,
    "is_data_open": false,
    "profanity_filter": true,
    "spam_filter": true,
    "strict_moderation": false,
    "prioritize_seed": false,
    "vis_type": 1,
    "write_type": 1,
    "help_type": 1,
    "write_hint_type": 1,
    "style_btn": null,
    "socialbtn_type": 0,
    "subscribe_type": 1,
    "branding_type": 1,
    "bgcolor": null,
    "help_bgcolor": null,
    "help_color": null,
    "email_domain": null,
    "use_xid_whitelist": false,
    "owner": 72,
    "org_id": 72,
    "context": null,
    "course_id": null,
    "owner_sees_participation_stats": false,
    "auth_needed_to_vote": false,
    "auth_needed_to_write": true,
    "auth_opt_fb": true,
    "auth_opt_tw": true,
    "auth_opt_allow_3rdparty": true,
    "modified": "1729366764868",
    "created": "1728976361971",
    "site_id": "polis_site_id_wlE61IMj5fRdvFgrn7",
    "auth_opt_fb_computed": true,
    "auth_opt_tw_computed": true,
    "translations": [],
    "ownername": "admin",
    "is_mod": false,
    "is_owner": false,
    "conversation_id": "32ffrfvrrf"
  },
  "votes": [],
  "pca": "{\"n\":182,\"pca\":{\"comps\":[[0.5075275682757833,0.47060242403484087,0.545471755788,0.4497797307628922,-0.06401371221205943,-0.06359454376247167,0.08448689785973042,0.0763401998132888],[0.24026481007121742,0.04954693485594634,0.0731734842602503,-0.3361208985425304,0.5011764077962282,0.6626708140214944,0.3155199170559175,0.1778288151723035]],\"center\":[-0.20118343195266283,-0.37575757575757573,-0.276470588235294,-0.14201183431952658,-0.713450292397661,-0.621301775147929,-0.7289156626506023,-0.8443113772455086],\"comment-extremity\":[1.2687086524806335,0.8354995308898361,1.1262799994806958,1.3626171723478715,0.4094959123590747,0.7130612032013954,0.25044537438918046,0.08521834167487936],\"comment-projection\":[[-1.1467049703558543,-0.830907030875634,-1.1162807912470953,-1.0915061103216948,0.051882151338233776,0.06811740878149436,-0.06477967778099707,-0.03361670651719589],[-0.5428529781077046,-0.08748126747238112,-0.14974589250792525,0.8156837435597901,-0.4061959436174955,-0.7098001818342374,-0.24192246464420572,-0.0783076164926069]]},\"tids\":[0,1,2,3,4,5,6,7],\"mod-in\":[0,7,1,4,6,3,2,5],\"n-cmts\":8,\"in-conv\":[0,121,65,70,62,74,164,110,130,128,153,7,59,86,154,20,72,58,60,175,27,1,69,101,24,55,165,85,39,88,46,149,157,4,77,106,119,95,144,176,54,92,141,137,104,48,50,116,75,159,21,31,113,32,139,174,40,129,172,108,156,181,56,33,13,22,168,90,109,143,178,167,36,41,118,150,89,100,131,122,43,61,29,151,93,6,111,28,134,64,155,103,51,25,166,34,146,125,148,17,3,12,152,2,66,142,107,23,47,180,158,35,127,82,76,97,19,57,11,115,9,145,5,112,179,83,138,14,45,132,123,140,16,133,163,81,120,79,38,173,126,98,124,171,87,169,160,30,73,96,10,18,105,52,114,147,161,42,80,37,63,94,8,177,49],\"mod-out\":[],\"repness\":{\"0\":[{\"tid\":1,\"p-test\":6.777777777777778,\"n-agree\":70,\"repness\":3.066565040650407,\"n-trials\":80,\"n-success\":70,\"p-success\":0.8658536585365854,\"best-agree\":true,\"repful-for\":\"agree\",\"repness-test\":7.6767087},{\"tid\":0,\"p-test\":5.079850199442942,\"repness\":3.900779588944011,\"n-trials\":81,\"n-success\":63,\"p-success\":0.7710843373493976,\"repful-for\":\"agree\",\"repness-test\":7.5037093},{\"tid\":2,\"p-test\":5.666666666666666,\"repness\":2.884146341463415,\"n-trials\":80,\"n-success\":65,\"p-success\":0.8048780487804879,\"repful-for\":\"agree\",\"repness-test\":6.882821},{\"tid\":5,\"p-test\":8.333333333333334,\"repness\":1.704268292682927,\"n-trials\":80,\"n-success\":77,\"p-success\":0.951219512195122,\"repful-for\":\"agree\",\"repness-test\":5.997279},{\"tid\":4,\"p-test\":8.392795981688339,\"repness\":1.411300373909431,\"n-trials\":81,\"n-success\":78,\"p-success\":0.9518072289156627,\"repful-for\":\"agree\",\"repness-test\":4.729937}],\"1\":[{\"tid\":4,\"p-test\":6.301260378126044,\"n-agree\":47,\"repness\":1.213483146067416,\"n-trials\":50,\"n-success\":47,\"p-success\":0.9230769230769231,\"best-agree\":true,\"repful-for\":\"agree\",\"repness-test\":2.696737},{\"tid\":5,\"p-test\":5.181036310903637,\"repness\":1.196998123827392,\"n-trials\":50,\"n-success\":43,\"p-success\":0.8461538461538461,\"repful-for\":\"agree\",\"repness-test\":2.0806513},{\"tid\":2,\"p-test\":3.7807562268756274,\"repness\":17.4,\"n-trials\":50,\"n-success\":38,\"p-success\":0.75,\"repful-for\":\"disagree\",\"repness-test\":9.713017},{\"tid\":0,\"p-test\":2.9405881764588213,\"repness\":6.75,\"n-trials\":50,\"n-success\":35,\"p-success\":0.6923076923076923,\"repful-for\":\"disagree\",\"repness-test\":7.922965},{\"tid\":3,\"p-test\":2.9405881764588213,\"repness\":5.736263736263736,\"n-trials\":50,\"n-success\":35,\"p-success\":0.6923076923076923,\"repful-for\":\"disagree\",\"repness-test\":7.568214}],\"2\":[{\"tid\":3,\"p-test\":3.887709571751177,\"n-agree\":28,\"repness\":2.416666666666667,\"n-trials\":34,\"n-success\":28,\"p-success\":0.8055555555555556,\"best-agree\":true,\"repful-for\":\"agree\",\"repness-test\":5.216722},{\"tid\":2,\"p-test\":1.8593393604027364,\"repness\":1.258706467661692,\"n-trials\":34,\"n-success\":22,\"p-success\":0.638888888888889,\"repful-for\":\"agree\",\"repness-test\":1.5368546}]},\"consensus\":{\"agree\":[{\"tid\":7,\"p-test\":9.875414397573884,\"n-trials\":167,\"n-success\":147,\"p-success\":0.8757396449704142},{\"tid\":4,\"p-test\":8.234922797960651,\"n-trials\":171,\"n-success\":139,\"p-success\":0.8092485549132948},{\"tid\":6,\"p-test\":7.815614648594782,\"n-trials\":166,\"n-success\":133,\"p-success\":0.7976190476190476},{\"tid\":5,\"p-test\":6.595898904087386,\"n-trials\":169,\"n-success\":127,\"p-success\":0.7485380116959064},{\"tid\":1,\"p-test\":1.8627612616951992,\"n-trials\":165,\"n-success\":94,\"p-success\":0.5688622754491018}],\"disagree\":[]},\"meta-tids\":[],\"votes-base\":{\"0\":{\"A\":[0,0,0,1,0,0,1,0,2,0,0,0,1,2,0,0,0,0,0,0,1,0,0,0,1,0,0,0,0,0,0,0,0,0,0,0,0,1,2,1,1,0,1,1,0,0,1,0,0,0,1,0,1,1,1,0,0,0,4,1,0,0,0,1,0,1,0,0,0,1,1,0,0,5,0,0,0,0,1,0,4,26,1,0,0,2,9,1],\"D\":[0,1,1,0,0,0,0,2,0,1,1,0,0,0,0,0,1,0,1,0,0,0,0,1,0,1,1,1,1,0,1,1,1,1,0,1,1,0,0,0,0,0,0,0,0,0,0,0,0,0,0,0,0,0,0,1,1,0,0,0,0,1,0,0,0,0,1,0,3,0,0,15,1,0,2,0,1,1,0,0,0,0,0,0,0,0,0,0],\"S\":[1,1,1,1,1,1,1,2,2,1,1,1,1,2,1,1,1,2,1,1,1,1,1,1,1,1,1,1,1,1,1,1,1,1,1,1,1,1,2,1,1,1,1,1,1,1,1,1,1,1,1,1,1,1,1,1,1,1,4,1,3,1,1,1,5,1,1,1,3,1,1,15,1,5,2,3,1,1,1,1,4,26,1,3,2,2,9,1]},\"1\":{\"A\":[1,0,1,1,0,0,1,0,2,0,0,1,1,2,0,0,0,0,0,1,1,1,0,1,0,1,0,1,0,0,0,0,0,0,0,1,0,1,0,1,1,0,0,1,1,1,0,1,1,0,0,0,0,1,0,0,0,0,4,1,3,0,1,1,0,0,1,1,0,1,0,0,1,5,2,0,0,0,1,1,0,26,1,3,2,2,9,1],\"D\":[0,0,0,0,0,0,0,2,0,0,1,0,0,0,0,0,1,0,1,0,0,0,0,0,0,0,1,0,1,1,0,0,1,0,0,0,1,0,0,0,0,0,0,0,0,0,1,0,0,0,0,0,0,0,0,0,1,0,0,0,0,0,0,0,0,1,0,0,0,0,1,15,0,0,0,0,1,1,0,0,0,0,0,0,0,0,0,0],\"S\":[1,1,1,1,1,1,1,2,2,1,1,1,1,2,1,1,1,2,1,1,1,1,1,1,0,1,1,1,1,1,1,1,1,1,1,1,1,1,2,1,1,1,0,1,1,1,1,1,1,1,1,1,1,1,1,1,1,1,4,1,3,1,1,1,5,1,1,1,3,1,1,15,1,5,2,3,1,1,1,1,4,26,1,3,2,2,9,1]},\"2\":{\"A\":[1,0,1,1,0,0,1,0,2,0,0,0,1,2,0,0,0,0,0,1,1,1,0,0,1,1,0,1,0,0,0,0,0,0,0,0,0,1,0,1,1,0,1,1,1,1,0,0,1,0,0,0,0,1,1,0,0,0,4,1,3,0,0,1,0,1,1,1,0,1,0,0,0,0,2,0,0,1,0,0,4,26,1,3,2,2,9,0],\"D\":[0,0,0,0,0,0,0,2,0,1,0,0,0,0,0,1,1,0,1,0,0,0,0,1,0,0,1,0,1,1,1,1,1,0,0,0,1,0,0,0,0,1,0,0,0,0,0,0,0,1,1,1,1,0,0,1,1,1,0,0,0,1,0,0,0,0,0,0,0,0,1,15,1,0,0,0,1,0,1,0,0,0,0,0,0,0,0,0],\"S\":[1,1,1,1,1,1,1,2,2,1,1,1,1,2,1,1,1,2,1,1,1,1,1,1,1,1,1,1,1,1,1,1,1,1,1,1,1,1,2,1,1,1,1,1,1,1,1,0,1,1,1,1,