{
  "user": {},
  "ptpt": null,
  "nextComment": {
    "txt": "政治資金パーティーはオンライン含めて開催を禁止する",
    "tid": 0,
    "created": "1728976363211",
    "tweet_id": null,
    "quote_src_url": null,
    "is_seed": true,
    "is_meta": false,
    "lang": null,
    "pid": 0,
    "randomN": 0.3061674827203296,
    "remaining": 8,
    "total": 8,
    "translations": []
  },
  "conversation": {
    "topic": "政治資金規制改革",
    "description": "",
    "link_url": null,
    "parent_url": null,
    "upvotes": 1,
    "participant_count": 77,
    "is_anon": false,
    "is_active": true,
    "is_draft": true,
    "is_public": true,
    "is_data_open": false,
    "profanity_filter": true,
    "spam_filter": true,
    "strict_moderation": false,
    "prioritize_seed": false,
    "vis_type": 1,
    "write_type": 1,
    "help_type": 1,
    "write_hint_type": 1,
    "style_btn": null,
    "socialbtn_type": 0,
    "subscribe_type": 1,
    "branding_type": 1,
    "bgcolor": null,
    "help_bgcolor": null,
    "help_color": null,
    "email_domain": null,
    "use_xid_whitelist": false,
    "owner": 72,
    "org_id": 72,
    "context": null,
    "course_id": null,
    "owner_sees_participation_stats": false,
    "auth_needed_to_vote": false,
    "auth_needed_to_write": true,
    "auth_opt_fb": true,
    "auth_opt_tw": true,
    "auth_opt_allow_3rdparty": true,
    "modified": "1729304540029",
    "created": "1728976361971",
    "site_id": "polis_site_id_wlE61IMj5fRdvFgrn7",
    "auth_opt_fb_computed": true,
    "auth_opt_tw_computed": true,
    "translations": [],
    "ownername": "admin",
    "is_mod": false,
    "is_owner": false,
    "conversation_id": "32ffrfvrrf"
  },
  "votes": [],
  "pca": "{\"n\":77,\"pca\":{\"comps\":[[0.5000638288399126,0.4402696768721799,0.4948952768412815,0.5209075199599646,-0.13646660057999063,-0.12240860077792254,0.07757017993622335,0.014445341414381602],[0.21596818733610296,0.09536850928309024,0.08947309130422211,-0.13030316764178526,0.531283382123727,0.6896609284430542,0.36067599524092037,0.17690912369369863]],\"center\":[-0.08333333333333331,-0.2714285714285715,-0.27777777777777785,-0.16666666666666666,-0.6805555555555557,-0.5833333333333335,-0.7058823529411763,-0.8732394366197183],\"comment-extremity\":[1.4122762751728215,0.9283098875404796,1.0273377313716137,1.2656214104987764,0.4956107536336008,0.8254763454492872,0.30690361905633035,0.06363885883194756],\"comment-projection\":[[-1.2965279227956414,-0.9072686501384886,-1.01094877355814,-1.2277907991158596,0.12330103052991721,0.14425991947604316,-0.06452988264795793,-0.005179131821745182],[-0.5599460892150586,-0.19652695433782805,-0.1827714188298225,0.30712751149864626,-0.48002799396235857,-0.8127731987024895,-0.30004287299536697,-0.0634277616427187]]},\"tids\":[0,1,2,3,4,5,6,7],\"mod-in\":[0,7,1,4,6,3,2,5],\"n-cmts\":8,\"in-conv\":[0,65,70,62,74,7,59,20,72,58,60,27,1,69,24,55,39,46,4,54,48,50,75,21,31,32,40,56,33,13,22,36,41,43,61,29,6,28,64,51,25,34,17,3,12,2,66,23,47,35,76,19,57,11,9,5,14,45,16,38,30,73,10,18,52,42,37,63,8,49],\"mod-out\":[],\"repness\":{\"0\":[{\"tid\":4,\"p-test\":5,\"n-agree\":24,\"repness\":1.442307692307692,\"n-trials\":24,\"n-success\":24,\"p-success\":0.9615384615384615,\"best-agree\":true,\"repful-for\":\"agree\",\"repness-test\":3.1746476},{\"tid\":5,\"p-test\":3.8,\"repness\":1.242788461538462,\"n-trials\":24,\"n-success\":21,\"p-success\":0.8461538461538461,\"repful-for\":\"agree\",\"repness-test\":1.7385803},{\"tid\":3,\"p-test\":3.3999999999999995,\"repness\":12.65384615384615,\"n-trials\":24,\"n-success\":20,\"p-success\":0.8076923076923077,\"repful-for\":\"disagree\",\"repness-test\":6.5917907},{\"tid\":2,\"p-test\":1.4000000000000001,\"repness\":28.92307692307692,\"n-trials\":24,\"n-success\":15,\"p-success\":0.6153846153846154,\"repful-for\":\"disagree\",\"repness-test\":5.830805},{\"tid\":0,\"p-test\":3.0000000000000004,\"repness\":9.230769230769232,\"n-trials\":24,\"n-success\":19,\"p-success\":0.7692307692307692,\"repful-for\":\"disagree\",\"repness-test\":6.1263294}],\"1\":[{\"tid\":0,\"p-test\":2.611164839335468,\"n-agree\":23,\"repness\":4.705882352941176,\"n-trials\":32,\"n-success\":23,\"p-success\":0.7058823529411765,\"best-agree\":true,\"repful-for\":\"agree\",\"repness-test\":4.917542},{\"tid\":1,\"p-test\":3.5355339059327378,\"repness\":2.865013774104683,\"n-trials\":31,\"n-success\":25,\"p-success\":0.7878787878787878,\"repful-for\":\"agree\",\"repness-test\":4.45184},{\"tid\":2,\"p-test\":3.5355339059327378,\"repness\":2.865013774104683,\"n-trials\":31,\"n-success\":25,\"p-success\":0.7878787878787878,\"repful-for\":\"agree\",\"repness-test\":4.45184},{\"tid\":5,\"p-test\":5.303300858899107,\"repness\":1.633728590250329,\"n-trials\":31,\"n-success\":30,\"p-success\":0.9393939393939394,\"repful-for\":\"agree\",\"repness-test\":3.7235885},{\"tid\":6,\"p-test\":4.949747468305833,\"repness\":1.418181818181818,\"n-trials\":31,\"n-success\":29,\"p-success\":0.9090909090909091,\"repful-for\":\"agree\",\"repness-test\":2.8401036}],\"2\":[{\"tid\":3,\"p-test\":2.8401877872187726,\"n-agree\":12,\"repness\":2.105113636363636,\"n-trials\":14,\"n-success\":12,\"p-success\":0.8125,\"best-agree\":true,\"repful-for\":\"agree\",\"repness-test\":3.2597728},{\"tid\":5,\"p-test\":1.2909944487358063,\"repness\":17.8125,\"n-trials\":14,\"n-success\":9,\"p-success\":0.625,\"repful-for\":\"disagree\",\"repness-test\":5.790936}]},\"consensus\":{\"agree\":[{\"tid\":7,\"p-test\":6.599663291074444,\"n-trials\":71,\"n-success\":63,\"p-success\":0.8767123287671234},{\"tid\":4,\"p-test\":5.032769329433615,\"n-trials\":72,\"n-success\":57,\"p-success\":0.7837837837837838},{\"tid\":6,\"p-test\":4.695048270345,\"n-trials\":68,\"n-success\":53,\"p-success\":0.7714285714285714},{\"tid\":5,\"p-test\":4.09644015186457,\"n-trials\":72,\"n-success\":53,\"p-success\":0.7297297297297297}],\"disagree\":[]},\"meta-tids\":[],\"votes-base\":{\"0\":{\"A\":[0,0,0,0,1,0,0,1,1,0,1,0,1,0,2,0,1,1,0,0,1,1,0,0,0,0,0,1,0,0,1,0,1,0,0,2,0,0,1,11,0,0,0],\"D\":[0,0,1,1,0,0,0,0,0,0,0,2,0,1,0,0,0,0,1,0,0,0,0,1,0,1,0,0,1,0,0,0,0,0,7,0,3,1,0,0,1,1,0],\"S\":[2,1,1,1,1,1,1,1,1,1,1,2,1,1,2,1,1,1,1,1,1,1,1,1,1,1,2,1,1,1,1,2,1,1,7,2,3,1,1,11,1,4,1]},\"1\":{\"A\":[0,1,0,1,1,0,0,1,1,1,0,0,1,0,2,1,1,0,0,1,1,1,0,0,0,0,0,1,0,1,1,2,0,1,0,0,0,1,1,11,0,1,1],\"D\":[0,0,0,0,0,0,0,0,0,0,0,2,0,0,0,0,0,0,1,0,0,0,0,1,0,1,0,0,1,0,0,0,1,0,7,0,0,0,0,0,1,0,0],\"S\":[2,1,1,1,1,1,1,1,1,1,0,2,1,1,2,1,1,1,1,1,1,1,1,1,1,1,2,1,1,1,1,2,1,1,7,2,3,1,1,11,1,4,1]},\"2\":{\"A\":[0,1,0,1,1,0,0,1,1,0,1,0,1,0,2,1,1,0,0,0,1,1,0,1,0,0,0,0,0,1,1,2,1,1,0,2,0,0,0,11,0,1,1],\"D\":[0,0,0,0,0,0,0,0,0,0,0,2,0,1,0,0,0,0,0,0,0,0,0,0,1,1,0,0,1,0,0,0,0,0,7,0,0,1,0,0,1,0,0],\"S\":[2,1,1,1,1,1,1,1,1,0,1,2,1,1,2,1,1,1,1,1,1,1,1,1,1,1,2,1,1,1,1,2,1,1,7,2,3,1,1,11,1,4,1]},\"3\":{\"A\":[0,1,1,1,1,1,1,1,0,0,1,0,1,1,0,1,1,1,0,0,1,1,0,1,0,0,2,1,0,0,1,0,1,0,0,0,0,0,0,11,0,0,1],\"D\":[0,0,0,0,0,0,0,0,1,0,0,2,0,0,0,0,0,0,1,0,0,0,1,0,1,1,0,0,1,0,0,0,0,1,7,0,3,1,0,0,1,1,0],\"S\":[2,1,1,1,1,1,1,1,1,0,1,2,1,1,2,1,1,1,1,1,1,1,1,1,1,1,2,1,1,1,1,2,1,1,7,2,3,1,1,11,1,4,1]},\"4\":{\"A\":[0,0,0,0,0,0,0,0,1,1,1,2,0,1,2,1,0,1,1,0,1,1,1,0,1,1,2,1,1,0,0,2,1,1,7,2,3,1,1,11,1,4,1],\"D\":[0,1,1,1,1,1,0,1,0,0,0,0,1,0,0,0,0,0,0,0,0,0,0,1,0,0,0,0,0,0,0,0,0,0,0,0,0,0,0,0,0,0,0],\"S\":[2,1,1,1,1,1,1,1,1,1,1,2,1,1,2,1,1,1,1,1,1,1,1,1,1,1,2,1,1,1,1,2,1,1,7,2,3,1,1,11,1,4,1]},\"5\":{\"A\":[0,0,0,0,0,0,0,0,1,1,0,2,0,1,2,1,1,1,1,1,0,0,0,1,1,0,2,1,0,1,0,2,1,1,7,2,3,1,1,11,1,4,0],\"D\":[0,1,1,1,1,1,0,1,0,0,0,0,0,0,0,0,0,0,0,0,0,1,0,0,0,0,0,0,1,0,1,0,0,0,0,0,0,0,0,0,0,0,1],\"S\":[2,1,1,1,1,1,1,1,1,1,0,2,1,1,2,1,1,1,1,1,1,1,1,1,1,1,2,1,1,1,1,2,1,1,7,2,3,1,1,11,1,4,1]},\"6\":{\"A\":[0,1,1,0,0,1,0,0,1,1,0,0,1,1,2,1,1,1,1,1,0,1,0,1,0,0,2,1,0,0,0,2,1,1,7,2,3,1,1,11,1,4,0],\"D\":[0,0,0,0,0,0,0,0,0,0,0,2,0,0,0,0,0,0,0,0,0,0,0,0,0,1,0,0,1,0,1,0,0,0,0,0,0,0,0,0,0,0,0],\"S\":[2,1,1,1,1,1,1,1,1,1,0,2,1,1,2,1,1,1,1,1,1,1,1,1,1,1,2,1,1,1,1,2,1,1,7,2,3,1,1,11,1,4,0]},\"7\":{\"A\":[0,1,1,1,0,1,0,1,1,1,1,2,1,1,2,1,1,1,