{
  "user": {},
  "ptpt": null,
  "nextComment": {
    "txt": "政策活動費は使途公開の義務などをもって実施する",
    "tid": 4,
    "created": "1728976365271",
    "tweet_id": null,
    "quote_src_url": null,
    "is_seed": true,
    "is_meta": false,
    "lang": null,
    "pid": 0,
    "randomN": 3.926812340936161,
    "remaining": 8,
    "total": 8,
    "translations": []
  },
  "conversation": {
    "topic": "政治資金規制改革",
    "description": "",
    "link_url": null,
    "parent_url": null,
    "upvotes": 1,
    "participant_count": 34,
    "is_anon": false,
    "is_active": true,
    "is_draft": true,
    "is_public": true,
    "is_data_open": false,
    "profanity_filter": true,
    "spam_filter": true,
    "strict_moderation": false,
    "prioritize_seed": false,
    "vis_type": 1,
    "write_type": 1,
    "help_type": 1,
    "write_hint_type": 1,
    "style_btn": null,
    "socialbtn_type": 0,
    "subscribe_type": 1,
    "branding_type": 1,
    "bgcolor": null,
    "help_bgcolor": null,
    "help_color": null,
    "email_domain": null,
    "use_xid_whitelist": false,
    "owner": 72,
    "org_id": 72,
    "context": null,
    "course_id": null,
    "owner_sees_participation_stats": false,
    "auth_needed_to_vote": false,
    "auth_needed_to_write": true,
    "auth_opt_fb": true,
    "auth_opt_tw": true,
    "auth_opt_allow_3rdparty": true,
    "modified": "1729264201883",
    "created": "1728976361971",
    "site_id": "polis_site_id_wlE61IMj5fRdvFgrn7",
    "auth_opt_fb_computed": true,
    "auth_opt_tw_computed": true,
    "translations": [],
    "ownername": "admin",
    "is_mod": false,
    "is_owner": false,
    "conversation_id": "32ffrfvrrf"
  },
  "votes": [],
  "pca": "{\"n\":34,\"pca\":{\"comps\":[[0.41095897251893915,0.40568479900983184,0.47544051237586427,0.4948965943972698,-0.325109181321061,-0.2870864592337391,0.06890338241276536,-0.05199957539975151],[0.387215819567184,0.22922669734725484,0.24426945363124125,-0.056879137400480166,0.5755463017415137,0.580736814651628,0.24863677542593177,0.06547662649524887]],\"center\":[0,-0.2903225806451613,-0.1875,-0.1875,-0.4375,-0.46875,-0.6451612903225806,-0.8484848484848484],\"comment-extremity\":[1.5970557110305406,0.935321529421718,1.2283780045597028,1.1448073111001462,1.0516788890779933,0.9734191999784167,0.25894556997933366,0.0358323421195542],\"comment-projection\":[[-1.1623675050303917,-0.8143192765021137,-1.092608433643286,-1.1373203981244229,0.5172455401607905,0.4313766619859011,-0.0691538759301057,0.022284395384233633],[-1.0952117271946498,-0.4601200705433918,-0.5613549080729968,0.13071377723274294,-0.9156885589085921,-0.8726162469152878,-0.24954067735695024,-0.028059979760005616]]},\"tids\":[0,1,2,3,4,5,6,7],\"mod-in\":[0,7,1,4,6,3,2,5],\"n-cmts\":8,\"in-conv\":[0,7,20,27,1,24,4,21,31,32,33,13,22,29,6,28,25,17,3,12,2,23,19,11,9,5,14,16,30,10,18,8],\"mod-out\":[],\"repness\":{\"0\":[{\"tid\":4,\"p-test\":3.1622776601683795,\"n-agree\":9,\"repness\":1.748251748251748,\"n-trials\":9,\"n-success\":9,\"p-success\":0.9090909090909091,\"best-agree\":true,\"repful-for\":\"agree\",\"repness-test\":2.6029527},{\"tid\":5,\"p-test\":3.1622776601683795,\"repness\":1.678321678321678,\"n-trials\":9,\"n-success\":9,\"p-success\":0.9090909090909091,\"repful-for\":\"agree\",\"repness-test\":2.4976358},{\"tid\":2,\"p-test\":2.529822128134704,\"repness\":19.63636363636364,\"n-trials\":9,\"n-success\":8,\"p-success\":0.8181818181818182,\"repful-for\":\"disagree\",\"repness-test\":4.920343},{\"tid\":3,\"p-test\":2.529822128134704,\"repness\":6.545454545454545,\"n-trials\":9,\"n-success\":8,\"p-success\":0.8181818181818182,\"repful-for\":\"disagree\",\"repness-test\":4.2234373},{\"tid\":0,\"p-test\":2.529822128134704,\"repness\":5.113636363636364,\"n-trials\":9,\"n-success\":8,\"p-success\":0.8181818181818182,\"repful-for\":\"disagree\",\"repness-test\":4.0092688}],\"1\":[{\"tid\":5,\"p-test\":3.605551275463989,\"n-agree\":12,\"repness\":1.95,\"n-trials\":12,\"n-success\":12,\"p-success\":0.9285714285714286,\"best-agree\":true,\"repful-for\":\"agree\",\"repness-test\":3.0538642},{\"tid\":6,\"p-test\":3.605551275463989,\"repness\":1.772727272727273,\"n-trials\":12,\"n-success\":12,\"p-success\":0.9285714285714286,\"repful-for\":\"agree\",\"repness-test\":2.8361506},{\"tid\":1,\"p-test\":2.496150883013531,\"repness\":2.75,\"n-trials\":12,\"n-success\":10,\"p-success\":0.7857142857142857,\"repful-for\":\"agree\",\"repness-test\":3.0674267},{\"tid\":2,\"p-test\":2.496150883013531,\"repness\":2.75,\"n-trials\":12,\"n-success\":10,\"p-success\":0.7857142857142857,\"repful-for\":\"agree\",\"repness-test\":3.0674267},{\"tid\":4,\"p-test\":3.2071349029490928,\"repness\":1.82,\"n-trials\":13,\"n-success\":12,\"p-success\":0.8666666666666667,\"repful-for\":\"agree\",\"repness-test\":2.6289446}],\"2\":[{\"tid\":3,\"p-test\":2.1105794120443457,\"n-agree\":8,\"repness\":1.725,\"n-trials\":10,\"n-success\":8,\"p-success\":0.75,\"best-agree\":true,\"repful-for\":\"agree\",\"repness-test\":1.992467},{\"tid\":4,\"p-test\":1.5075567228888183,\"repness\":16,\"n-trials\":10,\"n-success\":7,\"p-success\":0.6666666666666667,\"repful-for\":\"disagree\",\"repness-test\":4.227991}]},\"consensus\":{\"agree\":[{\"tid\":7,\"p-test\":4.115966043420212,\"n-trials\":33,\"n-success\":28,\"p-success\":0.8285714285714286},{\"tid\":6,\"p-test\":2.4748737341529163,\"n-trials\":31,\"n-success\":22,\"p-success\":0.696969696969697},{\"tid\":4,\"p-test\":1.914854215512677,\"n-trials\":32,\"n-success\":21,\"p-success\":0.6470588235294118},{\"tid\":5,\"p-test\":1.914854215512677,\"n-trials\":32,\"n-success\":21,\"p-success\":0.6470588235294118}],\"disagree\":[]},\"meta-tids\":[],\"votes-base\":{\"0\":{\"A\":[0,0,0,0,1,0,0,1,2,1,0,1,0,0,0,1,0,0,2,0,0,1,1,0,1],\"D\":[0,0,1,1,0,0,0,0,0,0,0,0,4,2,1,0,1,1,0,0,0,0,0,0,0],\"S\":[2,1,1,1,1,1,1,1,2,1,1,1,4,2,1,1,1,1,2,1,1,1,1,1,1]},\"1\":{\"A\":[0,1,0,1,1,0,0,1,2,1,1,0,0,0,1,1,0,0,2,1,0,1,1,0,0],\"D\":[0,0,0,0,0,0,0,0,0,0,0,0,4,2,0,0,0,0,0,0,0,0,0,0,0],\"S\":[2,1,1,1,1,1,1,1,2,1,1,0,4,2,1,1,1,1,2,1,1,1,1,1,1]},\"2\":{\"A\":[0,1,0,1,1,0,0,1,2,1,0,1,0,0,1,1,0,0,2,1,0,1,1,0,0],\"D\":[0,0,0,0,0,0,0,0,0,0,0,0,4,2,0,0,0,1,0,0,0,0,0,1,0],\"S\":[2,1,1,1,1,1,1,1,2,1,0,1,4,2,1,1,1,1,2,1,1,1,1,1,1]},\"3\":{\"A\":[0,1,1,1,1,1,1,1,2,0,0,1,0,0,0,1,0,1,0,1,1,1,1,0,1],\"D\":[0,0,0,0,0,0,0,0,0,1,0,0,4,2,1,0,1,0,0,0,0,0,0,1,0],\"S\":[2,1,1,1,1,1,1,1,2,1,0,1,4,2,1,1,1,1,2,1,1,1,1,1,1]},\"4\":{\"A\":[0,0,0,0,0,0,0,0,2,1,1,1,4,2,1,0,1,1,2,1,1,1,0,1,1],\"D\":[0,1,1,1,1,1,0,1,0,0,0,0,0,0,0,1,0,0,0,0,0,0,0,0,0],\"S\":[2,1,1,1,1,1,1,1,2,1,1,1,4,2,1,1,1,1,2,1,1,1,1,1,1]},\"5\":{\"A\":[0,0,0,0,0,0,0,0,2,1,1,0,4,2,1,0,1,1,2,1,1,1,1,1,1],\"D\":[0,1,1,1,1,1,0,1,0,0,0,0,0,0,0,0,0,0,0,0,0,0,0,0,0],\"S\":[2,1,1,1,1,1,1,1,2,1,1,0,4,2,1,1,1,1,2,1,1,1,1,1,1]},\"6\":{\"A\":[0,1,1,0,0,1,0,0,2,1,1,0,4,0,1,1,1,1,2,1,1,1,1,0,1],\"D\":[0,0,0,0,0,0,0,0,0,0,0,0,0,2,0,0,0,0,0,0,0,0,0,0,0],\"S\":[2,1,1,1,1,1,1,1,2,1,1,0,4,2,1,1,1,1,2,1,1,1,1,1,1]},\"7\":{\"A\":[0,1,1,1,0,1,0,1,2,1,1,1,4,2,1,1,1,1,2,1,1,0,1,1,1],\"D\":[0,0,0,0,0,0,0,0,0,0,0,0,0,0,0,0,0,0,0,0,0,0,0,0,0],\"S\":[2,1,1,1,1,1,1,1,2,1,1,1,4,2,1,1,1,1,2,1,1,1,1,1,1]}},\"group-votes\":{\"0\":{\"votes\":{\"0\":{\"A\":0,\"D\":8,\"S\":9},\"1\":{\"A\":0,\"D\":6,\"S\":9},\"2\":{\"A\":0,\"D\":8,\"S\":9},\"3\":{\"A\":1,\"D\":8,\"S\":9},\"4\":{\"A\":9,\"D\":0,\"S\":9},\"5\":{\"A\":9,\"D\":0,\"S\":9},\"6\":{\"A\":6,\"D\":2,\"S\":9},\"7\":{\"A\":9,\"D\":0,\"S\":9}},\"n-members\":9,\"id\":0},\"1\":{\"votes\":{\"0\":{\"A\":9,\"D\":1,\"S\":13},\"1\":{\"A\":10,\"D\":0,\"S\":12},\"2\":{\"A\":10,\"D\":0,\"S\":12},\"3\":{\"A\":8,\"D\":2,\"S\":12},\"4\":{\"A\":12,\"D\":0,\"S\":13},\"5\":{\"A\":12,\"D\":0,\"S\":12},\"6\":{\"A\":12,\"D\":0,\"S\":12},\"7\":{\"A\":12,\"D\":0,\"S\":13}},\"n-members\":13,\"id\":1},\"2\":{\"votes\":{\"0\":{\"A\":3,\"D\":2,\"S\":10},\"1\":{\"A\":5,\"D\":0,\"S\":10},\"2\":{\"A\":5,\"D\":0,\"S\":10},\"3\":{\"A\":8,\"D\":0,\"S\":10},\"4\":{\"A\":0,\"D\":7,\"S\":10},\"5\":{\"A\":0,\"D\":6,\"S\":10},