{
  "user": {},
  "ptpt": null,
  "nextComment": {
    "txt": "政策活動費を維持するにあたり、その監査に関する「第三者機関」を創設する",
    "tid": 5,
    "created": "1728976365685",
    "tweet_id": null,
    "quote_src_url": null,
    "is_seed": true,
    "is_meta": false,
    "lang": null,
    "pid": 0,
    "randomN": 4.604793982318749,
    "remaining": 8,
    "total": 8,
    "translations": []
  },
  "conversation": {
    "topic": "政治資金規制改革",
    "description": "",
    "link_url": null,
    "parent_url": null,
    "upvotes": 1,
    "participant_count": 39,
    "is_anon": false,
    "is_active": true,
    "is_draft": true,
    "is_public": true,
    "is_data_open": false,
    "profanity_filter": true,
    "spam_filter": true,
    "strict_moderation": false,
    "prioritize_seed": false,
    "vis_type": 1,
    "write_type": 1,
    "help_type": 1,
    "write_hint_type": 1,
    "style_btn": null,
    "socialbtn_type": 0,
    "subscribe_type": 1,
    "branding_type": 1,
    "bgcolor": null,
    "help_bgcolor": null,
    "help_color": null,
    "email_domain": null,
    "use_xid_whitelist": false,
    "owner": 72,
    "org_id": 72,
    "context": null,
    "course_id": null,
    "owner_sees_participation_stats": false,
    "auth_needed_to_vote": false,
    "auth_needed_to_write": true,
    "auth_opt_fb": true,
    "auth_opt_tw": true,
    "auth_opt_allow_3rdparty": true,
    "modified": "1729266851496",
    "created": "1728976361971",
    "site_id": "polis_site_id_wlE61IMj5fRdvFgrn7",
    "auth_opt_fb_computed": true,
    "auth_opt_tw_computed": true,
    "translations": [],
    "ownername": "admin",
    "is_mod": false,
    "is_owner": false,
    "conversation_id": "32ffrfvrrf"
  },
  "votes": [],
  "pca": "{\"n\":38,\"pca\":{\"comps\":[[0.4324608490866909,0.4148312949982956,0.45307830712685926,0.5112174676508344,-0.3083790022760529,-0.2717065483566914,0.05109950285899983,-0.052308148694682914],[0.3741847651285047,0.21722330998426828,0.23404979873922468,-0.05388644449591981,0.5841493418904723,0.5867056387569353,0.2535646328004409,0.07326496275467129]],\"center\":[0.027027027027027025,-0.2571428571428572,-0.19444444444444445,-0.1388888888888889,-0.5,-0.5277777777777778,-0.6857142857142857,-0.8648648648648648],\"comment-extremity\":[1.661212008281608,0.9838771302889152,1.1619211375219292,1.2520142123759594,0.9341606528599304,0.8635837581389556,0.2299337692915697,0.034408063818037286],\"comment-projection\":[[-1.256243022865067,-0.8716092074610275,-1.0323186175510868,-1.2451161643493895,0.4361137673698776,0.36290380313430226,-0.04542409769776705,0.01999321440720247],[-1.0869585106901976,-0.45641165297865754,-0.5332719772101913,0.13124528664777999,-0.8261119217528239,-0.7836311230368928,-0.22540228394799489,-0.028003325398490774]]},\"tids\":[0,1,2,3,4,5,6,7],\"mod-in\":[0,7,1,4,6,3,2,5],\"n-cmts\":8,\"in-conv\":[0,7,20,27,1,24,4,21,31,32,33,13,22,36,29,6,28,25,34,17,3,12,2,23,35,19,11,9,5,14,16,30,10,18,37,8],\"mod-out\":[],\"repness\":{\"0\":[{\"tid\":4,\"p-test\":3.7416573867739413,\"n-agree\":13,\"repness\":1.794871794871795,\"n-trials\":13,\"n-success\":13,\"p-success\":0.9333333333333333,\"best-agree\":true,\"repful-for\":\"agree\",\"repness-test\":3.0051396},{\"tid\":5,\"p-test\":3.7416573867739413,\"repness\":1.723076923076923,\"n-trials\":13,\"n-success\":13,\"p-success\":0.9333333333333333,\"repful-for\":\"agree\",\"repness-test\":2.8881457},{\"tid\":7,\"p-test\":3.7416573867739413,\"repness\":1.228070175438596,\"n-trials\":13,\"n-success\":13,\"p-success\":0.9333333333333333,\"repful-for\":\"agree\",\"repness-test\":1.8326445},{\"tid\":3,\"p-test\":2.6726124191242433,\"repness\":9.6,\"n-trials\":13,\"n-success\":11,\"p-success\":0.8,\"repful-for\":\"disagree\",\"repness-test\":4.6848607},{\"tid\":0,\"p-test\":2.6726124191242433,\"repness\":6.666666666666667,\"n-trials\":13,\"n-success\":11,\"p-success\":0.8,\"repful-for\":\"disagree\",\"repness-test\":4.4539742}],\"1\":[{\"tid\":0,\"p-test\":2.1380899352993947,\"n-agree\":10,\"repness\":4.583333333333333,\"n-trials\":13,\"n-success\":10,\"p-success\":0.7333333333333333,\"best-agree\":true,\"repful-for\":\"agree\",\"repness-test\":3.7659621},{\"tid\":1,\"p-test\":2.496150883013531,\"repness\":2.806122448979592,\"n-trials\":12,\"n-success\":10,\"p-success\":0.7857142857142857,\"repful-for\":\"agree\",\"repness-test\":3.2214887},{\"tid\":2,\"p-test\":2.496150883013531,\"repness\":2.806122448979592,\"n-trials\":12,\"n-success\":10,\"p-success\":0.7857142857142857,\"repful-for\":\"agree\",\"repness-test\":3.2214887},{\"tid\":5,\"p-test\":3.605551275463989,\"repness\":1.658163265306122,\"n-trials\":12,\"n-success\":12,\"p-success\":0.9285714285714286,\"repful-for\":\"agree\",\"repness-test\":2.7244887},{\"tid\":6,\"p-test\":3.605551275463989,\"repness\":1.547619047619048,\"n-trials\":12,\"n-success\":12,\"p-success\":0.9285714285714286,\"repful-for\":\"agree\",\"repness-test\":2.5381024}],\"2\":[{\"tid\":3,\"p-test\":2.1105794120443457,\"n-agree\":8,\"repness\":1.840909090909091,\"n-trials\":10,\"n-success\":8,\"p-success\":0.75,\"best-agree\":true,\"repful-for\":\"agree\",\"repness-test\":2.2042296},{\"tid\":4,\"p-test\":1.5075567228888183,\"repness\":18.66666666666667,\"n-trials\":10,\"n-success\":7,\"p-success\":0.6666666666666667,\"repful-for\":\"disagree\",\"repness-test\":4.538864}]},\"consensus\":{\"agree\":[{\"tid\":7,\"p-test\":4.54219979166135,\"n-trials\":37,\"n-success\":32,\"p-success\":0.8461538461538461},{\"tid\":6,\"p-test\":3,\"n-trials\":35,\"n-success\":26,\"p-success\":0.7297297297297297},{\"tid\":4,\"p-test\":2.46598480958036,\"n-trials\":36,\"n-success\":25,\"p-success\":0.6842105263157895},{\"tid\":5,\"p-test\":2.46598480958036,\"n-trials\":36,\"n-success\":25,\"p-success\":0.6842105263157895}],\"disagree\":[]},\"meta-tids\":[],\"votes-base\":{\"0\":{\"A\":[0,0,0,0,1,0,0,1,3,1,0,1,0,0,0,1,0,0,2,0,0,1,1,0,1,0,0],\"D\":[0,0,1,1,0,0,0,0,0,0,0,0,4,2,1,0,2,1,0,0,0,0,0,0,0,1,0],\"S\":[2,1,1,1,1,1,1,1,3,1,1,1,4,2,1,1,2,1,2,1,1,1,1,1,1,1,1]},\"1\":{\"A\":[0,1,0,1,1,0,0,1,3,1,1,0,0,0,1,1,0,0,2,1,0,1,1,0,0,0,0],\"D\":[0,0,0,0,0,0,0,0,0,0,0,0,4,2,0,0,0,0,0,0,0,0,0,0,0,1,0],\"S\":[2,1,1,1,1,1,1,1,3,1,1,0,4,2,1,1,2,1,2,1,1,1,1,1,1,1,1]},\"2\":{\"A\":[0,1,0,1,1,0,0,1,3,1,0,1,0,0,1,1,0,0,2,1,0,1,1,0,0,0,0],\"D\":[0,0,0,0,0,0,0,0,0,0,0,0,4,2,0,0,0,1,0,0,0,0,0,1,0,0,0],\"S\":[2,1,1,1,1,1,1,1,3,1,0,1,4,2,1,1,2,1,2,1,1,1,1,1,1,1,1]},\"3\":{\"A\":[0,1,1,1,1,1,1,1,3,0,0,1,0,0,0,1,0,1,0,1,1,1,1,0,1,0,0],\"D\":[0,0,0,0,0,0,0,0,0,1,0,0,4,2,1,0,2,0,0,0,0,0,0,1,0,1,0],\"S\":[2,1,1,1,1,1,1,1,3,1,0,1,4,2,1,1,2,1,2,1,1,1,1,1,1,1,1]},\"4\":{\"A\":[0,0,0,0,0,0,0,0,3,1,1,1,4,2,1,0,2,1,2,1,1,1,0,1,1,1,1],\"D\":[0,1,1,1,1,1,0,1,0,0,0,0,0,0,0,1,0,0,0,0,0,0,0,0,0,0,0],\"S\":[2,1,1,1,1,1,1,1,3,1,1,1,4,2,1,1,2,1,2,1,1,1,1,1,1,1,1]},\"5\":{\"A\":[0,0,0,0,0,0,0,0,3,1,1,0,4,2,1,0,2,1,2,1,1,1,1,1,1,1,1],\"D\":[0,1,1,1,1,1,0,1,0,0,0,0,0,0,0,0,0,0,0,0,0,0,0,0,0,0,0],\"S\":[2,1,1,1,1,1,1,1,3,1,1,0,4,2,1,1,2,1,2,1,1,1,1,1,1,1,1]},\"6\":{\"A\":[0,1,1,0,0,1,0,0,3,1,1,0,4,0,1,1,2,1,2,1,1,1,1,0,1,1,1],\"D\":[0,0,0,0,0,0,0,0,0,0,0,0,0,2,0,0,0,0,0,0,0,0,0,0,0,0,0],\"S\":[2,1,1,1,1,1,1,1,3,1,1,0,4,2,1,1,2,1,2,1,1,1,1,1,1,1,1]},\"7\":{\"A\":[0,1,1,1,0,1,0,1,3,1,1,1,4,2,1,1,2,1,2,1,1,0,1,1,1,1,1],\"D\":[0,0,0,0,0,0,0,0,0,0,0,0,0,0,0,0,0,0,0,0,0,0,0,0,0,0,0],\"S\":[2,1,1,1,1,1,1,1,3,1,1,1,4,2,1,1,2,1,2,1,1,1,1,1,1,1,1]}},\"group-votes\":{\"0\":{\"votes\":{\"0\":{\"A\":0,\"D\":11,\"S\":13},\"1\":{\"A\":1,\"D\":7,\"S\":13},\"2\":{\"A\":1,\"D\":8,\"S\":13},\"3\":{\"A\":1,\"D\":11,\"S\":13},\"4\":{\"A\":13,\"D\":0,\"S\":13},\"5\":{\"A\":13,\"D\":0,\"S\":13},\"6\":{\"A\":10,\"D\":2,\"S\":13},\"7\":{\"A\":13,\"D\":0,\"S\":13}},\"n-members\":13,\"id\":0},\"1\":{\"votes\":{\"0\":{\"A\":10,\"D\":0,\"S\":13},\"1\":{\"A\":10,\"D\":0,\"S\":12},\"2\":{\"A\":10,\"D\":0,\"S\":12},\"3\":{\"A\":9,\"D\":1,\"S\":12},\"4\":{\"A\":12,\"D\":0,\"S\":13},\"5\":{\"A\":12,\"D\":0,\"S\":12},\"6\":{\"A\":12,\"D\":0,\"S\":12},\"7\":{\"A\":12,\"D\":0,\"S\":13}},\"n-members\":13,\"id\":1},