{
  "user": {},
  "ptpt": null,
  "nextComment": {
    "txt": "政策活動費を維持するにあたり、その監査に関する「第三者機関」を創設する",
    "tid": 5,
    "created": "1728976365685",
    "tweet_id": null,
    "quote_src_url": null,
    "is_seed": true,
    "is_meta": false,
    "lang": null,
    "pid": 0,
    "randomN": 3.9431139276619045,
    "remaining": 8,
    "total": 8,
    "translations": []
  },
  "conversation": {
    "topic": "政治資金規制改革",
    "description": "",
    "link_url": null,
    "parent_url": null,
    "upvotes": 1,
    "participant_count": 121,
    "is_anon": false,
    "is_active": true,
    "is_draft": true,
    "is_public": true,
    "is_data_open": false,
    "profanity_filter": true,
    "spam_filter": true,
    "strict_moderation": false,
    "prioritize_seed": false,
    "vis_type": 1,
    "write_type": 1,
    "help_type": 1,
    "write_hint_type": 1,
    "style_btn": null,
    "socialbtn_type": 0,
    "subscribe_type": 1,
    "branding_type": 1,
    "bgcolor": null,
    "help_bgcolor": null,
    "help_color": null,
    "email_domain": null,
    "use_xid_whitelist": false,
    "owner": 72,
    "org_id": 72,
    "context": null,
    "course_id": null,
    "owner_sees_participation_stats": false,
    "auth_needed_to_vote": false,
    "auth_needed_to_write": true,
    "auth_opt_fb": true,
    "auth_opt_tw": true,
    "auth_opt_allow_3rdparty": true,
    "modified": "1729332327308",
    "created": "1728976361971",
    "site_id": "polis_site_id_wlE61IMj5fRdvFgrn7",
    "auth_opt_fb_computed": true,
    "auth_opt_tw_computed": true,
    "translations": [],
    "ownername": "admin",
    "is_mod": false,
    "is_owner": false,
    "conversation_id": "32ffrfvrrf"
  },
  "votes": [],
  "pca": "{\"n\":121,\"pca\":{\"comps\":[[0.5167131946888074,0.46664250336303154,0.524366777553798,0.45197769077323613,-0.0877358155835486,-0.09683487873234357,0.11330963489213888,0.07806572676982332],[0.23360414319705342,0.06562204078168457,0.1288777269936097,-0.34393997665902515,0.5314064147330408,0.6437263275590225,0.27734183630335674,0.18034361482846809]],\"center\":[-0.07142857142857141,-0.27102803738317766,-0.22522522522522534,-0.1441441441441441,-0.660714285714286,-0.5675675675675673,-0.7196261682242988,-0.8256880733944961],\"comment-extremity\":[1.4893392343525345,0.9716110195320766,1.183291851615324,1.3748754471825817,0.5168651007613798,0.7962024846217765,0.2375844474161837,0.09688742621827788],\"comment-projection\":[[-1.3570937858883618,-0.9621440794165809,-1.1490942041225818,-1.0941141102207286,0.08419522949208079,0.11843909086619188,-0.0898564611656112,-0.038488634523550926],[-0.6135371311379506,-0.1353024157943285,-0.2824218761907653,0.8325844155888383,-0.5099614649322507,-0.7873440024999746,-0.2199367773721493,-0.08891455657941935]]},\"tids\":[0,1,2,3,4,5,6,7],\"mod-in\":[0,7,1,4,6,3,2,5],\"n-cmts\":8,\"in-conv\":[0,65,70,62,74,110,7,59,86,20,72,58,60,27,1,69,101,24,55,85,39,88,46,4,77,106,119,95,54,92,104,48,50,116,75,21,31,113,32,40,108,56,33,13,22,90,109,36,41,118,89,100,43,61,29,93,6,111,28,64,103,51,25,34,17,3,12,2,66,107,23,47,35,82,76,97,19,57,11,115,9,5,112,83,14,45,16,81,79,38,98,87,30,73,96,10,18,105,52,114,42,80,37,63,94,8,49],\"mod-out\":[],\"repness\":{\"0\":[{\"tid\":5,\"p-test\":6.861372411737248,\"n-agree\":49,\"repness\":1.923076923076923,\"n-trials\":50,\"n-success\":49,\"p-success\":0.9615384615384615,\"best-agree\":true,\"repful-for\":\"agree\",\"repness-test\":5.520956},{\"tid\":6,\"p-test\":6.861372411737248,\"repness\":1.593406593406593,\"n-trials\":50,\"n-success\":49,\"p-success\":0.9615384615384615,\"repful-for\":\"agree\",\"repness-test\":4.6426463},{\"tid\":1,\"p-test\":3.7807562268756274,\"repness\":2.514705882352941,\"n-trials\":50,\"n-success\":38,\"p-success\":0.75,\"repful-for\":\"agree\",\"repness-test\":4.770012},{\"tid\":0,\"p-test\":2.4961508830135317,\"repness\":3.830188679245283,\"n-trials\":51,\"n-success\":34,\"p-success\":0.660377358490566,\"repful-for\":\"agree\",\"repness-test\":5.2707195},{\"tid\":2,\"p-test\":3.500700210070025,\"repness\":2.649038461538462,\"n-trials\":50,\"n-success\":37,\"p-success\":0.7307692307692308,\"repful-for\":\"agree\",\"repness-test\":4.818694}],\"1\":[{\"tid\":4,\"p-test\":5.112077203381551,\"n-agree\":28,\"repness\":1.312959818902094,\"n-trials\":29,\"n-success\":28,\"p-success\":0.9354838709677419,\"best-agree\":true,\"repful-for\":\"agree\",\"repness-test\":2.8015738},{\"tid\":2,\"p-test\":3.6514837167011067,\"repness\":15.92741935483871,\"n-trials\":29,\"n-success\":24,\"p-success\":0.8064516129032258,\"repful-for\":\"disagree\",\"repness-test\":8.213769},{\"tid\":3,\"p-test\":4.3817804600413295,\"repness\":9.829493087557603,\"n-trials\":29,\"n-success\":26,\"p-success\":0.8709677419354839,\"repful-for\":\"disagree\",\"repness-test\":8.120579},{\"tid\":0,\"p-test\":4.3817804600413295,\"repness\":5.806451612903226,\"n-trials\":29,\"n-success\":26,\"p-success\":0.8709677419354839,\"repful-for\":\"disagree\",\"repness-test\":7.2772365},{\"tid\":1,\"p-test\":2.5560386016907746,\"repness\":11.07096774193548,\"n-trials\":29,\"n-success\":21,\"p-success\":0.7096774193548387,\"repful-for\":\"disagree\",\"repness-test\":7.1500044}],\"2\":[{\"tid\":3,\"p-test\":1.8073922282301276,\"n-agree\":10,\"repness\":1.700657894736842,\"n-trials\":14,\"n-success\":10,\"p-success\":0.6875,\"best-agree\":true,\"repful-for\":\"agree\",\"repness-test\":2.344223}],\"3\":[{\"tid\":3,\"p-test\":3.7416573867739413,\"n-agree\":13,\"repness\":2.533333333333333,\"n-trials\":13,\"n-success\":13,\"p-success\":0.9333333333333333,\"best-agree\":true,\"repful-for\":\"agree\",\"repness-test\":4.400884},{\"tid\":2,\"p-test\":3.7416573867739413,\"repness\":2.216666666666667,\"n-trials\":13,\"n-success\":13,\"p-success\":0.9333333333333333,\"repful-for\":\"agree\",\"repness-test\":4.0106244},{\"tid\":1,\"p-test\":3.605551275463989,\"repness\":2.051495016611296,\"n-trials\":12,\"n-success\":12,\"p-success\":0.9285714285714286,\"repful-for\":\"agree\",\"repness-test\":3.6710534},{\"tid\":0,\"p-test\":1.6035674514745464,\"repness\":1.828571428571429,\"n-trials\":13,\"n-success\":9,\"p-success\":0.6666666666666667,\"repful-for\":\"agree\",\"repness-test\":2.4538558},{\"tid\":5,\"p-test\":2.1380899352993947,\"repness\":9.952380952380953,\"n-trials\":13,\"n-success\":10,\"p-success\":0.7333333333333333,\"repful-for\":\"disagree\",\"repness-test\":6.661964}]},\"consensus\":{\"agree\":[{\"tid\":7,\"p-test\":7.437008196115619,\"n-trials\":109,\"n-success\":93,\"p-success\":0.8468468468468467},{\"tid\":4,\"p-test\":6.114685644493383,\"n-trials\":112,\"n-success\":88,\"p-success\":0.7807017543859649},{\"tid\":6,\"p-test\":5.9659527816261315,\"n-trials\":107,\"n-success\":84,\"p-success\":0.7798165137614679},{\"tid\":5,\"p-test\":4.72455591261534,\"n-trials\":111,\"n-success\":80,\"p-success\":0.7168141592920354}],\"disagree\":[]},\"meta-tids\":[],\"votes-base\":{\"0\":{\"A\":[0,0,0,1,0,0,1,1,0,1,0,0,0,1,2,0,0,0,0,0,0,1,0,0,0,0,1,0,0,0,0,0,0,0,0,0,0,0,0,2,0,8,0,0,0,0,3,13,0,0,0,1,1,1,0,1,0,0,0,1,3],\"D\":[0,1,1,0,0,0,0,0,2,0,1,1,0,0,0,0,0,1,0,1,0,0,0,0,0,1,0,1,1,1,1,0,1,1,1,1,0,0,0,0,0,0,1,0,1,1,0,0,11,1,0,0,0,0,0,0,3,1,1,0,0],\"S\":[1,1,1,1,1,1,1,1,2,1,1,1,1,1,2,1,1,1,2,1,1,1,3,1,1,1,1,1,1,1,1,1,1,1,1,1,1,1,1,2,3,8,1,3,1,1,3,13,11,1,1,1,1,1,2,1,3,1,1,1,3]},\"1\":{\"A\":[1,0,1,1,0,0,1,1,0,1,0,0,1,1,2,0,0,0,0,0,1,1,3,1,0,1,0,1,0,1,0,0,0,0,0,0,1,1,0,1,0,8,1,0,0,1,3,13,0,0,1,0,1,0,2,1,0,0,1,0,0],\"D\":[0,0,0,0,0,0,0,0,2,0,0,1,0,0,0,0,0,1,0,1,0,0,0,0,0,0,0,0,1,0,1,1,0,0,1,0,0,0,0,0,0,0,0,0,1,0,0,0,11,1,0,0,0,1,0,0,0,1,0,1,0],\"S\":[1,1,1,1,1,1,1,1,2,1,1,1,1,1,2,1,1,1,2,1,1,1,3,1,1,1,0,1,1,1,1,1,1,1,1,1,1,1,1,1,3,8,1,3,1,1,3,13,11,1,1,1,1,1,2,1,3,1,1,1,3]},\"2\":{\"A\":[1,0,1,1,0,0,1,1,0,1,0,0,0,1,2,0,0,0,0,0,1,1,3,1,0,0,1,1,0,1,0,0,0,0,0,0,0,1,0,2,0,8,0,0,0,1,0,13,0,0,1,0,0,1,2,1,0,1,0,0,3],\"D\":[0,0,0,0,0,0,0,0,2,0,1,0,0,0,0,0,1,1,0,1,0,0,0,0,0,1,0,0,1,0,1,1,1,1,1,0,0,0,0,0,0,0,0,0,1,0,0,0,11,1,0,0,0,0,0,0,0,0,1,0,0],\"S\":[1,1,1,1,1,1,1,1,2,1,1,1,1,1,