{
  "user": {},
  "ptpt": null,
  "nextComment": {
    "txt": "政策活動費は即時廃止する",
    "tid": 3,
    "created": "1728976364847",
    "tweet_id": null,
    "quote_src_url": null,
    "is_seed": true,
    "is_meta": false,
    "lang": null,
    "pid": 0,
    "randomN": 2.3893590023493743,
    "remaining": 8,
    "total": 8,
    "translations": []
  },
  "conversation": {
    "topic": "政治資金規制改革",
    "description": "",
    "link_url": null,
    "parent_url": null,
    "upvotes": 1,
    "participant_count": 99,
    "is_anon": false,
    "is_active": true,
    "is_draft": true,
    "is_public": true,
    "is_data_open": false,
    "profanity_filter": true,
    "spam_filter": true,
    "strict_moderation": false,
    "prioritize_seed": false,
    "vis_type": 1,
    "write_type": 1,
    "help_type": 1,
    "write_hint_type": 1,
    "style_btn": null,
    "socialbtn_type": 0,
    "subscribe_type": 1,
    "branding_type": 1,
    "bgcolor": null,
    "help_bgcolor": null,
    "help_color": null,
    "email_domain": null,
    "use_xid_whitelist": false,
    "owner": 72,
    "org_id": 72,
    "context": null,
    "course_id": null,
    "owner_sees_participation_stats": false,
    "auth_needed_to_vote": false,
    "auth_needed_to_write": true,
    "auth_opt_fb": true,
    "auth_opt_tw": true,
    "auth_opt_allow_3rdparty": true,
    "modified": "1729317996671",
    "created": "1728976361971",
    "site_id": "polis_site_id_wlE61IMj5fRdvFgrn7",
    "auth_opt_fb_computed": true,
    "auth_opt_tw_computed": true,
    "translations": [],
    "ownername": "admin",
    "is_mod": false,
    "is_owner": false,
    "conversation_id": "32ffrfvrrf"
  },
  "votes": [],
  "pca": "{\"n\":98,\"pca\":{\"comps\":[[0.5060221960337122,0.46171017997033575,0.5166283939467573,0.475955921574292,-0.11561108111009821,-0.09487619463262806,0.1115547304405959,0.05014417067069912],[0.22044375379404751,0.0775740472929934,0.1261014662778659,-0.31178581630018715,0.4561308616114944,0.6660511648638208,0.37239168812237583,0.2047431489521499]],\"center\":[-0.07608695652173914,-0.3103448275862068,-0.3076923076923076,-0.10989010989010985,-0.6956521739130436,-0.5714285714285713,-0.7045454545454544,-0.8444444444444446],\"comment-extremity\":[1.4423792667951871,0.9132534997068831,1.041331070264147,1.4324839861813434,0.4050651508101206,0.8155259546134194,0.3248603298609723,0.09274471639505141],\"comment-projection\":[[-1.322347683953889,-0.9006300667583055,-1.0116316819752016,-1.1982718432956938,0.09952098365787979,0.11500731531069609,-0.09322312570761603,-0.022062309495785637],[-0.5760681834838713,-0.15131899278610092,-0.2469245591704036,0.7849553874142985,-0.39264914390915684,-0.8073759347869833,-0.31119717664317226,-0.09008238961589932]]},\"tids\":[0,1,2,3,4,5,6,7],\"mod-in\":[0,7,1,4,6,3,2,5],\"n-cmts\":8,\"in-conv\":[0,65,70,62,74,7,59,86,20,72,58,60,27,1,69,24,55,85,39,88,46,4,77,95,54,92,48,50,75,21,31,32,40,56,33,13,22,90,36,41,89,43,61,29,93,6,28,64,51,25,34,17,3,12,2,66,23,47,35,82,76,97,19,57,11,9,5,83,14,45,16,81,79,38,87,30,73,96,10,18,52,42,80,37,63,94,8,49],\"mod-out\":[],\"repness\":{\"0\":[{\"tid\":4,\"p-test\":5,\"n-agree\":24,\"repness\":1.322115384615385,\"n-trials\":24,\"n-success\":24,\"p-success\":0.9615384615384615,\"best-agree\":true,\"repful-for\":\"agree\",\"repness-test\":2.8392105},{\"tid\":2,\"p-test\":3.0000000000000004,\"repness\":25,\"n-trials\":24,\"n-success\":19,\"p-success\":0.7692307692307692,\"repful-for\":\"disagree\",\"repness-test\":7.55599},{\"tid\":3,\"p-test\":4.2,\"repness\":8.214285714285714,\"n-trials\":24,\"n-success\":22,\"p-success\":0.8846153846153846,\"repful-for\":\"disagree\",\"repness-test\":7.270903},{\"tid\":0,\"p-test\":4.2,\"repness\":7.298076923076923,\"n-trials\":24,\"n-success\":22,\"p-success\":0.8846153846153846,\"repful-for\":\"disagree\",\"repness-test\":7.1261916},{\"tid\":1,\"p-test\":2.1999999999999997,\"repness\":14.76923076923077,\"n-trials\":24,\"n-success\":17,\"p-success\":0.6923076923076923,\"repful-for\":\"disagree\",\"repness-test\":6.6734433}],\"1\":[{\"tid\":5,\"p-test\":6.1119191384994265,\"n-agree\":42,\"repness\":1.828922495274102,\"n-trials\":44,\"n-success\":42,\"p-success\":0.9347826086956522,\"best-agree\":true,\"repful-for\":\"agree\",\"repness-test\":4.6634502},{\"tid\":2,\"p-test\":4.024922359499622,\"repness\":2.709030100334448,\"n-trials\":44,\"n-success\":35,\"p-success\":0.782608695652174,\"repful-for\":\"agree\",\"repness-test\":4.784096},{\"tid\":1,\"p-test\":4.024922359499622,\"repness\":2.648829431438127,\"n-trials\":44,\"n-success\":35,\"p-success\":0.782608695652174,\"repful-for\":\"agree\",\"repness-test\":4.6978245},{\"tid\":6,\"p-test\":6.1119191384994265,\"repness\":1.557971014492754,\"n-trials\":44,\"n-success\":42,\"p-success\":0.9347826086956522,\"repful-for\":\"agree\",\"repness-test\":3.9357297},{\"tid\":0,\"p-test\":2.06418738616856,\"repness\":4.103343465045593,\"n-trials\":45,\"n-success\":29,\"p-success\":0.6382978723404255,\"repful-for\":\"agree\",\"repness-test\":4.7523427}],\"2\":[{\"tid\":3,\"p-test\":3.577708763999664,\"n-agree\":17,\"repness\":2.727272727272727,\"n-trials\":19,\"n-success\":17,\"p-success\":0.8571428571428571,\"best-agree\":true,\"repful-for\":\"agree\",\"repness-test\":4.600466},{\"tid\":5,\"p-test\":1.341640786499874,\"repness\":21.66666666666667,\"n-trials\":19,\"n-success\":12,\"p-success\":0.619047619047619,\"repful-for\":\"disagree\",\"repness-test\":6.5324306}]},\"consensus\":{\"agree\":[{\"tid\":7,\"p-test\":7.023508406036851,\"n-trials\":90,\"n-success\":78,\"p-success\":0.858695652173913},{\"tid\":4,\"p-test\":5.910624659963423,\"n-trials\":92,\"n-success\":74,\"p-success\":0.7978723404255319},{\"tid\":6,\"p-test\":5.405989188032436,\"n-trials\":88,\"n-success\":69,\"p-success\":0.7777777777777778},{\"tid\":5,\"p-test\":4.37880269519857,\"n-trials\":91,\"n-success\":66,\"p-success\":0.7204301075268817}],\"disagree\":[]},\"meta-tids\":[],\"votes-base\":{\"0\":{\"A\":[0,0,0,0,1,0,0,1,1,0,0,1,0,8,0,1,0,0,1,1,0,0,0,0,0,1,0,0,1,0,1,0,2,1,0,0,0,1,0,1,0,1,0,0,0,0,0,0,0,0,0,11],\"D\":[0,0,1,1,0,0,0,0,0,0,2,0,1,0,0,0,1,0,0,0,0,1,0,1,0,0,1,0,0,0,0,0,0,0,0,0,1,0,0,0,1,0,1,3,9,1,0,1,1,1,1,0],\"S\":[2,1,1,1,1,1,1,1,1,1,2,1,1,8,1,1,1,1,1,1,1,1,1,1,2,1,1,1,1,2,1,3,2,1,1,1,1,1,3,1,1,1,1,3,9,1,1,1,1,1,1,11]},\"1\":{\"A\":[0,1,0,1,1,0,0,1,1,1,0,1,0,8,1,0,0,1,1,1,0,0,0,0,0,1,0,1,1,2,0,3,0,1,1,0,1,0,0,0,1,1,0,0,0,0,1,1,1,1,0,11],\"D\":[0,0,0,0,0,0,0,0,0,0,2,0,0,0,0,0,1,0,0,0,0,1,0,1,0,0,1,0,0,0,1,0,0,0,0,0,0,0,0,0,0,0,1,0,9,1,0,0,0,0,1,0],\"S\":[2,1,1,1,1,1,1,1,1,1,2,1,1,8,1,1,1,1,1,1,1,1,1,1,2,1,1,1,1,2,1,3,2,1,1,1,1,0,3,0,1,1,1,3,9,1,1,1,1,1,1,11]},\"2\":{\"A\":[0,1,0,1,1,0,0,1,1,0,0,1,0,8,1,0,0,0,1,1,0,1,0,0,0,0,0,1,1,2,1,3,2,0,1,0,0,1,0,1,1,1,0,0,0,0,1,1,1,0,0,11],\"D\":[0,0,0,0,0,0,0,0,0,0,2,0,1,0,0,0,0,0,0,0,0,0,1,1,0,0,1,0,0,0,0,0,0,0,0,0,1,0,0,0,0,0,1,0,9,1,0,0,0,1,1,0],\"S\":[2,1,1,1,1,1,1,1,1,0,2,1,1,8,1,1,1,1,1,1,1,1,1,1,2,1,1,1,1,2,1,3,2,1,1,1,1,1,3,1,1,1,1,3,9,1,1,1,1,1,1,11]},\"3\":{\"A\":[0,1,1,1,1,1,1,1,0,0,0,1,1,0,1,1,0,0,1,1,0,1,0,0,2,1,0,0,1,0,1,0,0,0,1,1,1,1,0,1,1,1,0,0,0,0,0,1,0,0,0,11],\"D\":[0,0,0,0,0,0,0,0,1,0,2,0,0,0,0,0,1,0,0,0,1,0,1,1,0,0,1,0,0,0,0,3,0,0,0,0,0,0,0,0,0,0,1,3,9,1,1,0,1,1,0,0],\"S\":[2,1,1,1,1,1,1,1,1,0,2,1,1,8,1,1,1,1,1,1,1,1,1,1,2,1,1,1,1,2,1,3,2,1,1,1,1,1,3,1,1,1,1,3,9,1,1,1,1,1,1,11]},\"4\":{\"A\":[0,0,0,0,0,0,0,0,1,1,2,0,1,8,1,1,1,0,1,1,1,0,1,1,2,1,1,0,0,2,1,3,2,1,1,0,1,1,3,1,1,0,1,3,9,1,1,0,1,1,1,11],\"D\":[0,1,1,1,1,1,0,1,0,0,0,1,0,0,0,0,0,0,0,0,0,1,0,0,0,0,0,0,0,0,0,0,0,0,0,1,0,0,0,0,0,0,0,0,0,0,0,1,0,0,0,0],\"S\":[2,1,1,1,1,1,1,1,1,1,2,1,1,8,1,1,1,1,1,1,1,1,1,1,2,1,1,1,1,2,1,3,2,1,1,1,1,1,3,1,1,1,1,3,9,1,1,1,1,1,1,11]},\"5\":{\"A\":[0,0,0,0,0,0,0,0,1,1,2,0,1,8,1,1,1,1,0,0,0,1,1,0,2,1,0,1,0,2,1,3,2,1,0,0,0,0,3,0,0,1,1,3,9,1,0,1,1,1,0,11],\"D\":[0,1,1,1,1,1,0,1,0,0,0,0,0,0,0,0,0,0,0,1,0,0,0,0,0,0,1,0,1,0,0,0,0,0,1,0,1,1,0,0,1,0,0,0,0,0,0,0,0,0,0,0],\"S\":[2,1,1,1,1,1,1,1,1,1,2,1,1,8,1,1,1,1,1,1,1,1,1,1,2,1,1,1,1,2,1,3,2,1,1,1,1,1,3,0,1,