{
  "user": {},
  "ptpt": null,
  "nextComment": {
    "txt": "企業・団体によるパーティー券購入は禁止する",
    "tid": 1,
    "created": "1728976364072",
    "tweet_id": null,
    "quote_src_url": null,
    "is_seed": true,
    "is_meta": false,
    "lang": null,
    "pid": 0,
    "randomN": 0.81993589209215,
    "remaining": 8,
    "total": 8,
    "translations": []
  },
  "conversation": {
    "topic": "政治資金規制改革",
    "description": "",
    "link_url": null,
    "parent_url": null,
    "upvotes": 1,
    "participant_count": 72,
    "is_anon": false,
    "is_active": true,
    "is_draft": true,
    "is_public": true,
    "is_data_open": false,
    "profanity_filter": true,
    "spam_filter": true,
    "strict_moderation": false,
    "prioritize_seed": false,
    "vis_type": 1,
    "write_type": 1,
    "help_type": 1,
    "write_hint_type": 1,
    "style_btn": null,
    "socialbtn_type": 0,
    "subscribe_type": 1,
    "branding_type": 1,
    "bgcolor": null,
    "help_bgcolor": null,
    "help_color": null,
    "email_domain": null,
    "use_xid_whitelist": false,
    "owner": 72,
    "org_id": 72,
    "context": null,
    "course_id": null,
    "owner_sees_participation_stats": false,
    "auth_needed_to_vote": false,
    "auth_needed_to_write": true,
    "auth_opt_fb": true,
    "auth_opt_tw": true,
    "auth_opt_allow_3rdparty": true,
    "modified": "1729299944988",
    "created": "1728976361971",
    "site_id": "polis_site_id_wlE61IMj5fRdvFgrn7",
    "auth_opt_fb_computed": true,
    "auth_opt_tw_computed": true,
    "translations": [],
    "ownername": "admin",
    "is_mod": false,
    "is_owner": false,
    "conversation_id": "32ffrfvrrf"
  },
  "votes": [],
  "pca": "{\"n\":72,\"pca\":{\"comps\":[[0.4937883842268172,0.4324869271678028,0.492584259062041,0.5182227727985941,-0.1781885208953632,-0.14921842505317187,0.062414289557882245,0.0046004362419405686],[0.2322802474541023,0.126152297316808,0.12435350212953251,-0.11741924393064436,0.5294333659023365,0.6675550483089608,0.37558434039171146,0.18408526281670562]],\"center\":[-0.02985074626865672,-0.2153846153846153,-0.22388059701492538,-0.1044776119402985,-0.6567164179104475,-0.5820895522388059,-0.6875,-0.8636363636363639],\"comment-extremity\":[1.4973802446551452,0.9997843597050086,1.1152445232481296,1.3458891055347286,0.5423887879050379,0.8085424629888137,0.33652537549252437,0.07102286117796304],\"comment-projection\":[[-1.3549535804337618,-0.9597868546288727,-1.0813195721912272,-1.3126167288758739,0.1730126067736347,0.17638054247916926,-0.05516695923664908,-0.001774363452595924],[-0.6373761777421808,-0.27996063936269533,-0.27298045613400523,0.2974135294035439,-0.5140547005353495,-0.7890695905246705,-0.33197279249806966,-0.07100069326592735]]},\"tids\":[0,1,2,3,4,5,6,7],\"mod-in\":[0,7,1,4,6,3,2,5],\"n-cmts\":8,\"in-conv\":[0,65,70,62,7,59,20,58,60,27,1,69,24,55,39,46,4,54,48,50,21,31,32,40,56,33,13,22,36,41,43,61,29,6,28,64,51,25,34,17,3,12,2,66,23,47,35,19,57,11,9,5,14,45,16,38,30,10,18,52,42,37,63,8,49],\"mod-out\":[],\"repness\":{\"0\":[{\"tid\":4,\"p-test\":4.58257569495584,\"n-agree\":20,\"repness\":1.447214076246334,\"n-trials\":20,\"n-success\":20,\"p-success\":0.9545454545454545,\"best-agree\":true,\"repful-for\":\"agree\",\"repness-test\":2.9703805},{\"tid\":2,\"p-test\":2.4003967925959158,\"repness\":33.45454545454545,\"n-trials\":20,\"n-success\":15,\"p-success\":0.7272727272727273,\"repful-for\":\"disagree\",\"repness-test\":6.4004536},{\"tid\":3,\"p-test\":4.1461399144838555,\"repness\":10.45454545454545,\"n-trials\":20,\"n-success\":19,\"p-success\":0.9090909090909091,\"repful-for\":\"disagree\",\"repness-test\":6.792286},{\"tid\":0,\"p-test\":3.7097041340118704,\"repness\":8.118181818181817,\"n-trials\":20,\"n-success\":18,\"p-success\":0.8636363636363636,\"repful-for\":\"disagree\",\"repness-test\":6.3042774},{\"tid\":1,\"p-test\":1.5275252316519472,\"repness\":9.757575757575758,\"n-trials\":20,\"n-success\":13,\"p-success\":0.6363636363636364,\"repful-for\":\"disagree\",\"repness-test\":5.191784}],\"1\":[{\"tid\":5,\"p-test\":5.303300858899107,\"n-agree\":30,\"repness\":1.730462519936204,\"n-trials\":31,\"n-success\":30,\"p-success\":0.9393939393939394,\"best-agree\":true,\"repful-for\":\"agree\",\"repness-test\":3.8837154},{\"tid\":6,\"p-test\":4.949747468305833,\"repness\":1.515151515151515,\"n-trials\":31,\"n-success\":29,\"p-success\":0.9090909090909091,\"repful-for\":\"agree\",\"repness-test\":3.098889},{\"tid\":1,\"p-test\":2.4748737341529163,\"repness\":2.71043771043771,\"n-trials\":31,\"n-success\":22,\"p-success\":0.696969696969697,\"repful-for\":\"agree\",\"repness-test\":3.6886718},{\"tid\":2,\"p-test\":2.4748737341529163,\"repness\":2.71043771043771,\"n-trials\":31,\"n-success\":22,\"p-success\":0.696969696969697,\"repful-for\":\"agree\",\"repness-test\":3.6886718},{\"tid\":4,\"p-test\":4.700096710803841,\"repness\":1.403743315508021,\"n-trials\":32,\"n-success\":29,\"p-success\":0.8823529411764706,\"repful-for\":\"agree\",\"repness-test\":2.5724149}],\"2\":[{\"tid\":3,\"p-test\":2.6726124191242433,\"n-agree\":11,\"repness\":2.355555555555556,\"n-trials\":13,\"n-success\":11,\"p-success\":0.8,\"best-agree\":true,\"repful-for\":\"agree\",\"repness-test\":3.4082963}]},\"consensus\":{\"agree\":[{\"tid\":7,\"p-test\":6.230641662171567,\"n-trials\":66,\"n-success\":58,\"p-success\":0.8676470588235294},{\"tid\":4,\"p-test\":4.608176875690327,\"n-trials\":67,\"n-success\":52,\"p-success\":0.7681159420289855},{\"tid\":6,\"p-test\":4.341215710622294,\"n-trials\":64,\"n-success\":49,\"p-success\":0.7575757575757576},{\"tid\":5,\"p-test\":3.8805700005813266,\"n-trials\":67,\"n-success\":49,\"p-success\":0.7246376811594203}],\"disagree\":[]},\"meta-tids\":[],\"votes-base\":{\"0\":{\"A\":[0,0,0,0,1,0,0,1,1,0,1,0,1,0,2,0,1,1,0,0,1,1,0,0,0,0,0,1,0,0,1,0,1,0,6,0,0,2,0,0,1,0,1],\"D\":[0,0,1,1,0,0,0,0,0,0,0,2,0,1,0,0,0,0,1,0,0,0,0,1,0,1,0,0,1,0,0,0,0,0,0,7,1,0,3,1,0,1,0],\"S\":[2,1,1,1,1,1,1,1,1,1,1,2,1,1,2,1,1,1,1,1,1,1,1,1,1,1,2,1,1,1,1,2,1,1,6,7,1,2,3,4,1,1,1]},\"1\":{\"A\":[0,1,0,1,1,0,0,1,1,1,0,0,1,0,2,1,1,0,0,1,1,1,0,0,0,0,0,1,0,1,1,2,0,1,6,0,0,0,0,1,1,1,1],\"D\":[0,0,0,0,0,0,0,0,0,0,0,2,0,0,0,0,0,0,1,0,0,0,0,1,0,1,0,0,1,0,0,0,1,0,0,7,1,0,0,0,0,0,0],\"S\":[2,1,1,1,1,1,1,1,1,1,0,2,1,1,2,1,1,1,1,1,1,1,1,1,1,1,2,1,1,1,1,2,1,1,6,7,1,2,3,4,1,1,1]},\"2\":{\"A\":[0,1,0,1,1,0,0,1,1,0,1,0,1,0,2,1,1,0,0,0,1,1,0,1,0,0,0,0,0,1,1,2,1,1,6,0,0,2,0,1,1,0,0],\"D\":[0,0,0,0,0,0,0,0,0,0,0,2,0,1,0,0,0,0,0,0,0,0,0,0,1,1,0,0,1,0,0,0,0,0,0,7,1,0,0,0,0,1,0],\"S\":[2,1,1,1,1,1,1,1,1,0,1,2,1,1,2,1,1,1,1,1,1,1,1,1,1,1,2,1,1,1,1,2,1,1,6,7,1,2,3,4,1,1,1]},\"3\":{\"A\":[0,1,1,1,1,1,1,1,0,0,1,0,1,1,0,1,1,1,0,0,1,1,0,1,0,0,2,1,0,0,1,0,1,0,6,0,0,0,0,0,1,0,0],\"D\":[0,0,0,0,0,0,0,0,1,0,0,2,0,0,0,0,0,0,1,0,0,0,1,0,1,1,0,0,1,0,0,0,0,1,0,7,1,0,3,1,0,1,0],\"S\":[2,1,1,1,1,1,1,1,1,0,1,2,1,1,2,1,1,1,1,1,1,1,1,1,1,1,2,1,1,1,1,2,1,1,6,7,1,2,3,4,1,1,1]},\"4\":{\"A\":[0,0,0,0,0,0,0,0,1,1,1,2,0,1,2,1,0,1,1,0,1,1,1,0,1,1,2,1,1,0,0,2,1,1,6,7,1,2,3,4,1,1,1],\"D\":[0,1,1,1,1,1,0,1,0,0,0,0,1,0,0,0,0,0,0,0,0,0,0,1,0,0,0,0,0,0,0,0,0,0,0,0,0,0,0,0,0,0,0],\"S\":[2,1,1,1,1,1,1,1,1,1,1,2,1,1,2,1,1,1,1,1,1,1,1,1,1,1,2,1,1,1,1,2,1,1,6,7,1,2,3,4,1,1,1]},\"5\":{\"A\":[0,0,0,0,0,0,0,0,1,1,0,2,0,1,2,1,1,1,1,1,0,0,0,1,1,0,2,1,0,1,0,2,1,1,6,7,1,2,3,4,1,1,1],\"D\":[0,1,1,1,1,1,0,1,0,0,0,0,0,0,0,0,0,0,0,0,0,1,0,0,0,0,0,0,1,0,1,0,0,0,0,0,0,0,0,0,0,0,0],\"S\":[2,1,1,1,1,1,1,1,1,1,0,2,1,1,2,1,1,1,1,1,1,1,1,1,1,1,2,1,1,1,1,2,1,1,6,7,1,2,3,4,1,1,1]},\"6\":{\"A\":[0,1,1,0,0,1,0,0,1,1,0,0,1,1,2,1,1,1,1,1,0,1,0,1,0,0,2,1,0,0,0,2,1,1,6,7,1,2,3,4,1,1,1],\"D\":[0,0,0,0,0,0,0,0,0,0,0,2,0,0,0,0,0,0,0,0,0,0,0,0,0,1,0,0,1,0,1,0,0,0,0,0,0,0,0,0,0,0,0],\"S\":[2,1,1,1,1,1,1,1,1,1,0,2,1,1,2,1,1,1,1,1,1,1,1,1,1,1,2,1,1,1,1,2,1,1,6,7,1,2,3,4,1,1,1]},\"7\":{\"A\":[0,1,1,1,0,1,0,1,1,1,1,2,1,1,2,1,1,1,1,1,1,1,1,1,1,1,2,1,0,1,0,2,1,1,6,7,0,2,3,4,0,1,1],\"D\":[0,0,0,0,0,0,0,0,0,0,0,0,0,0,0,0,0,0,0,0,0,0,0,0,0,0,0,0,1,0,0,0,0,0,0,0,0,0,0,0,0,0,0],\"S\":[2,1,1,1,1,1,1,1,1,1,1,2,1,1,2,