{
  "user": {},
  "ptpt": null,
  "nextComment": {
    "txt": "政治資金パーティーはオンライン含めて開催を禁止する",
    "tid": 0,
    "created": "1728976363211",
    "tweet_id": null,
    "quote_src_url": null,
    "is_seed": true,
    "is_meta": false,
    "lang": null,
    "pid": 0,
    "randomN": 0.2557974503214209,
    "remaining": 8,
    "total": 8,
    "translations": []
  },
  "conversation": {
    "topic": "政治資金規制改革",
    "description": "",
    "link_url": null,
    "parent_url": null,
    "upvotes": 1,
    "participant_count": 42,
    "is_anon": false,
    "is_active": true,
    "is_draft": true,
    "is_public": true,
    "is_data_open": false,
    "profanity_filter": true,
    "spam_filter": true,
    "strict_moderation": false,
    "prioritize_seed": false,
    "vis_type": 1,
    "write_type": 1,
    "help_type": 1,
    "write_hint_type": 1,
    "style_btn": null,
    "socialbtn_type": 0,
    "subscribe_type": 1,
    "branding_type": 1,
    "bgcolor": null,
    "help_bgcolor": null,
    "help_color": null,
    "email_domain": null,
    "use_xid_whitelist": false,
    "owner": 72,
    "org_id": 72,
    "context": null,
    "course_id": null,
    "owner_sees_participation_stats": false,
    "auth_needed_to_vote": false,
    "auth_needed_to_write": true,
    "auth_opt_fb": true,
    "auth_opt_tw": true,
    "auth_opt_allow_3rdparty": true,
    "modified": "1729272979857",
    "created": "1728976361971",
    "site_id": "polis_site_id_wlE61IMj5fRdvFgrn7",
    "auth_opt_fb_computed": true,
    "auth_opt_tw_computed": true,
    "translations": [],
    "ownername": "admin",
    "is_mod": false,
    "is_owner": false,
    "conversation_id": "32ffrfvrrf"
  },
  "votes": [],
  "pca": "{\"n\":42,\"pca\":{\"comps\":[[0.4438673965420834,0.4408287742434647,0.4698464405965343,0.5080821908473245,-0.2691665339939739,-0.23602311387576,0.029184240277051188,-0.02718974994405493],[0.3488042468253675,0.194056475857982,0.2050493708519639,-0.07228572819039163,0.603884453973271,0.6025853758399355,0.24207473958516593,0.08379416516315184]],\"center\":[0.07317073170731707,-0.17948717948717946,-0.125,-0.07499999999999998,-0.55,-0.575,-0.717948717948718,-0.8536585365853657],\"comment-extremity\":[1.713535221324789,1.1177972943791636,1.2687220533460493,1.3426788147298707,0.8415140117503321,0.777939062966607,0.19451627259733548,0.036463981150783316],\"comment-projection\":[[-1.3473085293532803,-1.023058102513912,-1.1628106149176012,-1.329292941428565,0.3425930666201129,0.28371902537513494,-0.02328206320415232,0.011254277013194817],[-1.058755250968086,-0.4503586461943553,-0.5074713021261061,0.18912079576980398,-0.7686194264237438,-0.7243567493504468,-0.19311790657036126,-0.034683759459939685]]},\"tids\":[0,1,2,3,4,5,6,7],\"mod-in\":[0,7,1,4,6,3,2,5],\"n-cmts\":8,\"in-conv\":[0,7,20,27,1,24,39,4,21,31,32,40,33,13,22,36,41,29,6,28,25,34,17,3,12,2,23,35,19,11,9,5,14,16,38,30,10,18,37,8],\"mod-out\":[],\"repness\":{\"0\":[{\"tid\":4,\"p-test\":4.123105625617661,\"n-agree\":16,\"repness\":1.753968253968254,\"n-trials\":16,\"n-success\":16,\"p-success\":0.9444444444444444,\"best-agree\":true,\"repful-for\":\"agree\",\"repness-test\":3.1834247},{\"tid\":5,\"p-test\":4.123105625617661,\"repness\":1.686507936507937,\"n-trials\":16,\"n-success\":16,\"p-success\":0.9444444444444444,\"repful-for\":\"agree\",\"repness-test\":3.0607646},{\"tid\":3,\"p-test\":3.1529631254723283,\"repness\":10.41666666666667,\"n-trials\":16,\"n-success\":14,\"p-success\":0.8333333333333333,\"repful-for\":\"disagree\",\"repness-test\":5.116222},{\"tid\":0,\"p-test\":3.1529631254723283,\"repness\":7.222222222222222,\"n-trials\":16,\"n-success\":14,\"p-success\":0.8333333333333333,\"repful-for\":\"disagree\",\"repness-test\":4.90042},{\"tid\":2,\"p-test\":1.6977493752543311,\"repness\":16.66666666666667,\"n-trials\":16,\"n-success\":11,\"p-success\":0.6666666666666667,\"repful-for\":\"disagree\",\"repness-test\":4.502777}],\"1\":[{\"tid\":0,\"p-test\":2.3237900077244507,\"n-agree\":11,\"repness\":5.25,\"n-trials\":14,\"n-success\":11,\"p-success\":0.75,\"best-agree\":true,\"repful-for\":\"agree\",\"repness-test\":4.1682563},{\"tid\":1,\"p-test\":2.6726124191242433,\"repness\":3.2,\"n-trials\":13,\"n-success\":11,\"p-success\":0.8,\"repful-for\":\"agree\",\"repness-test\":3.6405444},{\"tid\":2,\"p-test\":2.6726124191242433,\"repness\":3.2,\"n-trials\":13,\"n-success\":11,\"p-success\":0.8,\"repful-for\":\"agree\",\"repness-test\":3.6405444},{\"tid\":5,\"p-test\":3.7416573867739413,\"repness\":1.537254901960784,\"n-trials\":13,\"n-success\":13,\"p-success\":0.9333333333333333,\"repful-for\":\"agree\",\"repness-test\":2.618745},{\"tid\":6,\"p-test\":3.7416573867739413,\"repness\":1.451851851851852,\"n-trials\":13,\"n-success\":13,\"p-success\":0.9333333333333333,\"repful-for\":\"agree\",\"repness-test\":2.4452333}],\"2\":[{\"tid\":3,\"p-test\":2.1105794120443457,\"n-agree\":8,\"repness\":1.9375,\"n-trials\":10,\"n-success\":8,\"p-success\":0.75,\"best-agree\":true,\"repful-for\":\"agree\",\"repness-test\":2.3735008},{\"tid\":4,\"p-test\":1.5075567228888183,\"repness\":21.33333333333333,\"n-trials\":10,\"n-success\":7,\"p-success\":0.6666666666666667,\"repful-for\":\"disagree\",\"repness-test\":4.8263364}]},\"consensus\":{\"agree\":[{\"tid\":7,\"p-test\":4.629100498862757,\"n-trials\":41,\"n-success\":35,\"p-success\":0.8372093023255814},{\"tid\":6,\"p-test\":3.478505426185218,\"n-trials\":39,\"n-success\":30,\"p-success\":0.7560975609756098},{\"tid\":4,\"p-test\":2.967301475883515,\"n-trials\":40,\"n-success\":29,\"p-success\":0.7142857142857143},{\"tid\":5,\"p-test\":2.967301475883515,\"n-trials\":40,\"n-success\":29,\"p-success\":0.7142857142857143}],\"disagree\":[]},\"meta-tids\":[],\"votes-base\":{\"0\":{\"A\":[0,0,0,0,1,0,0,1,4,1,0,1,0,0,1,0,0,2,0,0,1,1,0,1,0,0,0,0],\"D\":[0,0,1,1,0,0,0,0,0,0,0,0,2,1,0,2,1,0,0,0,0,0,0,0,1,0,1,6],\"S\":[2,1,1,1,1,1,1,1,4,1,1,1,2,1,1,2,1,2,1,1,1,1,1,1,1,1,1,6]},\"1\":{\"A\":[0,1,0,1,1,0,0,1,4,1,1,0,0,1,1,0,0,2,1,0,1,1,0,0,0,0,0,0],\"D\":[0,0,0,0,0,0,0,0,0,0,0,0,2,0,0,0,0,0,0,0,0,0,0,0,1,0,1,6],\"S\":[2,1,1,1,1,1,1,1,4,1,1,0,2,1,1,2,1,2,1,1,1,1,1,1,1,1,1,6]},\"2\":{\"A\":[0,1,0,1,1,0,0,1,4,1,0,1,0,1,1,0,0,2,1,0,1,1,0,0,0,0,0,0],\"D\":[0,0,0,0,0,0,0,0,0,0,0,0,2,0,0,0,1,0,0,0,0,0,1,0,0,0,1,6],\"S\":[2,1,1,1,1,1,1,1,4,1,0,1,2,1,1,2,1,2,1,1,1,1,1,1,1,1,1,6]},\"3\":{\"A\":[0,1,1,1,1,1,1,1,4,0,0,1,0,0,1,0,1,0,1,1,1,1,0,1,0,0,0,0],\"D\":[0,0,0,0,0,0,0,0,0,1,0,0,2,1,0,2,0,0,0,0,0,0,1,0,1,0,1,6],\"S\":[2,1,1,1,1,1,1,1,4,1,0,1,2,1,1,2,1,2,1,1,1,1,1,1,1,1,1,6]},\"4\":{\"A\":[0,0,0,0,0,0,0,0,4,1,1,1,2,1,0,2,1,2,1,1,1,0,1,1,1,1,1,6],\"D\":[0,1,1,1,1,1,0,1,0,0,0,0,0,0,1,0,0,0,0,0,0,0,0,0,0,0,0,0],\"S\":[2,1,1,1,1,1,1,1,4,1,1,1,2,1,1,2,1,2,1,1,1,1,1,1,1,1,1,6]},\"5\":{\"A\":[0,0,0,0,0,0,0,0,4,1,1,0,2,1,0,2,1,2,1,1,1,1,1,1,1,1,1,6],\"D\":[0,1,1,1,1,1,0,1,0,0,0,0,0,0,0,0,0,0,0,0,0,0,0,0,0,0,0,0],\"S\":[2,1,1,1,1,1,1,1,4,1,1,0,2,1,1,2,1,2,1,1,1,1,1,1,1,1,1,6]},\"6\":{\"A\":[0,1,1,0,0,1,0,0,4,1,1,0,0,1,1,2,1,2,1,1,1,1,0,1,1,1,1,6],\"D\":[0,0,0,0,0,0,0,0,0,0,0,0,2,0,0,0,0,0,0,0,0,0,0,0,0,0,0,0],\"S\":[2,1,1,1,1,1,1,1,4,1,1,0,2,1,1,2,1,2,1,1,1,1,1,1,1,1,1,6]},\"7\":{\"A\":[0,1,1,1,0,1,0,1,4,1,1,1,2,1,1,2,1,2,1,1,0,1,1,1,1,1,0,6],\"D\":[0,0,0,0,0,0,0,0,0,0,0,0,0,0,0,0,0,0,0,0,0,0,0,0,0,0,0,0],\"S\":[2,1,1,1,1,1,1,1,4,1,1,1,2,1,1,2,1,2,1,1,1,1,1,1,1,1,1,6]}},\"group-votes\":{\"0\":{\"votes\":{\"0\":{\"A\":0,\"D\":14,\"S\":16},\"1\":{\"A\":1,\"D\":10,\"S\":16},\"2\":{\"A\":1,\"D\":11,\"S\":16},\"3\":{\"A\":1,\"D\":14,\"S\":16},\"4\":{\"A\":16,\"D\":0,\"S\":16},\"5\":{\"A\":16,\"D\":0,\"S\":16},\"6\":{\"A\":13,\"D\":2,\"S\":16},\"7\":{\"A\":15,\"D\":0,\"S\":16}},\"n-members\":16,\"id\":0},\"1\":{\"votes\":{\"0\":{\"A\":11,\"D\":0,\"S\":14},\"1\":{\"A\":11,\"D\":0,\"S\":13},\"2\":{\"A\":11,\"D\":0,\"S\":13},\"3\":{\"A\":10,\"D\":1,\"S\":13},\"4\":{\"A\":13,\"D\":0,\"S\":14},\"5\":{\"A\":13,\"D\":0,\"S\":13},\"6\":{\"A\":13,\"D\":0,\"S\":13},\"7\":{\"A\":13,\"D\":0,\"S\":14}},\"n-members\":14,\"id\":1},