{
  "user": {},
  "ptpt": null,
  "nextComment": {
    "txt": "政策活動費は使途公開の義務などをもって実施する",
    "tid": 4,
    "created": "1728976365271",
    "tweet_id": null,
    "quote_src_url": null,
    "is_seed": true,
    "is_meta": false,
    "lang": null,
    "pid": 0,
    "randomN": 2.9200541908674564,
    "remaining": 8,
    "total": 8,
    "translations": []
  },
  "conversation": {
    "topic": "政治資金規制改革",
    "description": "",
    "link_url": null,
    "parent_url": null,
    "upvotes": 1,
    "participant_count": 102,
    "is_anon": false,
    "is_active": true,
    "is_draft": true,
    "is_public": true,
    "is_data_open": false,
    "profanity_filter": true,
    "spam_filter": true,
    "strict_moderation": false,
    "prioritize_seed": false,
    "vis_type": 1,
    "write_type": 1,
    "help_type": 1,
    "write_hint_type": 1,
    "style_btn": null,
    "socialbtn_type": 0,
    "subscribe_type": 1,
    "branding_type": 1,
    "bgcolor": null,
    "help_bgcolor": null,
    "help_color": null,
    "email_domain": null,
    "use_xid_whitelist": false,
    "owner": 72,
    "org_id": 72,
    "context": null,
    "course_id": null,
    "owner_sees_participation_stats": false,
    "auth_needed_to_vote": false,
    "auth_needed_to_write": true,
    "auth_opt_fb": true,
    "auth_opt_tw": true,
    "auth_opt_allow_3rdparty": true,
    "modified": "1729320432977",
    "created": "1728976361971",
    "site_id": "polis_site_id_wlE61IMj5fRdvFgrn7",
    "auth_opt_fb_computed": true,
    "auth_opt_tw_computed": true,
    "translations": [],
    "ownername": "admin",
    "is_mod": false,
    "is_owner": false,
    "conversation_id": "32ffrfvrrf"
  },
  "votes": [],
  "pca": "{\"n\":102,\"pca\":{\"comps\":[[0.5049366375251648,0.459656343987636,0.5260238245759629,0.46983699182857513,-0.10272981556800488,-0.09466878552476118,0.11593348321529978,0.057887892644752484],[0.22301739617924393,0.0541126333155805,0.12062633536832233,-0.3108738375653107,0.4626552492852834,0.6626012516862761,0.373460317693179,0.20875560095760734]],\"center\":[-0.07368421052631577,-0.2967032967032966,-0.28723404255319146,-0.09574468085106386,-0.6947368421052629,-0.5851063829787233,-0.703296703296703,-0.8387096774193552],\"comment-extremity\":[1.4462344287175917,0.9206734230903326,1.0879933336021195,1.4408946702349088,0.4091922949707206,0.7854562739248976,0.32816316177751376,0.09882757985641015],\"comment-projection\":[[-1.322942425296625,-0.9143591886743176,-1.0604674850793279,-1.2016646150133317,0.08869842220325098,0.11109347524420797,-0.09729180254941162,-0.02640833641142146],[-0.5843093035014779,-0.10764212034196557,-0.243183484332671,0.7950972291086341,-0.39946329513743695,-0.7775601571622278,-0.31340926263354274,-0.09523387164373985]]},\"tids\":[0,1,2,3,4,5,6,7],\"mod-in\":[0,7,1,4,6,3,2,5],\"n-cmts\":8,\"in-conv\":[0,65,70,62,74,7,59,86,20,72,58,60,27,1,69,101,24,55,85,39,88,46,4,77,95,54,92,48,50,75,21,31,32,40,56,33,13,22,90,36,41,89,100,43,61,29,93,6,28,64,51,25,34,17,3,12,2,66,23,47,35,82,76,97,19,57,11,9,5,83,14,45,16,81,79,38,98,87,30,73,96,10,18,52,42,80,37,63,94,8,49],\"mod-out\":[],\"repness\":{\"0\":[{\"tid\":4,\"p-test\":4.811252243246882,\"n-agree\":25,\"repness\":1.269679300291545,\"n-trials\":26,\"n-success\":25,\"p-success\":0.9285714285714286,\"best-agree\":true,\"repful-for\":\"agree\",\"repness-test\":2.4435053},{\"tid\":2,\"p-test\":3.271651525407879,\"repness\":25.92857142857143,\"n-trials\":26,\"n-success\":21,\"p-success\":0.7857142857142857,\"repful-for\":\"disagree\",\"repness-test\":7.7985473},{\"tid\":3,\"p-test\":4.0414518843273814,\"repness\":8.081632653061224,\"n-trials\":26,\"n-success\":23,\"p-success\":0.8571428571428571,\"repful-for\":\"disagree\",\"repness-test\":7.2185016},{\"tid\":0,\"p-test\":4.0414518843273814,\"repness\":7.178571428571429,\"n-trials\":26,\"n-success\":23,\"p-success\":0.8571428571428571,\"repful-for\":\"disagree\",\"repness-test\":7.073491},{\"tid\":1,\"p-test\":2.116950987028628,\"repness\":14.70238095238095,\"n-trials\":26,\"n-success\":18,\"p-success\":0.6785714285714286,\"repful-for\":\"disagree\",\"repness-test\":6.685114}],\"1\":[{\"tid\":5,\"p-test\":6.19256215850568,\"n-agree\":43,\"repness\":1.76,\"n-trials\":45,\"n-success\":43,\"p-success\":0.9361702127659574,\"best-agree\":true,\"repful-for\":\"agree\",\"repness-test\":4.574662},{\"tid\":2,\"p-test\":4.12837477233712,\"repness\":2.846153846153846,\"n-trials\":45,\"n-success\":36,\"p-success\":0.7872340425531915,\"repful-for\":\"agree\",\"repness-test\":5.023374},{\"tid\":1,\"p-test\":3.833490860027326,\"repness\":2.710310965630115,\"n-trials\":45,\"n-success\":35,\"p-success\":0.7659574468085106,\"repful-for\":\"agree\",\"repness-test\":4.723498},{\"tid\":6,\"p-test\":6.19256215850568,\"repness\":1.571428571428571,\"n-trials\":45,\"n-success\":43,\"p-success\":0.9361702127659574,\"repful-for\":\"agree\",\"repness-test\":4.0442004},{\"tid\":0,\"p-test\":2.187974872468419,\"repness\":4.336309523809524,\"n-trials\":46,\"n-success\":30,\"p-success\":0.6458333333333333,\"repful-for\":\"agree\",\"repness-test\":4.9767647}],\"2\":[{\"tid\":3,\"p-test\":3.577708763999664,\"n-agree\":17,\"repness\":2.844155844155844,\"n-trials\":19,\"n-success\":17,\"p-success\":0.8571428571428571,\"best-agree\":true,\"repful-for\":\"agree\",\"repness-test\":4.74411},{\"tid\":5,\"p-test\":1.341640786499874,\"repness\":22.5952380952381,\"n-trials\":19,\"n-success\":12,\"p-success\":0.619047619047619,\"repful-for\":\"disagree\",\"repness-test\":6.6639185}]},\"consensus\":{\"agree\":[{\"tid\":7,\"p-test\":7.013664474559797,\"n-trials\":93,\"n-success\":80,\"p-success\":0.8526315789473684},{\"tid\":4,\"p-test\":5.919600211726012,\"n-trials\":95,\"n-success\":76,\"p-success\":0.7938144329896907},{\"tid\":6,\"p-test\":5.421374765483944,\"n-trials\":91,\"n-success\":71,\"p-success\":0.7741935483870968},{\"tid\":5,\"p-test\":4.616902584383192,\"n-trials\":94,\"n-success\":69,\"p-success\":0.7291666666666667}],\"disagree\":[]},\"meta-tids\":[],\"votes-base\":{\"0\":{\"A\":[0,0,0,0,1,0,0,1,1,0,0,1,0,8,0,1,0,0,1,1,0,0,0,0,0,1,0,0,1,0,1,0,3,1,0,0,0,1,0,1,0,1,0,0,0,0,0,0,0,0,0,10,0,1,0],\"D\":[0,0,1,1,0,0,0,0,0,0,2,0,1,0,0,0,1,0,0,0,0,1,0,1,0,0,1,0,0,0,0,0,0,0,0,0,1,0,0,0,1,0,1,9,0,1,1,3,1,0,1,0,1,0,1],\"S\":[2,1,1,1,1,1,1,1,1,1,2,1,1,8,1,1,1,1,1,1,1,1,1,1,2,1,1,1,1,2,1,3,3,1,1,1,1,1,3,1,1,1,1,9,1,1,1,3,1,1,1,10,1,1,1]},\"1\":{\"A\":[0,1,0,1,1,0,0,1,1,1,0,1,0,8,1,0,0,1,1,1,0,0,0,0,0,1,0,1,1,2,0,3,0,1,1,0,1,0,0,0,1,1,0,0,1,1,1,0,0,0,1,10,0,1,0],\"D\":[0,0,0,0,0,0,0,0,0,0,2,0,0,0,0,0,1,0,0,0,0,1,0,1,0,0,1,0,0,0,1,0,0,0,0,0,0,0,0,0,0,0,1,9,0,0,0,0,1,1,0,0,1,0,0],\"S\":[2,1,1,1,1,1,1,1,1,1,2,1,1,8,1,1,1,1,1,1,1,1,1,1,2,1,1,1,1,2,1,3,3,1,1,1,1,0,3,0,1,1,1,9,1,1,1,3,1,1,1,10,1,1,1]},\"2\":{\"A\":[0,1,0,1,1,0,0,1,1,0,0,1,0,8,1,0,0,0,1,1,0,1,0,0,0,0,0,1,1,2,1,3,3,0,1,0,0,1,0,1,1,1,0,0,1,1,1,0,0,0,0,10,0,1,0],\"D\":[0,0,0,0,0,0,0,0,0,0,2,0,1,0,0,0,0,0,0,0,0,0,1,1,0,0,1,0,0,0,0,0,0,0,0,0,1,0,0,0,0,0,1,9,0,0,0,0,1,1,1,0,1,0,1],\"S\":[2,1,1,1,1,1,1,1,1,0,2,1,1,8,1,1,1,1,1,1,1,1,1,1,2,1,1,1,1,2,1,3,3,1,1,1,1,1,3,1,1,1,1,9,1,1,1,3,1,1,1,10,1,1,1]},\"3\":{\"A\":[0,1,1,1,1,1,1,1,0,0,0,1,1,0,1,1,0,0,1,1,0,1,0,0,2,1,0,0,1,0,1,0,0,0,1,1,1,1,0,1,1,1,0,0,0,1,0,0,0,0,0,10,0,1,0],\"D\":[0,0,0,0,0,0,0,0,1,0,2,0,0,0,0,0,1,0,0,0,1,0,1,1,0,0,1,0,0,0,0,3,0,0,0,0,0,0,0,0,0,0,1,9,1,0,1,3,0,0,1,0,1,0,1],\"S\":[2,1,1,1,1,1,1,1,1,0,2,1,1,8,1,1,1,1,1,1,1,1,1,1,2,1,1,1,1,2,1,3,3,1,1,1,1,1,3,1,1,1,1,9,1,1,1,3,1,1,1,10,1,1,1]},\"4\":{\"A\":[0,0,0,0,0,0,0,0,1,1,2,0,1,8,1,1,1,0,1,1,1,0,1,1,2,1,1,0,0,2,1,3,3,1,1,0,1,1,3,1,1,0,1,9,1,0,1,3,1,1,1,10,1,1,0],\"D\":[0,1,1,1,1,1,0,1,0,0,0,1,0,0,0,0,0,0,0,0,0,1,0,0,0,0,0,0,0,0,0,0,0,0,0,1,0,0,0,0,0,0,0,0,0,1,0,0,0,0,0,0,0,0,0],\"S\":[2,1,1,1,1,1,1,1,1,1,2,1,1,8,1,1,1,1,1,1,1,1,1,1,2,1,1,1,1,2,1,3,3,1,1,1,1,1,3,1,1,1,1,9,1,1,1,3,1,1,1,10,1,1,1]},\"5\":{\"A\":[0,0,0,0,0,0,0,0,1,1,2,0,1,8,1,1,1,1,0,0,0,1,1,0,2,1,0,1,0,2,1,3,3,1,0,0,0,0,3,0,0,1,1,9,0,1,1,3,0,1,1,10,1,1,1],\"D\":[0,1,1,1,1,1,0,1,0,0,0,0,0,0,0,