{
  "user": {},
  "ptpt": null,
  "nextComment": {
    "txt": "再生可能エネルギー推進による国内外へのバラマキと環境破壊を阻止する",
    "tid": 7,
    "created": "1728980436572",
    "tweet_id": null,
    "quote_src_url": null,
    "is_seed": true,
    "is_meta": false,
    "lang": null,
    "pid": 0,
    "randomN": 5.412996219693545,
    "remaining": 8,
    "total": 8,
    "translations": []
  },
  "conversation": {
    "topic": "エネルギー政策",
    "description": "",
    "link_url": null,
    "parent_url": null,
    "upvotes": 1,
    "participant_count": 43,
    "is_anon": false,
    "is_active": true,
    "is_draft": true,
    "is_public": true,
    "is_data_open": false,
    "profanity_filter": true,
    "spam_filter": true,
    "strict_moderation": false,
    "prioritize_seed": false,
    "vis_type": 1,
    "write_type": 1,
    "help_type": 1,
    "write_hint_type": 1,
    "style_btn": null,
    "socialbtn_type": 0,
    "subscribe_type": 1,
    "branding_type": 1,
    "bgcolor": null,
    "help_bgcolor": null,
    "help_color": null,
    "email_domain": null,
    "use_xid_whitelist": false,
    "owner": 72,
    "org_id": 72,
    "context": null,
    "course_id": null,
    "owner_sees_participation_stats": false,
    "auth_needed_to_vote": false,
    "auth_needed_to_write": true,
    "auth_opt_fb": true,
    "auth_opt_tw": true,
    "auth_opt_allow_3rdparty": true,
    "modified": "1729278386374",
    "created": "1728980428991",
    "site_id": "polis_site_id_wlE61IMj5fRdvFgrn7",
    "auth_opt_fb_computed": true,
    "auth_opt_tw_computed": true,
    "translations": [],
    "ownername": "admin",
    "is_mod": false,
    "is_owner": false,
    "conversation_id": "3dzkftnmrm"
  },
  "votes": [],
  "pca": "{\"n\":43,\"pca\":{\"comps\":[[0.2590435068837604,-0.4619788187626171,0.30640822960695785,0.47281893374460743,-0.3753079574161047,0.41801019556379965,-0.24091103561097865,-0.16852765857126753],[0.6546521348512788,0.23768204444127264,0.2838971676546781,-0.14834411486119978,0.2153627135926029,-0.1598254262201005,0.1065352331481115,-0.5736368439128103]],\"center\":[-0.16666666666666666,-0.2926829268292683,0.24324324324324326,0.023809523809523808,-0.5128205128205128,-0.2926829268292683,-0.4878048780487805,-0.0526315789473684],\"comment-extremity\":[1.6594392562348248,1.0393801088111616,1.4688532681285509,1.434981364285131,0.5962522233972101,0.8953118604374118,0.38161219975743865,1.6020575366629015],\"comment-projection\":[[-0.610571401132837,0.9242324204718372,-1.077460918968265,-1.3691751805657912,0.5171562289971071,-0.8362690217326879,0.3490094015421594,0.45158040073225697],[-1.543029879571965,-0.47550546110541275,-0.9983025049492696,0.42957053060964095,-0.29675941217694873,0.31974591589284257,-0.1543382928468985,1.537095798072748]]},\"tids\":[0,1,2,3,4,5,6,7],\"mod-in\":[0,7,1,4,6,3,2,5],\"n-cmts\":8,\"in-conv\":[0,7,20,27,1,24,39,4,15,31,32,40,33,13,22,36,41,29,6,28,25,34,17,3,12,2,23,35,19,11,9,5,14,26,16,38,30,10,18,42,8],\"mod-out\":[],\"repness\":{\"0\":[{\"tid\":3,\"p-test\":2.9824045403173027,\"n-agree\":15,\"repness\":10,\"n-trials\":18,\"n-success\":15,\"p-success\":0.8,\"best-agree\":true,\"repful-for\":\"agree\",\"repness-test\":5.0086613},{\"tid\":5,\"p-test\":3.900067475799551,\"repness\":3.085714285714286,\"n-trials\":18,\"n-success\":17,\"p-success\":0.9,\"repful-for\":\"agree\",\"repness-test\":4.225672}],\"1\":[{\"tid\":1,\"p-test\":4.490731195102492,\"n-agree\":22,\"repness\":8.74,\"n-trials\":23,\"n-success\":22,\"p-success\":0.92,\"best-agree\":true,\"repful-for\":\"agree\",\"repness-test\":5.53566},{\"tid\":4,\"p-test\":4.69041575982343,\"repness\":2.391304347826087,\"n-trials\":21,\"n-success\":21,\"p-success\":0.9565217391304348,\"repful-for\":\"agree\",\"repness-test\":4.1721716},{\"tid\":6,\"p-test\":3.674234614174767,\"repness\":2.8,\"n-trials\":23,\"n-success\":20,\"p-success\":0.84,\"repful-for\":\"agree\",\"repness-test\":3.7674727},{\"tid\":3,\"p-test\":2.0412414523193143,\"repness\":13.6,\"n-trials\":23,\"n-success\":16,\"p-success\":0.68,\"repful-for\":\"disagree\",\"repness-test\":4.328294},{\"tid\":2,\"p-test\":1.705605730844883,\"repness\":2.934782608695652,\"n-trials\":21,\"n-success\":14,\"p-success\":0.6521739130434783,\"repful-for\":\"disagree\",\"repness-test\":2.7664394}]},\"consensus\":{\"agree\":[{\"tid\":4,\"p-test\":2.846049894151541,\"n-trials\":39,\"n-success\":28,\"p-success\":0.7073170731707317},{\"tid\":6,\"p-test\":1.543033499620918,\"n-trials\":41,\"n-success\":25,\"p-success\":0.6046511627906977}],\"disagree\":[]},\"meta-tids\":[],\"votes-base\":{\"0\":{\"A\":[0,0,1,2,1,1,0,0,1,0,1,1,0,1,1,0,0,0,0,1,1,1,0,0,0,1,0,0,1,1,1,0,0,0,0,0,0,0,1],\"D\":[0,1,0,0,0,0,0,0,0,1,0,0,0,0,0,0,2,0,0,0,0,0,1,0,1,0,1,0,0,0,0,1,1,0,1,1,1,0,0],\"S\":[1,1,1,2,1,1,1,1,1,1,1,1,1,1,1,1,2,1,1,1,1,1,1,1,1,1,1,1,1,1,1,1,1,1,1,1,1,1,1]},\"1\":{\"A\":[0,1,1,0,0,0,1,0,1,1,0,1,1,0,1,1,2,1,1,1,1,0,0,0,0,1,1,0,1,0,0,1,1,0,1,1,0,1,0],\"D\":[0,0,0,2,0,1,0,1,0,0,1,0,0,0,0,0,0,0,0,0,0,1,1,1,0,0,0,1,0,1,0,0,0,0,0,0,0,0,0],\"S\":[1,1,1,2,1,1,1,1,1,1,1,1,1,0,1,1,2,1,1,1,1,1,1,1,1,1,1,1,1,1,1,1,1,1,1,1,1,1,1]},\"2\":{\"A\":[0,0,0,2,0,1,0,1,0,0,0,0,0,0,0,0,0,0,0,0,0,1,0,0,0,1,0,0,1,1,0,0,0,0,0,0,0,0,0],\"D\":[0,1,1,0,0,0,1,0,1,1,0,0,0,0,1,0,2,1,0,0,0,0,1,0,1,0,1,0,0,0,0,1,1,0,1,1,1,0,0],\"S\":[1,1,1,2,1,1,1,1,1,1,0,0,0,0,1,1,2,1,1,1,1,1,1,1,1,1,1,1,1,1,1,1,1,1,1,1,1,1,1]},\"3\":{\"A\":[0,0,0,2,0,1,0,1,0,0,1,0,0,1,0,0,0,0,0,0,0,1,1,1,1,0,0,1,0,1,1,0,0,0,0,1,1,0,1],\"D\":[0,1,1,0,0,0,1,0,0,1,0,1,1,0,0,0,2,1,0,0,1,0,0,0,0,1,1,0,0,0,0,1,1,0,1,0,0,1,0],\"S\":[1,1,1,2,1,1,1,1,1,1,1,1,1,1,1,1,2,1,1,1,1,1,1,1,1,1,1,1,1,1,1,1,1,1,1,1,1,1,1]},\"4\":{\"A\":[0,1,1,0,1,1,1,0,1,1,0,0,0,0,1,1,2,1,1,1,1,0,0,0,1,1,1,0,1,0,1,1,1,1,1,1,1,1,1],\"D\":[0,0,0,2,0,0,0,1,0,0,1,0,0,0,0,0,0,0,0,0,0,1,1,0,0,0,0,1,0,1,0,0,0,0,0,0,0,0,0],\"S\":[1,1,1,2,1,1,1,1,1,1,1,0,0,1,1,1,2,1,1,1,1,1,1,1,1,1,1,1,1,1,1,1,1,1,1,1,1,1,1]},\"5\":{\"A\":[0,0,0,2,1,1,0,1,0,0,1,0,0,1,1,1,0,0,0,1,0,1,1,1,1,0,0,1,1,1,1,1,0,1,0,1,1,0,1],\"D\":[0,1,1,0,0,0,1,0,1,0,0,0,1,0,0,0,2,0,0,0,1,0,0,0,0,1,1,0,0,0,0,0,0,0,1,0,0,1,0],\"S\":[1,1,1,2,1,1,1,1,1,1,1,0,1,1,1,1,2,1,1,1,1,1,1,1,1,1,1,1,1,1,1,1,1,1,1,1,1,1,1]},\"6\":{\"A\":[0,1,0,0,0,0,1,0,1,1,0,0,1,1,1,1,2,1,1,1,1,0,0,1,0,1,0,0,1,0,0,1,1,1,1,1,1,1,1],\"D\":[0,0,0,0,0,0,0,0,0,0,0,1,0,0,0,0,0,0,0,0,0,0,1,0,0,0,1,1,0,1,0,0,0,0,0,0,0,0,0],\"S\":[1,1,1,2,1,1,1,1,1,1,1,1,1,1,1,1,2,1,1,1,1,1,1,1,1,1,1,1,1,1,1,1,1,1,1,1,1,1,1]},\"7\":{\"A\":[0,0,0,0,0,0,0,0,0,0,1,0,0,0,0,1,2,1,1,0,1,0,1,1,1,1,0,0,0,1,0,1,1,1,0,0,0,1,0],\"D\":[0,0,1,2,1,1,1,1,1,0,0,1,0,0,0,0,0,0,0,0,0,0,0,0,0,0,0,1,1,0,0,0,0,0,0,1,1,0,1],\"S\":[1,1,1,2,1,1,1,1,1,1,1,1,0,0,1,1,2,1,1,1,1,1,1,1,1,1,1,1,1,1,1,1,1,1,0,1,1,1,1]}},\"group-votes\":{\"0\":{\"votes\":{\"0\":{\"A\":11,\"D\":3,\"S\":18},\"1\":{\"A\":1,\"D\":10,\"S\":17},\"2\":{\"A\":7,\"D\":3,\"S\":16},\"3\":{\"A\":15,\"D\":0,\"S\":18},\"4\":{\"A\":7,\"D\":8,\"S\":18},\"5\":{\"A\":17,\"D\":0,\"S\":18},\"6\":{\"A\":5,\"D\":3,\"S\":18},\"7\":{\"A\":5,\"D\":9,\"S\":17}},\"n-members\":18,\"id\":0},\"1\":{\"votes\":{\"0\":{\"A\":7,\"D\":9,\"S\":23},\"1\":{\"A\":22,\"D\":0,\"S\":23},\"2\":{\"A\":1,\"D\":14,\"S\":21},\"3\":{\"A\":1,\"D\":16,\"S\":23},\"4\":{\"A\":21,\"D\":0,\"S\":21},\"5\":{\"A\":6,\"D\":12,\"S\":22},\"6\":{\"A\":20,\"D\":2,\"S\":23},\"7\":{\"A\":11,\"D\":5,\"S\":21}},\"n-members\":23,\"id\":1}},\"base-clusters\":{\"x\":[-0.37433734700059934,2.160141330588227,1.2326156226384595,-2.8364326475497137,-0.8446107506033222,-2.0858167327175043,1.7325701651331986,-2.5773891406659533,1.0007077245048306,1.7421311350244266,-2.264704808903652,0.0463350933837266,1.891356831812749,-1.3467306048306984,0.33321499194849896,0.45437792779656894,2.3286689891594943,1.6516152867119338,0.8723881233603686,0.026806762341541016,1.504173745785015,-2.667904988978446,-1.6093848930367212,-1.3177066008893776,-0.15587912383091598,1.1977655161780574,1.6783192593662692,-2.5118919466699747,-0.4481291258366844,-2.740288366018157,-1.148902025776662,1.4926485980318946,1.9106587935956942,