{
  "user": {},
  "ptpt": null,
  "nextComment": {
    "txt": "原子力発電所の新増設は認めない",
    "tid": 3,
    "created": "1728980433872",
    "tweet_id": null,
    "quote_src_url": null,
    "is_seed": true,
    "is_meta": false,
    "lang": null,
    "pid": 0,
    "randomN": 2.136141769309089,
    "remaining": 8,
    "total": 8,
    "translations": []
  },
  "conversation": {
    "topic": "エネルギー政策",
    "description": "",
    "link_url": null,
    "parent_url": null,
    "upvotes": 1,
    "participant_count": 46,
    "is_anon": false,
    "is_active": true,
    "is_draft": true,
    "is_public": true,
    "is_data_open": false,
    "profanity_filter": true,
    "spam_filter": true,
    "strict_moderation": false,
    "prioritize_seed": false,
    "vis_type": 1,
    "write_type": 1,
    "help_type": 1,
    "write_hint_type": 1,
    "style_btn": null,
    "socialbtn_type": 0,
    "subscribe_type": 1,
    "branding_type": 1,
    "bgcolor": null,
    "help_bgcolor": null,
    "help_color": null,
    "email_domain": null,
    "use_xid_whitelist": false,
    "owner": 72,
    "org_id": 72,
    "context": null,
    "course_id": null,
    "owner_sees_participation_stats": false,
    "auth_needed_to_vote": false,
    "auth_needed_to_write": true,
    "auth_opt_fb": true,
    "auth_opt_tw": true,
    "auth_opt_allow_3rdparty": true,
    "modified": "1729289127496",
    "created": "1728980428991",
    "site_id": "polis_site_id_wlE61IMj5fRdvFgrn7",
    "auth_opt_fb_computed": true,
    "auth_opt_tw_computed": true,
    "translations": [],
    "ownername": "admin",
    "is_mod": false,
    "is_owner": false,
    "conversation_id": "3dzkftnmrm"
  },
  "votes": [],
  "pca": "{\"n\":46,\"pca\":{\"comps\":[[0.22045290144407598,-0.46181429084520637,0.30001482333879603,0.472254269089307,-0.37262707055613675,0.4363660147481348,-0.24497619619570574,-0.18924989003697906],[0.7204104877036127,0.20699299732441276,0.3230162749941909,-0.1558417240362314,0.17857220564048276,-0.200356882014419,0.0941334062733305,-0.478167816178718]],\"center\":[-0.20454545454545456,-0.3409090909090909,0.25,0.02222222222222222,-0.5365853658536585,-0.23255813953488375,-0.5227272727272727,-0.12195121951219513],\"comment-extremity\":[1.69503245034867,0.9434324799079252,1.5586388618524327,1.437844093695308,0.5416030004574837,1.042271216640016,0.3542751054443433,1.277155032453038],\"comment-projection\":[[-0.4959937230924956,0.8609098622235963,-1.0607125801967339,-1.3654198241242574,0.4884151649204416,-0.9471993625633415,0.33070099279496934,0.4700015318070662],[-1.6208409034781486,-0.3858744009018558,-1.142034992410055,0.45058222519642693,-0.2340607544640641,0.43490534211004905,-0.12707361528666056,1.1875283310385196]]},\"tids\":[0,1,2,3,4,5,6,7],\"mod-in\":[0,7,1,4,6,3,2,5],\"n-cmts\":8,\"in-conv\":[0,7,20,27,1,24,39,4,15,31,32,40,33,13,22,36,41,43,29,44,6,28,25,34,17,3,12,2,23,35,19,11,9,5,14,26,16,38,30,10,18,42,8],\"mod-out\":[],\"repness\":{\"0\":[{\"tid\":3,\"p-test\":2.9824045403173027,\"n-agree\":15,\"repness\":10.8,\"n-trials\":18,\"n-success\":15,\"p-success\":0.8,\"best-agree\":true,\"repful-for\":\"agree\",\"repness-test\":5.1750727},{\"tid\":5,\"p-test\":3.900067475799551,\"repness\":3.342857142857143,\"n-trials\":18,\"n-success\":17,\"p-success\":0.9,\"repful-for\":\"agree\",\"repness-test\":4.426821}],\"1\":[{\"tid\":1,\"p-test\":4.706787243316415,\"n-agree\":24,\"repness\":8.796296296296296,\"n-trials\":25,\"n-success\":24,\"p-success\":0.9259259259259259,\"best-agree\":true,\"repful-for\":\"agree\",\"repness-test\":5.696133},{\"tid\":4,\"p-test\":4.898979485566356,\"repness\":2.4,\"n-trials\":23,\"n-success\":23,\"p-success\":0.96,\"repful-for\":\"agree\",\"repness-test\":4.3210015},{\"tid\":6,\"p-test\":3.92232270276368,\"repness\":2.839506172839506,\"n-trials\":25,\"n-success\":22,\"p-success\":0.8518518518518519,\"repful-for\":\"agree\",\"repness-test\":3.937224},{\"tid\":3,\"p-test\":1.96116135138184,\"repness\":13.33333333333333,\"n-trials\":25,\"n-success\":17,\"p-success\":0.6666666666666667,\"repful-for\":\"disagree\",\"repness-test\":4.2910776},{\"tid\":2,\"p-test\":1.6329931618554527,\"repness\":2.88,\"n-trials\":23,\"n-success\":15,\"p-success\":0.64,\"repful-for\":\"disagree\",\"repness-test\":2.722387}]},\"consensus\":{\"agree\":[{\"tid\":4,\"p-test\":3.086066999241839,\"n-trials\":41,\"n-success\":30,\"p-success\":0.7209302325581395},{\"tid\":6,\"p-test\":1.937925580499817,\"n-trials\":44,\"n-success\":28,\"p-success\":0.6304347826086957},{\"tid\":1,\"p-test\":1.3416407864998736,\"n-trials\":44,\"n-success\":26,\"p-success\":0.5869565217391304}],\"disagree\":[]},\"meta-tids\":[],\"votes-base\":{\"0\":{\"A\":[0,0,1,2,1,1,0,0,1,0,1,1,0,1,1,0,0,0,0,1,1,1,0,0,0,1,0,0,1,1,1,0,0,0,0,0,0,0,1,1,1],\"D\":[0,1,0,0,0,0,0,0,0,1,0,0,0,0,0,0,2,0,0,0,0,0,1,0,1,0,1,0,0,0,0,1,1,0,1,1,1,0,0,0,0],\"S\":[1,1,1,2,1,1,1,1,1,1,1,1,1,1,1,1,2,1,1,1,1,1,1,1,1,1,1,1,1,1,1,1,1,1,1,1,1,1,1,1,1]},\"1\":{\"A\":[0,1,1,0,0,0,1,0,1,1,0,1,1,0,1,1,2,1,1,1,1,0,0,0,0,1,1,0,1,0,0,1,1,0,1,1,0,1,0,1,1],\"D\":[0,0,0,2,0,1,0,1,0,0,1,0,0,0,0,0,0,0,0,0,0,1,1,1,0,0,0,1,0,1,0,0,0,0,0,0,0,0,0,0,0],\"S\":[1,1,1,2,1,1,1,1,1,1,1,1,1,0,1,1,2,1,1,1,1,1,1,1,1,1,1,1,1,1,1,1,1,1,1,1,1,1,1,1,1]},\"2\":{\"A\":[0,0,0,2,0,1,0,1,0,0,0,0,0,0,0,0,0,0,0,0,0,1,0,0,0,1,0,0,1,1,0,0,0,0,0,0,0,0,0,0,0],\"D\":[0,1,1,0,0,0,1,0,1,1,0,0,0,0,1,0,2,1,0,0,0,0,1,0,1,0,1,0,0,0,0,1,1,0,1,1,1,0,0,0,1],\"S\":[1,1,1,2,1,1,1,1,1,1,0,0,0,0,1,1,2,1,1,1,1,1,1,1,1,1,1,1,1,1,1,1,1,1,1,1,1,1,1,1,1]},\"3\":{\"A\":[0,0,0,2,0,1,0,1,0,0,1,0,0,1,0,0,0,0,0,0,0,1,1,1,1,0,0,1,0,1,1,0,0,0,0,1,1,0,1,0,0],\"D\":[0,1,1,0,0,0,1,0,0,1,0,1,1,0,0,0,2,1,0,0,1,0,0,0,0,1,1,0,0,0,0,1,1,0,1,0,0,1,0,0,1],\"S\":[1,1,1,2,1,1,1,1,1,1,1,1,1,1,1,1,2,1,1,1,1,1,1,1,1,1,1,1,1,1,1,1,1,1,1,1,1,1,1,1,1]},\"4\":{\"A\":[0,1,1,0,1,1,1,0,1,1,0,0,0,0,1,1,2,1,1,1,1,0,0,0,1,1,1,0,1,0,1,1,1,1,1,1,1,1,1,1,1],\"D\":[0,0,0,2,0,0,0,1,0,0,1,0,0,0,0,0,0,0,0,0,0,1,1,0,0,0,0,1,0,1,0,0,0,0,0,0,0,0,0,0,0],\"S\":[1,1,1,2,1,1,1,1,1,1,1,0,0,1,1,1,2,1,1,1,1,1,1,1,1,1,1,1,1,1,1,1,1,1,1,1,1,1,1,1,1]},\"5\":{\"A\":[0,0,0,2,1,1,0,1,0,0,1,0,0,1,1,1,0,0,0,1,0,1,1,1,1,0,0,1,1,1,1,1,0,1,0,1,1,0,1,0,0],\"D\":[0,1,1,0,0,0,1,0,1,0,0,0,1,0,0,0,2,0,0,0,1,0,0,0,0,1,1,0,0,0,0,0,0,0,1,0,0,1,0,1,1],\"S\":[1,1,1,2,1,1,1,1,1,1,1,0,1,1,1,1,2,1,1,1,1,1,1,1,1,1,1,1,1,1,1,1,1,1,1,1,1,1,1,1,1]},\"6\":{\"A\":[0,1,0,0,0,0,1,0,1,1,0,0,1,1,1,1,2,1,1,1,1,0,0,1,0,1,0,0,1,0,0,1,1,1,1,1,1,1,1,1,1],\"D\":[0,0,0,0,0,0,0,0,0,0,0,1,0,0,0,0,0,0,0,0,0,0,1,0,0,0,1,1,0,1,0,0,0,0,0,0,0,0,0,0,0],\"S\":[1,1,1,2,1,1,1,1,1,1,1,1,1,1,1,1,2,1,1,1,1,1,1,1,1,1,1,1,1,1,1,1,1,1,1,1,1,1,1,1,1]},\"7\":{\"A\":[0,0,0,0,0,0,0,0,0,0,1,0,0,0,0,1,2,1,1,0,1,0,1,1,1,1,0,0,0,1,0,1,1,1,0,0,0,1,0,1,1],\"D\":[0,0,1,2,1,1,1,1,1,0,0,1,0,0,0,0,0,0,0,0,0,0,0,0,0,0,0,1,1,0,0,0,0,0,0,1,1,0,1,0,0],\"S\":[1,1,1,2,1,1,1,1,1,1,1,1,0,0,1,1,2,1,1,1,1,1,1,1,1,1,1,1,1,1,1,1,1,1,0,1,1,1,1,1,1]}},\"group-votes\":{\"0\":{\"votes\":{\"0\":{\"A\":11,\"D\":3,\"S\":18},\"1\":{\"A\":1,\"D\":10,\"S\":17},\"2\":{\"A\":7,\"D\":3,\"S\":16},\"3\":{\"A\":15,\"D\":0,\"S\":18},\"4\":{\"A\":7,\"D\":8,\"S\":18},\"5\":{\"A\":17,\"D\":0,\"S\":18},\"6\":{\"A\":5,\"D\":3,\"S\":18},\"7\":{\"A\":5,\"D\":9,\"S\":17}},\"n-members\":18,\"id\":0},\"1\":{\"votes\":{\"0\":{\"A\":9,\"D\":9,\"S\":25},\"1\":{\"A\":24,\"D\":0,\"S\":25},\"2\":{\"A\":1,\"D\":15,\"S\":23},\"3\":{\"A\":1,\"D\":17,\"S\":25},\"4\":{\"A\":23,\"D\":0,\"S\":23},\"5\":{\"A\":6,\"D\":14,\"S\":24},\"6\":{\"A\":22,\"D\":2,\"S\":25},\"7\":{\"A\":13,\"D\":5,\"S\":23}},\"n-members\":25,\"id\":1}},\"base-clusters\":{\"x\":[-0.4474430545152224,2.0610625117021404,1.1859306225813033,-2.9002223145738584,-0.9208847901882755,-2.1549681734615853,1.6513597202210852,-2.6797694131297822,0.9586525496877023,1.6246964969540054,-2.2949231139276427,0.006850743159858494,1.8543557114256333,-1.3610701000437986,0.27517041022841177,0.3848583783706707,2.2503124017391194,1.5934934855469085,0.8212243931188055,-0.024844413110384354,1.5093917755121713,-2.710972424536879,