{
  "user": {},
  "ptpt": null,
  "nextComment": {
    "txt": "原子力発電は最大限活用",
    "tid": 1,
    "created": "1728980432094",
    "tweet_id": null,
    "quote_src_url": null,
    "is_seed": true,
    "is_meta": false,
    "lang": null,
    "pid": 0,
    "randomN": 1.6655411184438482,
    "remaining": 8,
    "total": 8,
    "translations": []
  },
  "conversation": {
    "topic": "エネルギー政策",
    "description": "",
    "link_url": null,
    "parent_url": null,
    "upvotes": 1,
    "participant_count": 64,
    "is_anon": false,
    "is_active": true,
    "is_draft": true,
    "is_public": true,
    "is_data_open": false,
    "profanity_filter": true,
    "spam_filter": true,
    "strict_moderation": false,
    "prioritize_seed": false,
    "vis_type": 1,
    "write_type": 1,
    "help_type": 1,
    "write_hint_type": 1,
    "style_btn": null,
    "socialbtn_type": 0,
    "subscribe_type": 1,
    "branding_type": 1,
    "bgcolor": null,
    "help_bgcolor": null,
    "help_color": null,
    "email_domain": null,
    "use_xid_whitelist": false,
    "owner": 72,
    "org_id": 72,
    "context": null,
    "course_id": null,
    "owner_sees_participation_stats": false,
    "auth_needed_to_vote": false,
    "auth_needed_to_write": true,
    "auth_opt_fb": true,
    "auth_opt_tw": true,
    "auth_opt_allow_3rdparty": true,
    "modified": "1729304410475",
    "created": "1728980428991",
    "site_id": "polis_site_id_wlE61IMj5fRdvFgrn7",
    "auth_opt_fb_computed": true,
    "auth_opt_tw_computed": true,
    "translations": [],
    "ownername": "admin",
    "is_mod": false,
    "is_owner": false,
    "conversation_id": "3dzkftnmrm"
  },
  "votes": [],
  "pca": "{\"n\":64,\"pca\":{\"comps\":[[0.17723355305156713,-0.47308744615173287,0.3008872940091873,0.4996892288660974,-0.3264768323295637,0.4747638398445893,-0.19677678341433946,-0.18397042877202874],[0.6936825773012513,0.17832961566384853,0.5318587947723228,-0.0764943395489951,0.2777164398621031,0.04832224918359425,0.26658137092342665,0.218519519738895]],\"center\":[-0.32786885245901637,-0.3870967741935484,0.10714285714285711,0.11475409836065575,-0.6034482758620691,-0.25,-0.6166666666666667,-0.17543859649122803],\"comment-extremity\":[1.3611042420096167,0.8764527847548682,1.9135501533590358,1.59387448805573,0.4807457154672626,1.0123294153859361,0.35924977405627667,0.66619621676923],\"comment-projection\":[[-0.3369340941559674,0.820121739883123,-0.9422204035671101,-1.5755205030008133,0.36618217840912914,-1.0071261918488195,0.21335137016294584,0.4290580121373627],[-1.3187418905198511,-0.3091436812804727,-1.6655013961333751,0.24118670837958625,-0.31149166145448404,-0.10250697023971683,-0.28903562584754067,-0.509633811141264]]},\"tids\":[0,1,2,3,4,5,6,7],\"mod-in\":[0,7,1,4,6,3,2,5],\"n-cmts\":8,\"in-conv\":[0,62,7,20,58,60,27,1,24,55,39,46,4,54,15,48,50,31,32,40,33,13,22,36,41,43,61,29,44,6,28,51,25,34,17,3,12,2,23,47,35,19,57,11,9,5,14,45,53,26,16,38,30,10,18,52,42,63,8,49],\"mod-out\":[],\"repness\":{\"0\":[{\"tid\":3,\"p-test\":2.190890230020664,\"n-agree\":20,\"repness\":22.35483870967742,\"n-trials\":29,\"n-success\":20,\"p-success\":0.6774193548387097,\"best-agree\":true,\"repful-for\":\"agree\",\"repness-test\":5.499889},{\"tid\":5,\"p-test\":5.112077203381551,\"repness\":4.989247311827957,\"n-trials\":29,\"n-success\":28,\"p-success\":0.9354838709677419,\"repful-for\":\"agree\",\"repness-test\":6.1042404},{\"tid\":0,\"p-test\":1.4605934866804426,\"repness\":1.348387096774194,\"n-trials\":29,\"n-success\":18,\"p-success\":0.6129032258064516,\"repful-for\":\"agree\",\"repness-test\":1.3013642}],\"1\":[{\"tid\":1,\"p-test\":5.656854249492381,\"n-agree\":31,\"repness\":4.155844155844156,\"n-trials\":31,\"n-success\":31,\"p-success\":0.9696969696969697,\"best-agree\":true,\"repful-for\":\"agree\",\"repness-test\":6.1619754},{\"tid\":4,\"p-test\":5.112077203381551,\"repness\":1.611111111111111,\"n-trials\":29,\"n-success\":28,\"p-success\":0.9354838709677419,\"repful-for\":\"agree\",\"repness-test\":3.447051},{\"tid\":6,\"p-test\":4.242640687119286,\"repness\":1.643939393939394,\"n-trials\":31,\"n-success\":27,\"p-success\":0.8484848484848485,\"repful-for\":\"agree\",\"repness-test\":2.9619074},{\"tid\":3,\"p-test\":3.5355339059327378,\"repness\":12.21212121212121,\"n-trials\":31,\"n-success\":25,\"p-success\":0.7878787878787878,\"repful-for\":\"disagree\",\"repness-test\":5.897321},{\"tid\":5,\"p-test\":1.6164477182409738,\"repness\":19.375,\"n-trials\":30,\"n-success\":19,\"p-success\":0.625,\"repful-for\":\"disagree\",\"repness-test\":5.0280094}]},\"consensus\":{\"agree\":[{\"tid\":4,\"p-test\":4.296234062367186,\"n-trials\":58,\"n-success\":45,\"p-success\":0.7666666666666667},{\"tid\":6,\"p-test\":3.200921998322399,\"n-trials\":60,\"n-success\":42,\"p-success\":0.6935483870967742},{\"tid\":1,\"p-test\":1.8898223650461348,\"n-trials\":62,\"n-success\":38,\"p-success\":0.609375}],\"disagree\":[]},\"meta-tids\":[],\"votes-base\":{\"0\":{\"A\":[0,0,1,2,1,1,0,0,1,0,1,1,0,1,1,0,0,0,0,1,1,1,0,0,0,0,0,1,1,1,0,0,0,0,0,0,0,1,1,0,1,0,0,3,0,1,2,0,1,1,1,1,1,1,1],\"D\":[0,1,0,0,0,0,0,0,0,1,0,0,0,0,0,0,2,0,0,0,0,0,1,0,1,1,0,0,0,0,1,1,0,1,1,1,0,0,0,0,0,0,0,0,1,0,0,0,0,0,0,0,0,0,0],\"S\":[1,1,1,2,1,1,1,1,1,1,1,1,1,1,1,1,2,1,1,1,1,1,1,1,1,1,1,1,1,1,1,1,1,1,1,1,1,1,1,1,1,1,1,3,1,1,2,1,1,1,1,1,1,1,1]},\"1\":{\"A\":[0,1,1,0,0,0,1,0,1,1,0,1,1,0,1,1,2,1,1,1,1,0,0,0,0,1,0,1,0,0,1,1,0,1,1,0,1,0,1,1,1,0,1,3,1,0,2,0,0,1,1,1,1,1,0],\"D\":[0,0,0,2,0,1,0,1,0,0,1,0,0,0,0,0,0,0,0,0,0,1,1,1,0,0,1,0,1,0,0,0,0,0,0,0,0,0,0,0,0,1,0,0,0,1,0,1,0,0,0,0,0,0,0],\"S\":[1,1,1,2,1,1,1,1,1,1,1,1,1,0,1,1,2,1,1,1,1,1,1,1,1,1,1,1,1,1,1,1,1,1,1,1,1,1,1,1,1,1,1,3,1,1,2,1,1,1,1,1,1,1,1]},\"2\":{\"A\":[0,0,0,2,0,1,0,1,0,0,0,0,0,0,0,0,0,0,0,0,0,1,0,0,0,0,0,1,1,0,0,0,0,0,0,0,0,0,0,0,1,1,0,3,0,1,0,0,0,1,0,0,1,0,1],\"D\":[0,1,1,0,0,0,1,0,1,1,0,0,0,0,1,0,2,1,0,0,0,0,1,0,1,1,0,0,0,0,1,1,0,1,1,1,0,0,0,0,0,0,1,0,1,0,2,0,0,0,0,0,0,1,0],\"S\":[1,1,1,2,1,1,1,1,1,1,0,0,0,0,1,1,2,1,1,1,1,1,1,1,1,1,1,1,1,1,1,1,1,1,1,1,1,1,1,1,1,1,1,3,1,1,2,1,1,1,1,1,1,1,1]},\"3\":{\"A\":[0,0,0,2,0,1,0,1,0,0,1,0,0,1,0,0,0,0,0,0,0,1,1,1,1,0,1,0,1,1,0,0,0,0,1,1,0,1,0,0,0,1,0,0,0,1,0,0,0,0,1,0,1,0,0],\"D\":[0,1,1,0,0,0,1,0,0,1,0,1,1,0,0,0,2,1,0,0,1,0,0,0,0,1,0,0,0,0,1,1,0,1,0,0,1,0,0,1,1,0,1,3,1,0,2,0,0,1,0,0,0,1,0],\"S\":[1,1,1,2,1,1,1,1,1,1,1,1,1,1,1,1,2,1,1,1,1,1,1,1,1,1,1,1,1,1,1,1,1,1,1,1,1,1,1,1,1,1,1,3,1,1,2,1,1,1,1,1,1,1,1]},\"4\":{\"A\":[0,1,1,0,1,1,1,0,1,1,0,0,0,0,1,1,2,1,1,1,1,0,0,0,1,1,0,1,0,1,1,1,1,1,1,1,1,1,1,1,1,0,1,3,0,1,2,1,1,1,1,1,1,1,1],\"D\":[0,0,0,2,0,0,0,1,0,0,1,0,0,0,0,0,0,0,0,0,0,1,1,0,0,0,1,0,1,0,0,0,0,0,0,0,0,0,0,0,0,1,0,0,1,0,0,0,0,0,0,0,0,0,0],\"S\":[1,1,1,2,1,1,1,1,1,1,1,0,0,1,1,1,2,1,1,1,1,1,1,1,1,1,1,1,1,1,1,1,1,1,1,1,1,1,1,1,1,1,1,3,1,1,2,1,1,1,1,1,1,1,1]},\"5\":{\"A\":[0,0,0,2,1,1,0,1,0,0,1,0,0,1,1,1,0,0,0,1,0,1,1,1,1,0,1,1,1,1,1,0,1,0,1,1,0,1,0,0,1,1,0,0,0,1,0,1,1,1,1,0,1,1,1],\"D\":[0,1,1,0,0,0,1,0,1,0,0,0,1,0,0,0,2,0,0,0,1,0,0,0,0,1,0,0,0,0,0,0,0,1,0,0,1,0,1,0,0,0,1,3,1,0,2,0,0,0,0,0,0,0,0],\"S\":[1,1,1,2,1,1,1,1,1,1,1,0,1,1,1,1,2,1,1,1,1,1,1,1,1,1,1,1,1,1,1,1,1,1,1,1,1,1,1,1,1,1,1,3,1,1,2,1,1,1,1,1,1,1,1]},\"6\":{\"A\":[0,1,0,0,0,0,1,0,1,1,0,0,1,1,1,1,2,1,1,1,1,0,0,1,0,0,0,1,0,0,1,1,1,1,1,1,1,1,1,1,1,1,0,3,1,1,2,0,1,1,1,1,1,1,1],\"D\":[0,0,0,0,0,0,0,0,0,0,0,1,0,0,0,0,0,0,0,0,0,0,1,0,0,1,1,0,1,0,0,0,0,0,0,0,0,0,0,0,0,0,0,0,0,0,0,0,0,0,0,0,0,0,0],\"S\":[1,1,1,2,1,1,1,1,1,1,1,1,1,1,1,1,2,1,1,1,1,1,1,1,1,1,1,1,1,1,1,1,1,1,1,1,1,1,1,1,1,1,1,3,1,1,2,1,1,1,1,1,1,1,1]},\"7\":{\"A\":[0,0,0,0,0,0,0,0,0,0,1,0,0,0,0,1,2,1,1,0,1,0,1,1,1,0,0,0,1,0,1,1,1,0,0,0,1,0,1,1,0,0,1,3,0,1,2,0,0,1,0,1,1,0,1],\"D\":[0,0,1,2,1,1,1,1,1,0,0,1,0,0,0,0,0,0,0,0,0,0,0,0,0,0,1,1,0,0,0,0,0,0,1,1,0,1,0,0,1,0,0,0,1,0,0,0,0,0,1,0,0,1,0],\"S\":[1,1,1,2,1,1,1,1,1,1,1,1,0,0,1,1,2,1,1,1,1,1,1,1,1,1,1,1,1,1,1,1,1,0,1,1,1,1,1,1,1,1,1,3,1,1,2,1,1,1,1,1,1,1,1]}},\"group-votes\":{\"0\":{\"votes\":{\"0\":{\"A\":18,\"D\":4,\"S\":29},\"1\":{\"A\":6,\"D\":13,\"S\":28},\"2\":{\"A\":12,\"D\":4,\"S\":27},