{
  "user": {},
  "ptpt": null,
  "nextComment": {
    "txt": "可能な限り原発依存度を低減し、将来的に原発に依存しない社会を目指す",
    "tid": 5,
    "created": "1728980435689",
    "tweet_id": null,
    "quote_src_url": null,
    "is_seed": true,
    "is_meta": false,
    "lang": null,
    "pid": 0,
    "randomN": 4.050364743944753,
    "remaining": 8,
    "total": 8,
    "translations": []
  },
  "conversation": {
    "topic": "エネルギー政策",
    "description": "",
    "link_url": null,
    "parent_url": null,
    "upvotes": 1,
    "participant_count": 104,
    "is_anon": false,
    "is_active": true,
    "is_draft": true,
    "is_public": true,
    "is_data_open": false,
    "profanity_filter": true,
    "spam_filter": true,
    "strict_moderation": false,
    "prioritize_seed": false,
    "vis_type": 1,
    "write_type": 1,
    "help_type": 1,
    "write_hint_type": 1,
    "style_btn": null,
    "socialbtn_type": 0,
    "subscribe_type": 1,
    "branding_type": 1,
    "bgcolor": null,
    "help_bgcolor": null,
    "help_color": null,
    "email_domain": null,
    "use_xid_whitelist": false,
    "owner": 72,
    "org_id": 72,
    "context": null,
    "course_id": null,
    "owner_sees_participation_stats": false,
    "auth_needed_to_vote": false,
    "auth_needed_to_write": true,
    "auth_opt_fb": true,
    "auth_opt_tw": true,
    "auth_opt_allow_3rdparty": true,
    "modified": "1729328412879",
    "created": "1728980428991",
    "site_id": "polis_site_id_wlE61IMj5fRdvFgrn7",
    "auth_opt_fb_computed": true,
    "auth_opt_tw_computed": true,
    "translations": [],
    "ownername": "admin",
    "is_mod": false,
    "is_owner": false,
    "conversation_id": "3dzkftnmrm"
  },
  "votes": [],
  "pca": "{\"n\":104,\"pca\":{\"comps\":[[0.2407501962126045,-0.4498193103946632,0.33539155276990235,0.48490293891876,-0.34018233478788373,0.47972223976495715,-0.1665212267568053,-0.1360029778746451],[0.6414336285225525,0.10126606050315187,0.5324602549885106,-0.1521520452190403,0.15361942599395112,-0.1394272879330708,0.22171238309261307,0.42361378601753463]],\"center\":[-0.2783505154639175,-0.4123711340206185,0.17204301075268816,0.15306122448979598,-0.6129032258064514,-0.12244897959183677,-0.6631578947368421,-0.2903225806451612],\"comment-extremity\":[1.3984334518335586,0.7663405487099366,2.086108596594883,1.657462377512483,0.4086729331243671,1.239985233354041,0.26417648188605863,0.8930561012721053],\"comment-projection\":[[-0.4914031646175141,0.7476291227734931,-1.1118358238053734,-1.5814380271396649,0.3724571392542737,-1.1907133468917064,0.15865032576167049,0.27299481473134996],[-1.3092513314910221,-0.16831081776874546,-1.76512610815491,0.49622101848464395,-0.16819407149776708,0.3460709529417728,-0.21123278087789998,-0.8503076097208166]]},\"tids\":[0,1,2,3,4,5,6,7],\"mod-in\":[0,7,1,4,6,3,2,5],\"n-cmts\":8,\"in-conv\":[0,65,70,62,74,7,86,20,72,58,60,27,1,69,101,24,102,55,85,39,88,46,4,95,54,92,15,48,50,75,31,32,40,91,33,13,22,90,36,41,89,100,43,61,29,44,93,6,28,64,103,51,25,34,17,3,12,2,66,23,47,35,82,76,97,19,57,11,9,5,83,14,45,53,26,16,81,79,38,98,87,30,73,96,10,18,52,67,71,42,80,63,94,8,49],\"mod-out\":[],\"repness\":{\"0\":[{\"tid\":3,\"p-test\":3.202469976984698,\"n-agree\":31,\"repness\":40,\"n-trials\":42,\"n-success\":31,\"p-success\":0.7272727272727273,\"best-agree\":true,\"repful-for\":\"agree\",\"repness-test\":7.493897},{\"tid\":5,\"p-test\":5.642447102306372,\"repness\":6.136363636363636,\"n-trials\":42,\"n-success\":39,\"p-success\":0.9090909090909091,\"repful-for\":\"agree\",\"repness-test\":7.5939054},{\"tid\":0,\"p-test\":2.5924756956542794,\"repness\":1.973684210526316,\"n-trials\":42,\"n-success\":29,\"p-success\":0.6818181818181818,\"repful-for\":\"agree\",\"repness-test\":3.384166}],\"1\":[{\"tid\":1,\"p-test\":7.076303701373626,\"n-agree\":52,\"repness\":4.143636363636364,\"n-trials\":53,\"n-success\":52,\"p-success\":0.9636363636363636,\"best-agree\":true,\"repful-for\":\"agree\",\"repness-test\":7.607543},{\"tid\":4,\"p-test\":6.933752452815365,\"repness\":1.764150943396226,\"n-trials\":51,\"n-success\":50,\"p-success\":0.9622641509433962,\"repful-for\":\"agree\",\"repness-test\":5.0293527},{\"tid\":6,\"p-test\":5.715476066494083,\"repness\":1.6,\"n-trials\":53,\"n-success\":47,\"p-success\":0.8727272727272727,\"repful-for\":\"agree\",\"repness-test\":3.6998127},{\"tid\":5,\"p-test\":2.609850715025091,\"repness\":29.33333333333333,\"n-trials\":52,\"n-success\":35,\"p-success\":0.6666666666666667,\"repful-for\":\"disagree\",\"repness-test\":6.5671625},{\"tid\":3,\"p-test\":4.626813958590447,\"repness\":11.73333333333333,\"n-trials\":53,\"n-success\":43,\"p-success\":0.8,\"repful-for\":\"disagree\",\"repness-test\":7.2940197}]},\"consensus\":{\"agree\":[{\"tid\":4,\"p-test\":5.569674729797486,\"n-trials\":93,\"n-success\":73,\"p-success\":0.7789473684210526},{\"tid\":6,\"p-test\":4.694855340334422,\"n-trials\":95,\"n-success\":70,\"p-success\":0.7319587628865979},{\"tid\":1,\"p-test\":2.828427124746191,\"n-trials\":97,\"n-success\":62,\"p-success\":0.6363636363636364}],\"disagree\":[]},\"meta-tids\":[],\"votes-base\":{\"0\":{\"A\":[0,1,2,1,1,0,0,1,0,1,1,0,1,1,0,0,0,1,0,0,0,0,0,1,3,1,0,0,0,0,0,1,0,1,0,0,0,1,0,1,1,1,1,1,1,1,1,0,1,0,0,0,1,0,0,1,1,0,1,0,0,1,0,0,0,4,1,0,0,0,0,1,3,2,1,2],\"D\":[0,0,0,0,0,0,0,0,1,0,0,0,0,0,0,0,0,0,1,0,1,1,0,0,0,0,1,1,0,1,1,0,0,0,0,0,1,0,0,0,0,0,0,0,0,0,0,0,0,0,0,0,0,1,1,0,0,6,0,0,0,0,1,1,0,0,0,0,2,1,0,0,0,0,0,0],\"S\":[1,1,2,1,1,1,1,1,1,1,1,1,1,1,1,1,1,1,1,1,1,1,1,1,3,1,1,1,1,1,1,1,1,1,1,1,1,1,1,1,1,1,1,1,1,1,1,1,1,1,2,1,1,1,1,1,1,6,1,1,1,1,1,1,1,6,1,1,2,1,1,1,3,2,1,2]},\"1\":{\"A\":[0,1,0,0,0,1,0,1,1,0,1,1,0,1,1,1,1,1,0,0,0,1,0,1,0,0,1,1,0,1,0,0,1,1,0,1,1,0,0,0,1,1,1,1,1,0,0,1,0,1,2,1,1,1,1,1,0,6,0,0,1,0,1,1,1,6,0,1,2,1,0,1,3,2,1,0],\"D\":[0,0,2,0,1,0,1,0,0,1,0,0,0,0,0,0,0,0,1,1,0,0,1,0,3,0,0,0,0,0,0,0,0,0,1,0,0,1,1,0,0,0,0,0,0,0,1,0,0,0,0,0,0,0,0,0,0,0,1,1,0,1,0,0,0,0,1,0,0,0,0,0,0,0,0,2],\"S\":[1,1,2,1,1,1,1,1,1,1,1,1,0,1,1,1,1,1,1,1,1,1,1,1,3,1,1,1,1,1,1,1,1,1,1,1,1,1,1,1,1,1,1,1,1,1,1,1,1,1,2,1,1,1,1,1,1,6,1,1,1,1,1,1,1,6,1,1,2,1,1,1,3,2,1,2]},\"2\":{\"A\":[0,0,2,0,1,0,1,0,0,0,0,0,0,0,0,0,0,0,0,0,0,0,0,1,3,0,0,0,0,0,0,0,0,1,1,0,0,1,0,0,1,0,0,1,0,1,1,1,1,0,0,0,0,0,0,1,0,0,0,0,0,0,0,0,0,0,1,1,0,0,0,0,3,0,0,2],\"D\":[0,1,0,0,0,1,0,1,1,0,0,0,0,1,0,1,0,0,1,0,1,1,0,0,0,0,1,1,0,1,1,0,0,0,0,1,1,0,0,0,0,0,0,0,1,0,0,0,0,0,2,0,1,1,1,0,1,6,0,0,1,0,1,1,1,4,0,0,2,1,1,0,0,0,0,0],\"S\":[1,1,2,1,1,1,1,1,1,0,0,0,0,1,1,1,1,1,1,1,1,1,1,1,3,1,1,1,1,1,1,1,1,1,1,1,1,1,1,1,1,1,1,1,1,1,1,1,1,1,2,1,1,1,1,1,1,6,1,1,1,1,1,1,1,6,1,1,2,1,1,1,3,2,1,2]},\"3\":{\"A\":[0,0,2,0,1,0,1,0,0,1,0,0,1,0,0,0,0,0,1,1,1,0,1,0,3,1,0,0,0,1,1,1,0,0,1,0,0,1,0,0,0,1,0,1,0,0,1,0,0,0,0,0,1,1,0,1,1,0,1,1,0,0,0,0,0,0,1,0,0,0,0,0,0,0,0,2],\"D\":[0,1,0,0,0,1,0,0,1,0,1,1,0,0,0,1,0,0,0,0,0,1,0,0,0,0,1,1,0,0,0,0,1,1,0,1,1,0,0,0,1,0,0,0,1,0,0,0,0,0,2,1,0,0,1,0,0,6,0,0,1,1,0,1,0,6,0,1,2,1,1,0,3,2,1,0],\"S\":[1,1,2,1,1,1,1,1,1,1,1,1,1,1,1,1,1,1,1,1,1,1,1,1,3,1,1,1,1,1,1,1,1,1,1,1,1,1,1,1,1,1,1,1,1,1,1,1,1,1,2,1,1,1,1,1,1,6,1,1,1,1,1,1,1,6,1,1,2,1,1,1,3,2,1,2]},\"4\":{\"A\":[0,1,0,1,1,1,0,1,1,0,0,0,0,1,1,1,1,1,0,0,1,1,0,1,0,1,1,1,1,1,1,1,1,1,0,1,0,1,1,1,1,1,1,1,1,1,0,1,1,1,2,1,1,1,1,1,1,6,0,0,1,1,1,1,1,6,0,1,2,1,1,1,3,2,1,0],\"D\":[0,0,2,0,0,0,1,0,0,1,0,0,0,0,0,0,0,0,1,0,0,0,1,0,3,0,0,0,0,0,0,0,0,0,1,0,1,0,0,0,0,0,0,0,0,0,1,0,0,0,0,0,0,0,0,0,0,0,1,1,0,0,0,0,0,0,0,0,0,0,0,0,0,0,0,2],\"S\":[1,1,2,1,1,1,1,1,1,1,0,0,1,1,1,1,1,1,1,1,1,1,1,1,3,1,1,1,1,1,1,1,1,1,1,1,1,1,1,1,1,1,1,1,1,1,1,1,1,1,2,1,1,1,1,1,1,6,1,1,1,1,1,1,1,6,1,1,2,1,1,1,3,2,1,2]},\"5\":{\"A\":[0,0,2,1,1,0,1,0,0,1,0,0,1,1,1,0,0,1,1,1,1,0,1,1,3,1,1,0,1,1,1,1,0,1,1,0,0,1,1,1,1,1,0,1,1,1,1,0,1,0,0,1,1,1,0,0,0,0,1,1,0,1,0,1,0,0,1,0,0,0,0,0,0,0,0,2],\"D\":[0,1,0,0,0,1,0,1,0,0,0,1,0,0,0,0,0,0,0,0,0,1,0,0,0,0,0,0,0,0,0,0,0,0,0,1,1,0,0,0,0,0,0,0,0,0,0,0,0,1,2,0,0,0,1,0,0,6,0,0,1,0,0,0,0,6,0,0,2,1,1,1,3,2,1,0],\"S\":[1,1,2,1,1,1,1,1,1,1,0,1,1,1,1,1,1,1,1,1,1,1,1,1,3,1,1,1,1,1,1,1,1,1,1,1,1,1,1,1,1,1,1,1,1,1,1,1,1,1,2,1,1,1,1,1,1,6,1,1,1,1,1,1,1,6,1,