{
  "user": {},
  "ptpt": null,
  "nextComment": {
    "txt": "再生可能エネルギー推進による国内外へのバラマキと環境破壊を阻止する",
    "tid": 7,
    "created": "1728980436572",
    "tweet_id": null,
    "quote_src_url": null,
    "is_seed": true,
    "is_meta": false,
    "lang": null,
    "pid": 0,
    "randomN": 5.599156165312035,
    "remaining": 8,
    "total": 8,
    "translations": []
  },
  "conversation": {
    "topic": "エネルギー政策",
    "description": "",
    "link_url": null,
    "parent_url": null,
    "upvotes": 1,
    "participant_count": 41,
    "is_anon": false,
    "is_active": true,
    "is_draft": true,
    "is_public": true,
    "is_data_open": false,
    "profanity_filter": true,
    "spam_filter": true,
    "strict_moderation": false,
    "prioritize_seed": false,
    "vis_type": 1,
    "write_type": 1,
    "help_type": 1,
    "write_hint_type": 1,
    "style_btn": null,
    "socialbtn_type": 0,
    "subscribe_type": 1,
    "branding_type": 1,
    "bgcolor": null,
    "help_bgcolor": null,
    "help_color": null,
    "email_domain": null,
    "use_xid_whitelist": false,
    "owner": 72,
    "org_id": 72,
    "context": null,
    "course_id": null,
    "owner_sees_participation_stats": false,
    "auth_needed_to_vote": false,
    "auth_needed_to_write": true,
    "auth_opt_fb": true,
    "auth_opt_tw": true,
    "auth_opt_allow_3rdparty": true,
    "modified": "1729272935877",
    "created": "1728980428991",
    "site_id": "polis_site_id_wlE61IMj5fRdvFgrn7",
    "auth_opt_fb_computed": true,
    "auth_opt_tw_computed": true,
    "translations": [],
    "ownername": "admin",
    "is_mod": false,
    "is_owner": false,
    "conversation_id": "3dzkftnmrm"
  },
  "votes": [],
  "pca": "{\"n\":41,\"pca\":{\"comps\":[[0.25837933238894695,-0.4675003042017616,0.3218317020116578,0.4628304348340026,-0.3895818234715972,0.40334570471308967,-0.2487855593302173,-0.14331755341181088],[0.6656167317508003,0.22303793730661708,0.30750797473238833,-0.1906470731868253,0.15975890064172504,-0.20550202468544104,0.050605346672491634,-0.5531600982543512]],\"center\":[-0.15000000000000002,-0.28205128205128205,0.2571428571428571,0.024999999999999998,-0.4864864864864865,-0.3076923076923077,-0.46153846153846156,-0.05555555555555553],\"comment-extremity\":[1.7165884378895035,1.0518425658487909,1.5827495430267837,1.451186639321637,0.6115717917786373,0.8864109139012991,0.38665934590501366,1.5264419894144814],\"comment-projection\":[[-0.6211860453723029,0.9493367988327697,-1.1443488767203502,-1.341809209943631,0.5658424902564271,-0.789808106672564,0.3789002130602442,0.3828430746598808],[-1.6002511559535413,-0.4529154730336751,-1.093417470273987,0.552712136881466,-0.23203950680808233,0.40240211594577413,-0.07707190356150906,1.4776523025504371]]},\"tids\":[0,1,2,3,4,5,6,7],\"mod-in\":[0,7,1,4,6,3,2,5],\"n-cmts\":8,\"in-conv\":[0,7,20,27,1,24,39,4,15,31,32,40,33,13,22,36,29,6,28,25,34,17,3,12,2,23,35,19,11,9,5,14,26,16,38,30,10,18,8],\"mod-out\":[],\"repness\":{\"0\":[{\"tid\":3,\"p-test\":2.8284271247461894,\"n-agree\":14,\"repness\":9.473684210526317,\"n-trials\":17,\"n-success\":14,\"p-success\":0.7894736842105263,\"best-agree\":true,\"repful-for\":\"agree\",\"repness-test\":4.814156},{\"tid\":5,\"p-test\":3.771236166328253,\"repness\":2.93984962406015,\"n-trials\":17,\"n-success\":16,\"p-success\":0.8947368421052632,\"repful-for\":\"agree\",\"repness-test\":4.0222445}],\"1\":[{\"tid\":1,\"p-test\":4.37880269519857,\"n-agree\":21,\"repness\":8.25,\"n-trials\":22,\"n-success\":21,\"p-success\":0.9166666666666667,\"best-agree\":true,\"repful-for\":\"agree\",\"repness-test\":5.3536487},{\"tid\":4,\"p-test\":4.58257569495584,\"repness\":2.590909090909091,\"n-trials\":20,\"n-success\":20,\"p-success\":0.9545454545454545,\"repful-for\":\"agree\",\"repness-test\":4.227884},{\"tid\":6,\"p-test\":3.5447450389702704,\"repness\":3.166666666666667,\"n-trials\":22,\"n-success\":19,\"p-success\":0.8333333333333333,\"repful-for\":\"agree\",\"repness-test\":3.8550308},{\"tid\":3,\"p-test\":1.8766297265136724,\"repness\":12.66666666666667,\"n-trials\":22,\"n-success\":15,\"p-success\":0.6666666666666667,\"repful-for\":\"disagree\",\"repness-test\":4.128645},{\"tid\":2,\"p-test\":1.9639610121239315,\"repness\":2.897727272727273,\"n-trials\":20,\"n-success\":14,\"p-success\":0.6818181818181818,\"repful-for\":\"disagree\",\"repness-test\":2.799257}]},\"consensus\":{\"agree\":[{\"tid\":4,\"p-test\":2.5955427380922003,\"n-trials\":37,\"n-success\":26,\"p-success\":0.6923076923076923}],\"disagree\":[]},\"meta-tids\":[],\"votes-base\":{\"0\":{\"A\":[0,0,1,2,1,1,0,0,1,0,1,1,0,1,1,0,0,0,0,1,1,1,0,0,0,1,0,0,1,1,1,0,0,0,0,0,0],\"D\":[0,1,0,0,0,0,0,0,0,1,0,0,0,0,0,0,2,0,0,0,0,0,1,0,1,0,1,0,0,0,0,1,1,0,1,1,1],\"S\":[1,1,1,2,1,1,1,1,1,1,1,1,1,1,1,1,2,1,1,1,1,1,1,1,1,1,1,1,1,1,1,1,1,1,1,1,1]},\"1\":{\"A\":[0,1,1,0,0,0,1,0,1,1,0,1,1,0,1,1,2,1,1,1,1,0,0,0,0,1,1,0,1,0,0,1,1,0,1,1,0],\"D\":[0,0,0,2,0,1,0,1,0,0,1,0,0,0,0,0,0,0,0,0,0,1,1,1,0,0,0,1,0,1,0,0,0,0,0,0,0],\"S\":[1,1,1,2,1,1,1,1,1,1,1,1,1,0,1,1,2,1,1,1,1,1,1,1,1,1,1,1,1,1,1,1,1,1,1,1,1]},\"2\":{\"A\":[0,0,0,2,0,1,0,1,0,0,0,0,0,0,0,0,0,0,0,0,0,1,0,0,0,1,0,0,1,1,0,0,0,0,0,0,0],\"D\":[0,1,1,0,0,0,1,0,1,1,0,0,0,0,1,0,2,1,0,0,0,0,1,0,1,0,1,0,0,0,0,1,1,0,1,1,1],\"S\":[1,1,1,2,1,1,1,1,1,1,0,0,0,0,1,1,2,1,1,1,1,1,1,1,1,1,1,1,1,1,1,1,1,1,1,1,1]},\"3\":{\"A\":[0,0,0,2,0,1,0,1,0,0,1,0,0,1,0,0,0,0,0,0,0,1,1,1,1,0,0,1,0,1,1,0,0,0,0,1,1],\"D\":[0,1,1,0,0,0,1,0,0,1,0,1,1,0,0,0,2,1,0,0,1,0,0,0,0,1,1,0,0,0,0,1,1,0,1,0,0],\"S\":[1,1,1,2,1,1,1,1,1,1,1,1,1,1,1,1,2,1,1,1,1,1,1,1,1,1,1,1,1,1,1,1,1,1,1,1,1]},\"4\":{\"A\":[0,1,1,0,1,1,1,0,1,1,0,0,0,0,1,1,2,1,1,1,1,0,0,0,1,1,1,0,1,0,1,1,1,1,1,1,1],\"D\":[0,0,0,2,0,0,0,1,0,0,1,0,0,0,0,0,0,0,0,0,0,1,1,0,0,0,0,1,0,1,0,0,0,0,0,0,0],\"S\":[1,1,1,2,1,1,1,1,1,1,1,0,0,1,1,1,2,1,1,1,1,1,1,1,1,1,1,1,1,1,1,1,1,1,1,1,1]},\"5\":{\"A\":[0,0,0,2,1,1,0,1,0,0,1,0,0,1,1,1,0,0,0,1,0,1,1,1,1,0,0,1,1,1,1,1,0,1,0,1,1],\"D\":[0,1,1,0,0,0,1,0,1,0,0,0,1,0,0,0,2,0,0,0,1,0,0,0,0,1,1,0,0,0,0,0,0,0,1,0,0],\"S\":[1,1,1,2,1,1,1,1,1,1,1,0,1,1,1,1,2,1,1,1,1,1,1,1,1,1,1,1,1,1,1,1,1,1,1,1,1]},\"6\":{\"A\":[0,1,0,0,0,0,1,0,1,1,0,0,1,1,1,1,2,1,1,1,1,0,0,1,0,1,0,0,1,0,0,1,1,1,1,1,1],\"D\":[0,0,0,0,0,0,0,0,0,0,0,1,0,0,0,0,0,0,0,0,0,0,1,0,0,0,1,1,0,1,0,0,0,0,0,0,0],\"S\":[1,1,1,2,1,1,1,1,1,1,1,1,1,1,1,1,2,1,1,1,1,1,1,1,1,1,1,1,1,1,1,1,1,1,1,1,1]},\"7\":{\"A\":[0,0,0,0,0,0,0,0,0,0,1,0,0,0,0,1,2,1,1,0,1,0,1,1,1,1,0,0,0,1,0,1,1,1,0,0,0],\"D\":[0,0,1,2,1,1,1,1,1,0,0,1,0,0,0,0,0,0,0,0,0,0,0,0,0,0,0,1,1,0,0,0,0,0,0,1,1],\"S\":[1,1,1,2,1,1,1,1,1,1,1,1,0,0,1,1,2,1,1,1,1,1,1,1,1,1,1,1,1,1,1,1,1,1,0,1,1]}},\"group-votes\":{\"0\":{\"votes\":{\"0\":{\"A\":10,\"D\":3,\"S\":17},\"1\":{\"A\":1,\"D\":10,\"S\":16},\"2\":{\"A\":7,\"D\":3,\"S\":15},\"3\":{\"A\":14,\"D\":0,\"S\":17},\"4\":{\"A\":6,\"D\":8,\"S\":17},\"5\":{\"A\":16,\"D\":0,\"S\":17},\"6\":{\"A\":4,\"D\":3,\"S\":17},\"7\":{\"A\":5,\"D\":8,\"S\":16}},\"n-members\":17,\"id\":0},\"1\":{\"votes\":{\"0\":{\"A\":7,\"D\":9,\"S\":22},\"1\":{\"A\":21,\"D\":0,\"S\":22},\"2\":{\"A\":1,\"D\":14,\"S\":20},\"3\":{\"A\":1,\"D\":15,\"S\":22},\"4\":{\"A\":20,\"D\":0,\"S\":20},\"5\":{\"A\":6,\"D\":11,\"S\":21},\"6\":{\"A\":19,\"D\":2,\"S\":22},\"7\":{\"A\":10,\"D\":5,\"S\":20}},\"n-members\":22,\"id\":1}},\"base-clusters\":{\"x\":[-0.37563575697206103,2.176619103979212,1.2677573264592898,-2.8224226120049276,-0.7910965240143114,-2.0432589650617334,1.774922218178454,-2.564043279615981,1.0537124509555045,1.773273399266122,-2.278347651314748,0.06626765610848974,1.8810130014991886,-1.3013756669154068,0.39033859494113604,0.47020377873023617,2.3199366573910227,1.6582116202889863,0.873549483443326,0.06850689292947833,1.4813462906014712,-2.6791050585931164,-1.6241509957103137,-1.3172090879788867,-0.12870148523514052,1.1595145885898135,1.6790479853187772,-2.4909971369345407,-0.3966423624939903,-2.7845730645115228,-1.1106094054365032,1.5132452479648433,1.916590952677933,0.002703474528474553,2.3354155278908793,0.3009492714732164,-0.16655103272854502],