{
  "user": {},
  "ptpt": null,
  "nextComment": {
    "txt": "化石燃料にも原子力発電にも依存しないカーボンニュートラルを目指し、再生可能エネルギーによる発電割合を2050年までに100％目指す",
    "tid": 2,
    "created": "1728980432980",
    "tweet_id": null,
    "quote_src_url": null,
    "is_seed": true,
    "is_meta": false,
    "lang": null,
    "pid": 0,
    "randomN": 1.9562643478232056,
    "remaining": 8,
    "total": 8,
    "translations": []
  },
  "conversation": {
    "topic": "エネルギー政策",
    "description": "",
    "link_url": null,
    "parent_url": null,
    "upvotes": 1,
    "participant_count": 39,
    "is_anon": false,
    "is_active": true,
    "is_draft": true,
    "is_public": true,
    "is_data_open": false,
    "profanity_filter": true,
    "spam_filter": true,
    "strict_moderation": false,
    "prioritize_seed": false,
    "vis_type": 1,
    "write_type": 1,
    "help_type": 1,
    "write_hint_type": 1,
    "style_btn": null,
    "socialbtn_type": 0,
    "subscribe_type": 1,
    "branding_type": 1,
    "bgcolor": null,
    "help_bgcolor": null,
    "help_color": null,
    "email_domain": null,
    "use_xid_whitelist": false,
    "owner": 72,
    "org_id": 72,
    "context": null,
    "course_id": null,
    "owner_sees_participation_stats": false,
    "auth_needed_to_vote": false,
    "auth_needed_to_write": true,
    "auth_opt_fb": true,
    "auth_opt_tw": true,
    "auth_opt_allow_3rdparty": true,
    "modified": "1729270947678",
    "created": "1728980428991",
    "site_id": "polis_site_id_wlE61IMj5fRdvFgrn7",
    "auth_opt_fb_computed": true,
    "auth_opt_tw_computed": true,
    "translations": [],
    "ownername": "admin",
    "is_mod": false,
    "is_owner": false,
    "conversation_id": "3dzkftnmrm"
  },
  "votes": [],
  "pca": "{\"n\":39,\"pca\":{\"comps\":[[0.25758055161020715,-0.46548119747628547,0.32198374769876986,0.4639678581316825,-0.3888642199461679,0.4045525758366039,-0.24838771375417337,-0.14651000836932795],[0.6175443341956516,0.23426607112982914,0.2671127494062631,-0.14788537624501327,0.19214919050942292,-0.1682966789129079,0.06972639090259873,-0.632797159193132]],\"center\":[-0.2105263157894737,-0.27027027027027023,0.21212121212121213,0.07894736842105263,-0.45714285714285713,-0.27027027027027023,-0.43243243243243235,-0.11764705882352935],\"comment-extremity\":[1.4941026652055613,1.0755599092449002,1.4342943987510208,1.4860869987676735,0.6659893786558305,0.9043622916639384,0.41415549978878236,1.6210289451184299],\"comment-projection\":[[-0.5751693307747863,0.9607473085144358,-1.1038879584468295,-1.4159018492882045,0.5970745155211767,-0.8349914035086258,0.3987426348042142,0.3656407779869988],[-1.3789572201886635,-0.4835222099936727,-0.9157684191347957,0.4513053523819039,-0.29503199046464645,0.34736221822522056,-0.11193341411164573,1.5792535142860478]]},\"tids\":[0,1,2,3,4,5,6,7],\"mod-in\":[0,7,1,4,6,3,2,5],\"n-cmts\":8,\"in-conv\":[0,7,20,27,1,24,4,15,31,32,33,13,22,36,29,6,28,25,34,17,3,12,2,23,35,19,11,9,5,14,26,16,38,30,10,18,8],\"mod-out\":[],\"repness\":{\"0\":[{\"tid\":3,\"p-test\":2.6678918753996634,\"n-agree\":13,\"repness\":17.88888888888889,\"n-trials\":16,\"n-success\":13,\"p-success\":0.7777777777777778,\"best-agree\":true,\"repful-for\":\"agree\",\"repness-test\":4.9526567},{\"tid\":5,\"p-test\":3.6380343755449944,\"repness\":3.259259259259259,\"n-trials\":16,\"n-success\":15,\"p-success\":0.888888888888889,\"repful-for\":\"agree\",\"repness-test\":4.069136},{\"tid\":1,\"p-test\":1.5,\"repness\":14.88235294117647,\"n-trials\":15,\"n-success\":10,\"p-success\":0.6470588235294118,\"repful-for\":\"disagree\",\"repness-test\":4.2038927}],\"1\":[{\"tid\":1,\"p-test\":4.264014327112208,\"n-agree\":20,\"repness\":7.760869565217391,\"n-trials\":21,\"n-success\":20,\"p-success\":0.9130434782608696,\"best-agree\":true,\"repful-for\":\"agree\",\"repness-test\":5.165279},{\"tid\":4,\"p-test\":4.47213595499958,\"repness\":2.857142857142857,\"n-trials\":19,\"n-success\":19,\"p-success\":0.9523809523809524,\"repful-for\":\"agree\",\"repness-test\":4.2914205},{\"tid\":6,\"p-test\":3.411211461689767,\"repness\":3.717391304347826,\"n-trials\":21,\"n-success\":18,\"p-success\":0.8260869565217391,\"repful-for\":\"agree\",\"repness-test\":3.9558558},{\"tid\":3,\"p-test\":2.1320071635561044,\"repness\":12.52173913043478,\"n-trials\":21,\"n-success\":15,\"p-success\":0.6956521739130435,\"repful-for\":\"disagree\",\"repness-test\":4.1744637},{\"tid\":2,\"p-test\":1.7888543819998315,\"repness\":3.555555555555556,\"n-trials\":19,\"n-success\":13,\"p-success\":0.6666666666666667,\"repful-for\":\"disagree\",\"repness-test\":2.928896}]},\"consensus\":{\"agree\":[{\"tid\":4,\"p-test\":2.333333333333333,\"n-trials\":35,\"n-success\":24,\"p-success\":0.6756756756756757}],\"disagree\":[]},\"meta-tids\":[],\"votes-base\":{\"0\":{\"A\":[0,0,1,2,1,1,0,0,1,0,1,1,0,1,1,0,0,0,0,1,1,1,0,0,0,1,0,0,1,1,1,0,0,0,0],\"D\":[0,1,0,0,0,0,0,0,0,1,0,0,0,0,0,0,2,0,0,0,0,0,1,0,1,0,1,0,0,0,0,1,1,0,1],\"S\":[1,1,1,2,1,1,1,1,1,1,1,1,1,1,1,1,2,1,1,1,1,1,1,1,1,1,1,1,1,1,1,1,1,1,1]},\"1\":{\"A\":[0,1,1,0,0,0,1,0,1,1,0,1,1,0,1,1,2,1,1,1,1,0,0,0,0,1,1,0,1,0,0,1,1,0,1],\"D\":[0,0,0,2,0,1,0,1,0,0,1,0,0,0,0,0,0,0,0,0,0,1,1,1,0,0,0,1,0,1,0,0,0,0,0],\"S\":[1,1,1,2,1,1,1,1,1,1,1,1,1,0,1,1,2,1,1,1,1,1,1,1,1,1,1,1,1,1,1,1,1,1,1]},\"2\":{\"A\":[0,0,0,2,0,1,0,1,0,0,0,0,0,0,0,0,0,0,0,0,0,1,0,0,0,1,0,0,1,1,0,0,0,0,0],\"D\":[0,1,1,0,0,0,1,0,1,1,0,0,0,0,1,0,2,1,0,0,0,0,1,0,1,0,1,0,0,0,0,1,1,0,1],\"S\":[1,1,1,2,1,1,1,1,1,1,0,0,0,0,1,1,2,1,1,1,1,1,1,1,1,1,1,1,1,1,1,1,1,1,1]},\"3\":{\"A\":[0,0,0,2,0,1,0,1,0,0,1,0,0,1,0,0,0,0,0,0,0,1,1,1,1,0,0,1,0,1,1,0,0,0,0],\"D\":[0,1,1,0,0,0,1,0,0,1,0,1,1,0,0,0,2,1,0,0,1,0,0,0,0,1,1,0,0,0,0,1,1,0,1],\"S\":[1,1,1,2,1,1,1,1,1,1,1,1,1,1,1,1,2,1,1,1,1,1,1,1,1,1,1,1,1,1,1,1,1,1,1]},\"4\":{\"A\":[0,1,1,0,1,1,1,0,1,1,0,0,0,0,1,1,2,1,1,1,1,0,0,0,1,1,1,0,1,0,1,1,1,1,1],\"D\":[0,0,0,2,0,0,0,1,0,0,1,0,0,0,0,0,0,0,0,0,0,1,1,0,0,0,0,1,0,1,0,0,0,0,0],\"S\":[1,1,1,2,1,1,1,1,1,1,1,0,0,1,1,1,2,1,1,1,1,1,1,1,1,1,1,1,1,1,1,1,1,1,1]},\"5\":{\"A\":[0,0,0,2,1,1,0,1,0,0,1,0,0,1,1,1,0,0,0,1,0,1,1,1,1,0,0,1,1,1,1,1,0,1,0],\"D\":[0,1,1,0,0,0,1,0,1,0,0,0,1,0,0,0,2,0,0,0,1,0,0,0,0,1,1,0,0,0,0,0,0,0,1],\"S\":[1,1,1,2,1,1,1,1,1,1,1,0,1,1,1,1,2,1,1,1,1,1,1,1,1,1,1,1,1,1,1,1,1,1,1]},\"6\":{\"A\":[0,1,0,0,0,0,1,0,1,1,0,0,1,1,1,1,2,1,1,1,1,0,0,1,0,1,0,0,1,0,0,1,1,1,1],\"D\":[0,0,0,0,0,0,0,0,0,0,0,1,0,0,0,0,0,0,0,0,0,0,1,0,0,0,1,1,0,1,0,0,0,0,0],\"S\":[1,1,1,2,1,1,1,1,1,1,1,1,1,1,1,1,2,1,1,1,1,1,1,1,1,1,1,1,1,1,1,1,1,1,1]},\"7\":{\"A\":[0,0,0,0,0,0,0,0,0,0,1,0,0,0,0,1,2,1,1,0,1,0,1,1,1,1,0,0,0,1,0,1,1,1,0],\"D\":[0,0,1,2,1,1,1,1,1,0,0,1,0,0,0,0,0,0,0,0,0,0,0,0,0,0,0,1,1,0,0,0,0,0,0],\"S\":[1,1,1,2,1,1,1,1,1,1,1,1,0,0,1,1,2,1,1,1,1,1,1,1,1,1,1,1,1,1,1,1,1,1,0]}},\"group-votes\":{\"0\":{\"votes\":{\"0\":{\"A\":10,\"D\":2,\"S\":16},\"1\":{\"A\":1,\"D\":10,\"S\":15},\"2\":{\"A\":7,\"D\":2,\"S\":14},\"3\":{\"A\":13,\"D\":0,\"S\":16},\"4\":{\"A\":5,\"D\":8,\"S\":16},\"5\":{\"A\":15,\"D\":0,\"S\":16},\"6\":{\"A\":3,\"D\":3,\"S\":16},\"7\":{\"A\":5,\"D\":7,\"S\":15}},\"n-members\":16,\"id\":0},\"1\":{\"votes\":{\"0\":{\"A\":7,\"D\":8,\"S\":21},\"1\":{\"A\":20,\"D\":0,\"S\":21},\"2\":{\"A\":1,\"D\":13,\"S\":19},\"3\":{\"A\":0,\"D\":15,\"S\":21},\"4\":{\"A\":19,\"D\":0,\"S\":19},\"5\":{\"A\":5,\"D\":11,\"S\":20},\"6\":{\"A\":18,\"D\":2,\"S\":21},\"7\":{\"A\":10,\"D\":4,\"S\":19}},\"n-members\":21,\"id\":1}},\"base-clusters\":{\"x\":[-0.36958221012960635,2.1812356543242837,1.2711768289803682,-2.8185223691986514,-0.7893611259995775,-2.0407939293063153,1.7771450943447484,-2.5609418175884437,1.0555966846028588,1.7766830784876797,-2.282645150209243,0.05580296971699113,1.8671474787010538,-1.3103892950792508,0.39300154129897913,0.4751083535797444,2.3277456626936117,1.6656125352468005,0.8796609294163484,0.07101779360020931,1.4906008117744276,-2.6720123608293234,-1.6147614675962145,-1.308686119450677,-0.1231641164734199,1.168617064075658,1.684460226815937,-2.4873457836438475,-0.3974759624678885,-2.7738900662141686,-1.106818975761932,