{
  "user": {},
  "ptpt": null,
  "nextComment": {
    "txt": "原子力発電所の新増設は認めない",
    "tid": 3,
    "created": "1728980433872",
    "tweet_id": null,
    "quote_src_url": null,
    "is_seed": true,
    "is_meta": false,
    "lang": null,
    "pid": 0,
    "randomN": 2.3222159549359764,
    "remaining": 8,
    "total": 8,
    "translations": []
  },
  "conversation": {
    "topic": "エネルギー政策",
    "description": "",
    "link_url": null,
    "parent_url": null,
    "upvotes": 1,
    "participant_count": 127,
    "is_anon": false,
    "is_active": true,
    "is_draft": true,
    "is_public": true,
    "is_data_open": false,
    "profanity_filter": true,
    "spam_filter": true,
    "strict_moderation": false,
    "prioritize_seed": false,
    "vis_type": 1,
    "write_type": 1,
    "help_type": 1,
    "write_hint_type": 1,
    "style_btn": null,
    "socialbtn_type": 0,
    "subscribe_type": 1,
    "branding_type": 1,
    "bgcolor": null,
    "help_bgcolor": null,
    "help_color": null,
    "email_domain": null,
    "use_xid_whitelist": false,
    "owner": 72,
    "org_id": 72,
    "context": null,
    "course_id": null,
    "owner_sees_participation_stats": false,
    "auth_needed_to_vote": false,
    "auth_needed_to_write": true,
    "auth_opt_fb": true,
    "auth_opt_tw": true,
    "auth_opt_allow_3rdparty": true,
    "modified": "1729335735274",
    "created": "1728980428991",
    "site_id": "polis_site_id_wlE61IMj5fRdvFgrn7",
    "auth_opt_fb_computed": true,
    "auth_opt_tw_computed": true,
    "translations": [],
    "ownername": "admin",
    "is_mod": false,
    "is_owner": false,
    "conversation_id": "3dzkftnmrm"
  },
  "votes": [],
  "pca": "{\"n\":127,\"pca\":{\"comps\":[[0.24080331334785207,-0.444626231976434,0.36661771048068675,0.47478300752081,-0.35185496478182504,0.4763416512813458,-0.15261822503421937,-0.10246082495702577],[0.6459048703430506,0.1783490157352198,0.5294918286910485,-0.16883939013312288,0.223943994934255,-0.074513879317111,0.2725286017581586,0.3348956865772303]],\"center\":[-0.2916666666666665,-0.4166666666666665,0.15517241379310343,0.18181818181818185,-0.6034482758620687,-0.12396694214876035,-0.6694915254237285,-0.3448275862068966],\"comment-extremity\":[1.3810565021120969,0.7904127621126156,2.104241325195042,1.68441438566945,0.4678003949431479,1.1946308010046338,0.29199320911580684,0.6489934128311157],\"comment-projection\":[[-0.4824420247679568,0.7335958553559057,-1.1978577403673558,-1.5870507980841486,0.39464673976564124,-1.1802772776515555,0.14267043702778628,0.1898709156591082],[-1.294050522492802,-0.2942608630367472,-1.7300197653496905,0.5643771672832434,-0.25117953798292453,0.18463016700530227,-0.2547649516084341,-0.6205976839184552]]},\"tids\":[0,1,2,3,4,5,6,7],\"mod-in\":[0,7,1,4,6,3,2,5],\"n-cmts\":8,\"in-conv\":[0,121,65,70,62,74,110,7,86,20,72,58,60,27,1,69,101,24,102,55,85,39,88,46,4,106,119,95,54,92,104,15,48,50,116,75,31,113,32,40,91,117,108,33,13,22,90,109,36,41,118,89,100,122,43,61,29,44,93,6,111,28,64,103,51,25,34,125,17,3,12,2,66,107,23,47,35,82,76,97,19,57,11,115,9,5,112,83,14,45,53,26,123,16,81,120,79,38,126,98,124,87,30,73,96,10,18,105,52,114,67,71,42,80,63,94,8,49],\"mod-out\":[],\"repness\":{\"0\":[{\"tid\":3,\"p-test\":3.1112698372208087,\"n-agree\":35,\"repness\":16.70588235294118,\"n-trials\":49,\"n-success\":35,\"p-success\":0.7058823529411765,\"best-agree\":true,\"repful-for\":\"agree\",\"repness-test\":7.807826},{\"tid\":5,\"p-test\":6.2225396744416175,\"repness\":5.864527629233512,\"n-trials\":49,\"n-success\":46,\"p-success\":0.9215686274509804,\"repful-for\":\"agree\",\"repness-test\":8.408555},{\"tid\":0,\"p-test\":3.1112698372208087,\"repness\":2.004705882352941,\"n-trials\":49,\"n-success\":35,\"p-success\":0.7058823529411765,\"repful-for\":\"agree\",\"repness-test\":3.9198496}],\"1\":[{\"tid\":1,\"p-test\":7.888508821606998,\"n-agree\":67,\"repness\":4.788732394366197,\"n-trials\":69,\"n-success\":67,\"p-success\":0.9577464788732394,\"best-agree\":true,\"repful-for\":\"agree\",\"repness-test\":8.669082},{\"tid\":4,\"p-test\":8.003675626198987,\"repness\":1.904682274247492,\"n-trials\":67,\"n-success\":66,\"p-success\":0.9710144927536232,\"repful-for\":\"agree\",\"repness-test\":6.112186},{\"tid\":3,\"p-test\":5.019960159204454,\"repness\":10.05633802816901,\"n-trials\":69,\"n-success\":55,\"p-success\":0.7887323943661972,\"repful-for\":\"disagree\",\"repness-test\":7.776889},{\"tid\":5,\"p-test\":2.0465595024580763,\"repness\":31.32857142857143,\"n-trials\":68,\"n-success\":42,\"p-success\":0.6142857142857143,\"repful-for\":\"disagree\",\"repness-test\":6.7278924},{\"tid\":2,\"p-test\":2.9104275004359947,\"repness\":5.444444444444444,\"n-trials\":67,\"n-success\":45,\"p-success\":0.6666666666666667,\"repful-for\":\"disagree\",\"repness-test\":5.882132}]},\"consensus\":{\"agree\":[{\"tid\":4,\"p-test\":6.194152191181725,\"n-trials\":116,\"n-success\":91,\"p-success\":0.7796610169491525},{\"tid\":6,\"p-test\":5.408521132466446,\"n-trials\":118,\"n-success\":88,\"p-success\":0.7416666666666667},{\"tid\":1,\"p-test\":3.1818181818181808,\"n-trials\":120,\"n-success\":77,\"p-success\":0.639344262295082},{\"tid\":7,\"p-test\":1.3867504905630728,\"n-trials\":116,\"n-success\":65,\"p-success\":0.5593220338983051}],\"disagree\":[]},\"meta-tids\":[],\"votes-base\":{\"0\":{\"A\":[0,1,2,1,1,0,0,1,0,1,1,0,1,1,0,0,0,1,0,0,0,0,0,1,1,0,0,0,0,0,1,0,1,0,0,0,1,0,1,1,1,1,2,1,1,2,0,1,0,0,0,1,0,1,1,1,0,0,0,0,0,0,4,1,0,0,1,0,1,1,0,0,0,1,0,1,1,0,1,0,2,1,3,1,1,0,1,1,3,2,1],\"D\":[0,0,0,0,0,0,0,0,1,0,0,0,0,0,0,0,0,0,1,0,1,1,0,0,0,1,1,0,1,1,0,0,0,0,0,1,0,0,0,0,0,0,0,0,0,0,0,0,0,0,0,0,1,0,0,0,0,0,0,1,1,0,0,0,0,0,0,1,0,0,2,9,0,0,1,0,0,0,0,0,0,0,0,0,0,1,0,0,0,0,0],\"S\":[1,1,2,1,1,1,1,1,1,1,1,1,1,1,1,1,2,1,1,1,1,1,1,1,1,1,1,1,1,1,1,2,1,1,1,1,1,1,1,1,1,1,2,1,1,2,1,1,1,4,1,1,1,1,1,1,1,1,1,1,1,1,4,1,1,2,1,1,1,1,2,9,1,1,1,1,1,1,1,1,2,1,3,1,1,1,1,1,3,2,1]},\"1\":{\"A\":[0,1,0,0,0,1,0,1,1,0,1,1,0,1,1,1,2,1,0,0,0,1,0,1,0,1,1,0,1,0,0,2,1,0,1,1,0,0,0,1,1,1,2,1,0,0,1,0,1,4,1,1,1,1,0,0,0,1,1,1,1,1,4,0,0,2,0,1,1,0,2,9,0,0,1,1,0,1,1,0,2,1,3,1,1,1,1,0,0,0,0],\"D\":[0,0,2,0,1,0,1,0,0,1,0,0,0,0,0,0,0,0,1,1,0,0,1,0,0,0,0,0,0,0,0,0,0,1,0,0,1,1,0,0,0,0,0,0,0,2,0,0,0,0,0,0,0,0,0,1,1,0,0,0,0,0,0,1,0,0,1,0,0,0,0,0,1,0,0,0,1,0,0,1,0,0,0,0,0,0,0,1,3,2,0],\"S\":[1,1,2,1,1,1,1,1,1,1,1,1,0,1,1,1,2,1,1,1,1,1,1,1,1,1,1,1,1,1,1,2,1,1,1,1,1,1,1,1,1,1,2,1,1,2,1,1,1,4,1,1,1,1,1,1,1,1,1,1,1,1,4,1,1,2,1,1,1,1,2,9,1,1,1,1,1,1,1,1,2,1,3,1,1,1,1,1,3,2,1]},\"2\":{\"A\":[0,0,2,0,1,0,1,0,0,0,0,0,0,0,0,0,0,0,0,0,0,0,0,1,0,0,0,0,0,0,0,0,1,1,0,0,1,0,0,1,0,0,2,0,1,2,1,1,0,0,0,0,0,1,0,0,0,0,1,0,0,0,0,1,0,0,1,0,0,1,0,0,1,0,0,0,0,1,0,0,0,0,3,0,0,0,0,1,3,2,1],\"D\":[0,1,0,0,0,1,0,1,1,0,0,0,0,1,0,1,0,0,1,0,1,1,0,0,0,1,1,0,1,1,0,0,0,0,1,1,0,0,0,0,0,0,0,1,0,0,0,0,0,4,0,1,1,0,1,0,0,1,0,1,1,1,4,0,1,0,0,1,1,0,2,9,0,1,1,1,0,0,0,0,0,0,0,0,0,1,1,0,0,0,0],\"S\":[1,1,2,1,1,1,1,1,1,0,0,0,0,1,1,1,2,1,1,1,1,1,1,1,1,1,1,1,1,1,1,2,1,1,1,1,1,1,1,1,1,1,2,1,1,2,1,1,1,4,1,1,1,1,1,1,1,1,1,1,1,1,4,1,1,2,1,1,1,1,2,9,1,1,1,1,1,1,1,1,2,1,3,1,1,1,1,1,3,2,1]},\"3\":{\"A\":[0,0,2,0,1,0,1,0,0,1,0,0,1,0,0,0,0,0,1,1,1,0,1,0,1,0,0,0,1,1,1,0,0,1,0,0,1,0,0,0,1,0,2,0,0,2,0,0,0,0,0,1,1,1,1,1,1,0,0,0,0,0,0,1,0,0,0,0,0,1,0,0,1,0,0,0,0,0,0,1,0,0,0,0,0,0,0,0,3,2,1],\"D\":[0,1,0,0,0,1,0,0,1,0,1,1,0,0,0,1,0,0,0,0,0,1,0,0,0,1,1,0,0,0,0,2,1,0,1,1,0,0,0,1,0,0,0,1,0,0,0,0,0,4,1,0,0,0,0,0,0,1,0,0,1,0,4,0,1,2,1,1,1,0,2,9,0,1,0,1,1,1,0,0,2,1,3,1,1,1,1,0,0,0,0],\"S\":[1,1,2,1,1,1,1,1,1,1,1,1,1,1,1,1,2,1,1,1,1,1,1,1,1,1,1,1,1,1,1,2,1,1,1,1,1,1,1,1,1,1,2,1,1,2,1,1,1,4,1,1,1,1,1,1,1,1,1,1,1,1,4,1,1,2,1,1,1,1,2,9,1,1,1,1,1,1,1,1,2,1,3,1,1,1,1,1,3,2,1]},\"4\":{\"A\":[0,1,0,1,1,1,0,1,1,0,0,0,0,1,1,1,2,1,0,0,1,1,0,1,1,1,1,1,1,1,1,2,1,0,1,0,1,1,1,1,1,1,2,1,1,0,1,1,1,4,1,1,1,1,1,0,0,1,1,1,1,1,4,0,1,2,1,1,1,0,2,9,0,1,1,1,1,1,1,0,2,1,3,1,1,1,1,1,0,0,0],\"D\":[0,0,2,0,0,0,1,0,0,1,0,0,0,0,0,0,0,0,1,0,0,0,1,0,0,0,0,0,0,0,0,0,0,1,0,1,0,0,0,0,0,0,0,0,0,2,0,0,0,0,0,0,0,0,0,1,1,0,0,0,0,0,0,0,0,0,0,0,0,1,0,0,1,0,0,0,0,0,0,1,0,