{
  "user": {},
  "ptpt": null,
  "nextComment": {
    "txt": "可能な限り原発依存度を低減し、将来的に原発に依存しない社会を目指す",
    "tid": 5,
    "created": "1728980435689",
    "tweet_id": null,
    "quote_src_url": null,
    "is_seed": true,
    "is_meta": false,
    "lang": null,
    "pid": 0,
    "randomN": 3.804030062095349,
    "remaining": 8,
    "total": 8,
    "translations": []
  },
  "conversation": {
    "topic": "エネルギー政策",
    "description": "",
    "link_url": null,
    "parent_url": null,
    "upvotes": 1,
    "participant_count": 73,
    "is_anon": false,
    "is_active": true,
    "is_draft": true,
    "is_public": true,
    "is_data_open": false,
    "profanity_filter": true,
    "spam_filter": true,
    "strict_moderation": false,
    "prioritize_seed": false,
    "vis_type": 1,
    "write_type": 1,
    "help_type": 1,
    "write_hint_type": 1,
    "style_btn": null,
    "socialbtn_type": 0,
    "subscribe_type": 1,
    "branding_type": 1,
    "bgcolor": null,
    "help_bgcolor": null,
    "help_color": null,
    "email_domain": null,
    "use_xid_whitelist": false,
    "owner": 72,
    "org_id": 72,
    "context": null,
    "course_id": null,
    "owner_sees_participation_stats": false,
    "auth_needed_to_vote": false,
    "auth_needed_to_write": true,
    "auth_opt_fb": true,
    "auth_opt_tw": true,
    "auth_opt_allow_3rdparty": true,
    "modified": "1729310164084",
    "created": "1728980428991",
    "site_id": "polis_site_id_wlE61IMj5fRdvFgrn7",
    "auth_opt_fb_computed": true,
    "auth_opt_tw_computed": true,
    "translations": [],
    "ownername": "admin",
    "is_mod": false,
    "is_owner": false,
    "conversation_id": "3dzkftnmrm"
  },
  "votes": [],
  "pca": "{\"n\":73,\"pca\":{\"comps\":[[0.20869430153896276,-0.46598511070475596,0.31001617573949275,0.4839740641035481,-0.31621710089819915,0.4965304589782104,-0.1733930777286972,-0.17989644288809992],[0.6771757477270072,0.19262623100970033,0.5384071290817893,-0.09451652905671688,0.2638301201094349,0.005396308916631069,0.2687822786430252,0.25225614990902206]],\"center\":[-0.30882352941176466,-0.38571428571428573,0.07936507936507932,0.1449275362318841,-0.6153846153846152,-0.18840579710144925,-0.6567164179104475,-0.21538461538461534],\"comment-extremity\":[1.3852808500133145,0.8760790955942435,1.8967175302346841,1.596882176886147,0.44800621717133204,1.139870387263461,0.3105668527808344,0.687587772134236],\"comment-projection\":[[-0.4079853131305861,0.8096315979191869,-0.9464500780773507,-1.5672745547267541,0.34399885595733454,-1.13980307583264,0.1683564587864874,0.39923112175712067],[-1.323839498460198,-0.3346808291313554,-1.6437060683732163,0.30607704416158665,-0.28700933386252747,-0.012387416300656616,-0.26097485095515666,-0.5598137688634259]]},\"tids\":[0,1,2,3,4,5,6,7],\"mod-in\":[0,7,1,4,6,3,2,5],\"n-cmts\":8,\"in-conv\":[0,65,70,62,7,20,72,58,60,27,1,24,55,39,46,4,54,15,48,50,31,32,40,33,13,22,36,41,43,61,29,44,6,28,64,51,25,34,17,3,12,2,66,23,47,35,19,57,11,9,5,14,45,53,26,16,38,30,10,18,52,67,71,42,63,8,49],\"mod-out\":[],\"repness\":{\"0\":[{\"tid\":3,\"p-test\":2.121320343559643,\"n-agree\":21,\"repness\":25.33333333333333,\"n-trials\":31,\"n-success\":21,\"p-success\":0.6666666666666667,\"best-agree\":true,\"repful-for\":\"agree\",\"repness-test\":5.8038025},{\"tid\":5,\"p-test\":5.303300858899107,\"repness\":5.792929292929293,\"n-trials\":31,\"n-success\":30,\"p-success\":0.9393939393939394,\"repful-for\":\"agree\",\"repness-test\":6.628549},{\"tid\":0,\"p-test\":1.7677669529663689,\"repness\":1.511363636363636,\"n-trials\":31,\"n-success\":20,\"p-success\":0.6363636363636364,\"repful-for\":\"agree\",\"repness-test\":1.8591683}],\"1\":[{\"tid\":1,\"p-test\":6.082762530298219,\"n-agree\":36,\"repness\":4.451127819548872,\"n-trials\":36,\"n-success\":36,\"p-success\":0.9736842105263158,\"best-agree\":true,\"repful-for\":\"agree\",\"repness-test\":6.653555},{\"tid\":4,\"p-test\":5.578018081208209,\"repness\":1.640350877192982,\"n-trials\":34,\"n-success\":33,\"p-success\":0.9444444444444444,\"repful-for\":\"agree\",\"repness-test\":3.7981036},{\"tid\":6,\"p-test\":4.767570631855361,\"repness\":1.592105263157895,\"n-trials\":36,\"n-success\":32,\"p-success\":0.8684210526315789,\"repful-for\":\"agree\",\"repness-test\":3.1073627},{\"tid\":3,\"p-test\":3.4523787334125027,\"repness\":12.59210526315789,\"n-trials\":36,\"n-success\":28,\"p-success\":0.7631578947368421,\"repful-for\":\"disagree\",\"repness-test\":6.006672},{\"tid\":5,\"p-test\":2.000000000000001,\"repness\":21.40540540540541,\"n-trials\":35,\"n-success\":23,\"p-success\":0.6486486486486486,\"repful-for\":\"disagree\",\"repness-test\":5.424192}]},\"consensus\":{\"agree\":[{\"tid\":4,\"p-test\":4.677476657214644,\"n-trials\":65,\"n-success\":51,\"p-success\":0.7761194029850746},{\"tid\":6,\"p-test\":3.8805700005813266,\"n-trials\":67,\"n-success\":49,\"p-success\":0.7246376811594203},{\"tid\":1,\"p-test\":2.01752881892955,\"n-trials\":70,\"n-success\":43,\"p-success\":0.611111111111111}],\"disagree\":[]},\"meta-tids\":[],\"votes-base\":{\"0\":{\"A\":[0,0,1,2,1,1,0,0,1,0,1,1,0,1,1,0,0,0,0,1,3,1,0,0,0,0,0,1,1,1,0,0,0,0,0,0,0,1,1,0,1,0,0,0,1,2,0,1,1,1,1,1,1,1,1,2,0,1,0],\"D\":[0,2,0,0,0,0,0,0,0,1,0,0,0,0,0,0,3,0,0,0,0,0,1,0,1,1,0,0,0,0,1,1,0,1,1,1,0,0,0,0,0,0,0,1,0,0,0,0,0,0,0,0,0,0,0,0,0,0,0],\"S\":[1,2,1,2,1,1,1,1,1,1,1,1,1,1,1,1,3,1,1,1,3,1,1,1,1,1,1,1,1,1,1,1,1,1,1,1,1,1,1,1,1,1,1,1,1,2,1,1,1,1,1,1,1,1,1,2,1,1,1]},\"1\":{\"A\":[0,2,1,0,0,0,1,0,1,1,0,1,1,0,1,1,3,1,1,1,3,0,0,0,0,1,0,1,0,0,1,1,0,1,1,0,1,0,1,1,1,0,1,1,0,2,0,0,1,1,1,1,1,0,0,2,1,0,1],\"D\":[0,0,0,2,0,1,0,1,0,0,1,0,0,0,0,0,0,0,0,0,0,1,1,1,0,0,1,0,1,0,0,0,0,0,0,0,0,0,0,0,0,1,0,0,1,0,1,0,0,0,0,0,0,0,1,0,0,0,0],\"S\":[1,2,1,2,1,1,1,1,1,1,1,1,1,0,1,1,3,1,1,1,3,1,1,1,1,1,1,1,1,1,1,1,1,1,1,1,1,1,1,1,1,1,1,1,1,2,1,1,1,1,1,1,1,1,1,2,1,1,1]},\"2\":{\"A\":[0,0,0,2,0,1,0,1,0,0,0,0,0,0,0,0,0,0,0,0,3,1,0,0,0,0,0,1,1,0,0,0,0,0,0,0,0,0,0,0,1,1,0,0,1,0,0,0,1,0,0,1,0,1,1,0,1,1,0],\"D\":[0,2,1,0,0,0,1,0,1,1,0,0,0,0,1,0,3,1,0,0,0,0,1,0,1,1,0,0,0,0,1,1,0,1,1,1,0,0,0,0,0,0,1,1,0,2,0,0,0,0,0,0,1,0,0,0,0,0,0],\"S\":[1,2,1,2,1,1,1,1,1,1,0,0,0,0,1,1,3,1,1,1,3,1,1,1,1,1,1,1,1,1,1,1,1,1,1,1,1,1,1,1,1,1,1,1,1,2,1,1,1,1,1,1,1,1,1,2,1,1,1]},\"3\":{\"A\":[0,0,0,2,0,1,0,1,0,0,1,0,0,1,0,0,0,0,0,0,0,1,1,1,1,0,1,0,1,1,0,0,0,0,1,1,0,1,0,0,0,1,0,0,1,0,0,0,0,1,0,1,0,0,1,0,0,0,0],\"D\":[0,2,1,0,0,0,1,0,0,1,0,1,1,0,0,0,3,1,0,0,3,0,0,0,0,1,0,0,0,0,1,1,0,1,0,0,1,0,0,1,1,0,1,1,0,2,0,0,1,0,0,0,1,0,0,2,0,0,0],\"S\":[1,2,1,2,1,1,1,1,1,1,1,1,1,1,1,1,3,1,1,1,3,1,1,1,1,1,1,1,1,1,1,1,1,1,1,1,1,1,1,1,1,1,1,1,1,2,1,1,1,1,1,1,1,1,1,2,1,1,1]},\"4\":{\"A\":[0,2,1,0,1,1,1,0,1,1,0,0,0,0,1,1,3,1,1,1,3,0,0,0,1,1,0,1,0,1,1,1,1,1,1,1,1,1,1,1,1,0,1,0,1,2,1,1,1,1,1,1,1,1,0,2,1,1,1],\"D\":[0,0,0,2,0,0,0,1,0,0,1,0,0,0,0,0,0,0,0,0,0,1,1,0,0,0,1,0,1,0,0,0,0,0,0,0,0,0,0,0,0,1,0,1,0,0,0,0,0,0,0,0,0,0,1,0,0,0,0],\"S\":[1,2,1,2,1,1,1,1,1,1,1,0,0,1,1,1,3,1,1,1,3,1,1,1,1,1,1,1,1,1,1,1,1,1,1,1,1,1,1,1,1,1,1,1,1,2,1,1,1,1,1,1,1,1,1,2,1,1,1]},\"5\":{\"A\":[0,0,0,2,1,1,0,1,0,0,1,0,0,1,1,1,0,0,0,1,0,1,1,1,1,0,1,1,1,1,1,0,1,0,1,1,0,1,0,0,1,1,0,0,1,0,1,1,1,1,0,1,1,1,1,0,0,1,0],\"D\":[0,2,1,0,0,0,1,0,1,0,0,0,1,0,0,0,3,0,0,0,3,0,0,0,0,1,0,0,0,0,0,0,0,1,0,0,1,0,1,0,0,0,1,1,0,2,0,0,0,0,0,0,0,0,0,2,0,0,1],\"S\":[1,2,1,2,1,1,1,1,1,1,1,0,1,1,1,1,3,1,1,1,3,1,1,1,1,1,1,1,1,1,1,1,1,1,1,1,1,1,1,1,1,1,1,1,1,2,1,1,1,1,1,1,1,1,1,2,1,1,1]},\"6\":{\"A\":[0,2,0,0,0,0,1,0,1,1,0,0,1,1,1,1,3,1,1,1,3,0,0,1,0,0,0,1,0,0,1,1,1,1,1,1,1,1,1,1,1,1,0,1,1,2,0,1,1,1,1,1,1,1,1,2,1,1,1],\"D\":[0,0,0,0,0,0,0,0,0,0,0,1,0,0,0,0,0,0,0,0,0,0,1,0,0,1,1,0,1,0,0,0,0,0,0,0,0,0,0,0,0,0,0,0,0,0,0,0,0,0,0,0,0,0,0,0,0,0,0],\"S\":[1,2,1,2,1,1,1,1,1,1,1,1,1,1,1,1,3,1,1,1,3,1,1,1,1,1,1,1,1,1,1,1,1,1,1,1,1,1,1,1,1,1,1,1,1,2,1,1,1,1,1,1,1,1,1,2,1,1,1]},\"7\":{\"A\":[0,0,0,0,0,0,0,0,0,0,1,0,0,0,0,1,3,1,1,0,3,0,1,1,1,0,0,0,1,0,1,1,1,0,0,0,1,0,1,1,0,0,1,0,1,2,0,0,1,0,1,1,0,1,1,2,1,0,1],\"D\":[0,0,1,2,1,1,1,1,1,0,0,1,0,0,0,0,0,0,0,0,0,0,0,0,0,0,1,1,0,0,0,0,0,0,1,1,0,1,0,0,1,0,0,1,0,0,0,0,0,1,0,0,1,