{
  "user": {},
  "ptpt": null,
  "nextComment": {
    "txt": "原子力規制委員会が策定した世界で最も厳しい基準を満たした原子力発電所の再稼働を認める",
    "tid": 4,
    "created": "1728980434787",
    "tweet_id": null,
    "quote_src_url": null,
    "is_seed": true,
    "is_meta": false,
    "lang": null,
    "pid": 0,
    "randomN": 2.552554644573694,
    "remaining": 8,
    "total": 8,
    "translations": []
  },
  "conversation": {
    "topic": "エネルギー政策",
    "description": "",
    "link_url": null,
    "parent_url": null,
    "upvotes": 1,
    "participant_count": 48,
    "is_anon": false,
    "is_active": true,
    "is_draft": true,
    "is_public": true,
    "is_data_open": false,
    "profanity_filter": true,
    "spam_filter": true,
    "strict_moderation": false,
    "prioritize_seed": false,
    "vis_type": 1,
    "write_type": 1,
    "help_type": 1,
    "write_hint_type": 1,
    "style_btn": null,
    "socialbtn_type": 0,
    "subscribe_type": 1,
    "branding_type": 1,
    "bgcolor": null,
    "help_bgcolor": null,
    "help_color": null,
    "email_domain": null,
    "use_xid_whitelist": false,
    "owner": 72,
    "org_id": 72,
    "context": null,
    "course_id": null,
    "owner_sees_participation_stats": false,
    "auth_needed_to_vote": false,
    "auth_needed_to_write": true,
    "auth_opt_fb": true,
    "auth_opt_tw": true,
    "auth_opt_allow_3rdparty": true,
    "modified": "1729289940778",
    "created": "1728980428991",
    "site_id": "polis_site_id_wlE61IMj5fRdvFgrn7",
    "auth_opt_fb_computed": true,
    "auth_opt_tw_computed": true,
    "translations": [],
    "ownername": "admin",
    "is_mod": false,
    "is_owner": false,
    "conversation_id": "3dzkftnmrm"
  },
  "votes": [],
  "pca": "{\"n\":48,\"pca\":{\"comps\":[[0.2038428416065774,-0.4691342443225209,0.3044289815451781,0.4754915707836235,-0.3867946681154042,0.42815054254077506,-0.22648708724305544,-0.18807582245060683],[0.6891779348367736,0.2397104098936062,0.3443286339275972,-0.16123737176401634,0.21847739298126181,-0.09035161470401484,0.12133765086531703,-0.5023886785009403]],\"center\":[-0.2127659574468085,-0.3260869565217391,0.19047619047619047,0.06382978723404255,-0.5227272727272727,-0.26086956521739124,-0.5434782608695652,-0.0930232558139535],\"comment-extremity\":[1.6002640342216305,1.0041946938312527,1.5475795341002618,1.5107573340563722,0.5996832378659902,0.9147946030982668,0.3317734825029081,1.376136656965905],\"comment-projection\":[[-0.45388342613317534,0.8942233190318014,-1.0250657011443323,-1.4307375068006103,0.5221461625250228,-0.8950814928674409,0.2924488400048546,0.4824742221256174],[-1.5345471041010432,-0.4569153519182653,-1.159414819080497,0.4851576125746056,-0.29492943348847067,0.18888696880385605,-0.15667584265585566,1.288786531443271]]},\"tids\":[0,1,2,3,4,5,6,7],\"mod-in\":[0,7,1,4,6,3,2,5],\"n-cmts\":8,\"in-conv\":[0,7,20,27,1,24,39,46,4,15,31,32,40,33,13,22,36,41,43,29,44,6,28,25,34,17,3,12,2,23,47,35,19,11,9,5,14,45,26,16,38,30,10,18,42,8],\"mod-out\":[],\"repness\":{\"0\":[{\"tid\":5,\"p-test\":4.490731195102492,\"n-agree\":22,\"repness\":5.52,\"n-trials\":23,\"n-success\":22,\"p-success\":0.92,\"best-agree\":true,\"repful-for\":\"agree\",\"repness-test\":5.4371386},{\"tid\":3,\"p-test\":2.1999999999999997,\"repness\":16.61538461538462,\"n-trials\":24,\"n-success\":17,\"p-success\":0.6923076923076923,\"repful-for\":\"agree\",\"repness-test\":4.78807}],\"1\":[{\"tid\":1,\"p-test\":4.795831523312719,\"n-agree\":22,\"repness\":3.993055555555556,\"n-trials\":22,\"n-success\":22,\"p-success\":0.9583333333333333,\"best-agree\":true,\"repful-for\":\"agree\",\"repness-test\":5.2874284},{\"tid\":4,\"p-test\":4.69041575982343,\"repness\":1.992753623188406,\"n-trials\":21,\"n-success\":21,\"p-success\":0.9565217391304348,\"repful-for\":\"agree\",\"repness-test\":3.8577652},{\"tid\":6,\"p-test\":3.9617738670844207,\"repness\":2.068181818181818,\"n-trials\":22,\"n-success\":20,\"p-success\":0.875,\"repful-for\":\"agree\",\"repness-test\":3.4731266},{\"tid\":5,\"p-test\":1.4596008983995232,\"repness\":15.625,\"n-trials\":22,\"n-success\":14,\"p-success\":0.625,\"repful-for\":\"disagree\",\"repness-test\":4.415384},{\"tid\":3,\"p-test\":2.710687382741972,\"repness\":6.5,\"n-trials\":22,\"n-success\":17,\"p-success\":0.75,\"repful-for\":\"disagree\",\"repness-test\":4.62296}]},\"consensus\":{\"agree\":[{\"tid\":4,\"p-test\":3.130495168499705,\"n-trials\":44,\"n-success\":32,\"p-success\":0.717391304347826},{\"tid\":6,\"p-test\":2.187974872468419,\"n-trials\":46,\"n-success\":30,\"p-success\":0.6458333333333333},{\"tid\":1,\"p-test\":1.3127849234810505,\"n-trials\":46,\"n-success\":27,\"p-success\":0.5833333333333333}],\"disagree\":[]},\"meta-tids\":[],\"votes-base\":{\"0\":{\"A\":[0,0,1,2,1,1,0,0,1,0,1,1,0,1,1,0,0,0,0,1,1,1,0,0,0,1,0,0,1,1,1,0,0,0,0,0,0,0,1,1,1,0,1,0],\"D\":[0,1,0,0,0,0,0,0,0,1,0,0,0,0,0,0,2,0,0,0,0,0,1,0,1,0,1,0,0,0,0,1,1,0,1,1,1,0,0,0,0,0,0,0],\"S\":[1,1,1,2,1,1,1,1,1,1,1,1,1,1,1,1,2,1,1,1,1,1,1,1,1,1,1,1,1,1,1,1,1,1,1,1,1,1,1,1,1,1,1,1]},\"1\":{\"A\":[0,1,1,0,0,0,1,0,1,1,0,1,1,0,1,1,2,1,1,1,1,0,0,0,0,1,1,0,1,0,0,1,1,0,1,1,0,1,0,1,1,1,1,0],\"D\":[0,0,0,2,0,1,0,1,0,0,1,0,0,0,0,0,0,0,0,0,0,1,1,1,0,0,0,1,0,1,0,0,0,0,0,0,0,0,0,0,0,0,0,1],\"S\":[1,1,1,2,1,1,1,1,1,1,1,1,1,0,1,1,2,1,1,1,1,1,1,1,1,1,1,1,1,1,1,1,1,1,1,1,1,1,1,1,1,1,1,1]},\"2\":{\"A\":[0,0,0,2,0,1,0,1,0,0,0,0,0,0,0,0,0,0,0,0,0,1,0,0,0,1,0,0,1,1,0,0,0,0,0,0,0,0,0,0,0,0,1,1],\"D\":[0,1,1,0,0,0,1,0,1,1,0,0,0,0,1,0,2,1,0,0,0,0,1,0,1,0,1,0,0,0,0,1,1,0,1,1,1,0,0,0,1,0,0,0],\"S\":[1,1,1,2,1,1,1,1,1,1,0,0,0,0,1,1,2,1,1,1,1,1,1,1,1,1,1,1,1,1,1,1,1,1,1,1,1,1,1,1,1,1,1,1]},\"3\":{\"A\":[0,0,0,2,0,1,0,1,0,0,1,0,0,1,0,0,0,0,0,0,0,1,1,1,1,0,0,1,0,1,1,0,0,0,0,1,1,0,1,0,0,0,0,1],\"D\":[0,1,1,0,0,0,1,0,0,1,0,1,1,0,0,0,2,1,0,0,1,0,0,0,0,1,1,0,0,0,0,1,1,0,1,0,0,1,0,0,1,1,1,0],\"S\":[1,1,1,2,1,1,1,1,1,1,1,1,1,1,1,1,2,1,1,1,1,1,1,1,1,1,1,1,1,1,1,1,1,1,1,1,1,1,1,1,1,1,1,1]},\"4\":{\"A\":[0,1,1,0,1,1,1,0,1,1,0,0,0,0,1,1,2,1,1,1,1,0,0,0,1,1,1,0,1,0,1,1,1,1,1,1,1,1,1,1,1,1,1,0],\"D\":[0,0,0,2,0,0,0,1,0,0,1,0,0,0,0,0,0,0,0,0,0,1,1,0,0,0,0,1,0,1,0,0,0,0,0,0,0,0,0,0,0,0,0,1],\"S\":[1,1,1,2,1,1,1,1,1,1,1,0,0,1,1,1,2,1,1,1,1,1,1,1,1,1,1,1,1,1,1,1,1,1,1,1,1,1,1,1,1,1,1,1]},\"5\":{\"A\":[0,0,0,2,1,1,0,1,0,0,1,0,0,1,1,1,0,0,0,1,0,1,1,1,1,0,0,1,1,1,1,1,0,1,0,1,1,0,1,0,0,0,1,1],\"D\":[0,1,1,0,0,0,1,0,1,0,0,0,1,0,0,0,2,0,0,0,1,0,0,0,0,1,1,0,0,0,0,0,0,0,1,0,0,1,0,1,1,0,0,0],\"S\":[1,1,1,2,1,1,1,1,1,1,1,0,1,1,1,1,2,1,1,1,1,1,1,1,1,1,1,1,1,1,1,1,1,1,1,1,1,1,1,1,1,1,1,1]},\"6\":{\"A\":[0,1,0,0,0,0,1,0,1,1,0,0,1,1,1,1,2,1,1,1,1,0,0,1,0,1,0,0,1,0,0,1,1,1,1,1,1,1,1,1,1,1,1,1],\"D\":[0,0,0,0,0,0,0,0,0,0,0,1,0,0,0,0,0,0,0,0,0,0,1,0,0,0,1,1,0,1,0,0,0,0,0,0,0,0,0,0,0,0,0,0],\"S\":[1,1,1,2,1,1,1,1,1,1,1,1,1,1,1,1,2,1,1,1,1,1,1,1,1,1,1,1,1,1,1,1,1,1,1,1,1,1,1,1,1,1,1,1]},\"7\":{\"A\":[0,0,0,0,0,0,0,0,0,0,1,0,0,0,0,1,2,1,1,0,1,0,1,1,1,1,0,0,0,1,0,1,1,1,0,0,0,1,0,1,1,1,0,0],\"D\":[0,0,1,2,1,1,1,1,1,0,0,1,0,0,0,0,0,0,0,0,0,0,0,0,0,0,0,1,1,0,0,0,0,0,0,1,1,0,1,0,0,0,1,0],\"S\":[1,1,1,2,1,1,1,1,1,1,1,1,0,0,1,1,2,1,1,1,1,1,1,1,1,1,1,1,1,1,1,1,1,1,0,1,1,1,1,1,1,1,1,1]}},\"group-votes\":{\"0\":{\"votes\":{\"0\":{\"A\":14,\"D\":4,\"S\":24},\"1\":{\"A\":5,\"D\":11,\"S\":23},\"2\":{\"A\":9,\"D\":4,\"S\":21},\"3\":{\"A\":17,\"D\":2,\"S\":24},\"4\":{\"A\":11,\"D\":9,\"S\":23},\"5\":{\"A\":22,\"D\":0,\"S\":23},\"6\":{\"A\":10,\"D\":4,\"S\":24},\"7\":{\"A\":6,\"D\":12,\"S\":23}},\"n-members\":24,\"id\":0},\"1\":{\"votes\":{\"0\":{\"A\":7,\"D\":8,\"S\":22},\"1\":{\"A\":22,\"D\":0,\"S\":22},\"2\":{\"A\":1,\"D\":14,\"S\":21},\"3\":{\"A\":0,\"D\":17,\"S\":22},\"4\":{\"A\":21,\"D\":0,\"S\":21},\"5\":{\"A\":3,\"D\":14,\"S\":22},\"6\":{\"A\":20,\"D\":1,\"S\":22},\"7\":{\"A\":13,\"D\":3,\"S\":20}},\"n-members\":22,\"id\":1}},\"base-clusters\":{\"x\":[-0.429027648755852,2.0653022874012827,1.2430536944944655,-2.884946320120538,-0.8623021872384071,-2.1113569838897295,1.6733836233440984,-2.6811034785139607,0.9940492109538974,1.6371517448605073,-2.2945759048767242,0.05777552602652387,