{
  "user": {},
  "ptpt": null,
  "nextComment": {
    "txt": "2050年までのカーボンニュートラルの実現",
    "tid": 0,
    "created": "1728980431480",
    "tweet_id": null,
    "quote_src_url": null,
    "is_seed": true,
    "is_meta": false,
    "lang": null,
    "pid": 0,
    "randomN": 0.4311006982096904,
    "remaining": 8,
    "total": 8,
    "translations": []
  },
  "conversation": {
    "topic": "エネルギー政策",
    "description": "",
    "link_url": null,
    "parent_url": null,
    "upvotes": 1,
    "participant_count": 35,
    "is_anon": false,
    "is_active": true,
    "is_draft": true,
    "is_public": true,
    "is_data_open": false,
    "profanity_filter": true,
    "spam_filter": true,
    "strict_moderation": false,
    "prioritize_seed": false,
    "vis_type": 1,
    "write_type": 1,
    "help_type": 1,
    "write_hint_type": 1,
    "style_btn": null,
    "socialbtn_type": 0,
    "subscribe_type": 1,
    "branding_type": 1,
    "bgcolor": null,
    "help_bgcolor": null,
    "help_color": null,
    "email_domain": null,
    "use_xid_whitelist": false,
    "owner": 72,
    "org_id": 72,
    "context": null,
    "course_id": null,
    "owner_sees_participation_stats": false,
    "auth_needed_to_vote": false,
    "auth_needed_to_write": true,
    "auth_opt_fb": true,
    "auth_opt_tw": true,
    "auth_opt_allow_3rdparty": true,
    "modified": "1729264632175",
    "created": "1728980428991",
    "site_id": "polis_site_id_wlE61IMj5fRdvFgrn7",
    "auth_opt_fb_computed": true,
    "auth_opt_tw_computed": true,
    "translations": [],
    "ownername": "admin",
    "is_mod": false,
    "is_owner": false,
    "conversation_id": "3dzkftnmrm"
  },
  "votes": [],
  "pca": "{\"n\":35,\"pca\":{\"comps\":[[0.21859008265581545,-0.47789370720012714,0.31323048407883924,0.4672522944797645,-0.4023276015024227,0.40785315618588414,-0.24731255450408335,-0.13424880622694513],[0.6320198635052607,0.21157997087186242,0.30442755306830654,-0.13518479351372553,0.19833158922650776,-0.11042944011323838,0.11029845016129346,-0.6173636820864418]],\"center\":[-0.2857142857142857,-0.27272727272727276,0.16666666666666669,0,-0.40625,-0.2941176470588235,-0.38235294117647056,-0.0625],\"comment-extremity\":[1.3510853265410856,1.075082243562685,1.4413484496545903,1.375789620818396,0.7532961604047316,0.8436138375774995,0.47306845116512997,1.6752905348294727],\"comment-projection\":[[-0.4416186564173001,0.9830454721384388,-1.0336078637102968,-1.3215890638064605,0.675660366292095,-0.8142938328490582,0.43204753783653,0.35598090468476895],[-1.2768729466547604,-0.43522802084871604,-1.00455967338826,0.38236033682743414,-0.3330738277057251,0.22047644032010716,-0.19268804980373627,1.637032672731071]]},\"tids\":[0,1,2,3,4,5,6,7],\"mod-in\":[0,7,1,4,6,3,2,5],\"n-cmts\":8,\"in-conv\":[0,7,20,27,1,24,4,15,31,32,33,13,22,29,6,28,25,34,17,3,12,2,23,19,11,9,5,14,26,16,30,10,18,8],\"mod-out\":[],\"repness\":{\"0\":[{\"tid\":3,\"p-test\":2.6678918753996634,\"n-agree\":13,\"repness\":15.55555555555556,\"n-trials\":16,\"n-success\":13,\"p-success\":0.7777777777777778,\"best-agree\":true,\"repful-for\":\"agree\",\"repness-test\":4.683754},{\"tid\":5,\"p-test\":3.6380343755449944,\"repness\":3.377777777777778,\"n-trials\":16,\"n-success\":15,\"p-success\":0.888888888888889,\"repful-for\":\"agree\",\"repness-test\":4.004015},{\"tid\":1,\"p-test\":1.5,\"repness\":12.94117647058824,\"n-trials\":15,\"n-success\":10,\"p-success\":0.6470588235294118,\"repful-for\":\"disagree\",\"repness-test\":3.9418492}],\"1\":[{\"tid\":1,\"p-test\":4.358898943540674,\"n-agree\":18,\"repness\":8.075,\"n-trials\":18,\"n-success\":18,\"p-success\":0.95,\"best-agree\":true,\"repful-for\":\"agree\",\"repness-test\":5.2638707},{\"tid\":4,\"p-test\":4.123105625617661,\"repness\":2.833333333333333,\"n-trials\":16,\"n-success\":16,\"p-success\":0.9444444444444444,\"repful-for\":\"agree\",\"repness-test\":4.032477},{\"tid\":6,\"p-test\":2.9824045403173027,\"repness\":3.6,\"n-trials\":18,\"n-success\":15,\"p-success\":0.8,\"repful-for\":\"agree\",\"repness-test\":3.6578937},{\"tid\":3,\"p-test\":2.0647416048350555,\"repness\":12.6,\"n-trials\":18,\"n-success\":13,\"p-success\":0.7,\"repful-for\":\"disagree\",\"repness-test\":4.1194463},{\"tid\":2,\"p-test\":1.6977493752543311,\"repness\":3.555555555555556,\"n-trials\":16,\"n-success\":11,\"p-success\":0.6666666666666667,\"repful-for\":\"disagree\",\"repness-test\":2.8617027}]},\"consensus\":{\"agree\":[{\"tid\":4,\"p-test\":1.914854215512677,\"n-trials\":32,\"n-success\":21,\"p-success\":0.6470588235294118}],\"disagree\":[]},\"meta-tids\":[],\"votes-base\":{\"0\":{\"A\":[0,0,1,2,1,1,0,0,1,0,1,1,0,1,1,0,0,0,0,1,1,1,0,0,0,1,0,0,1,1,1,0],\"D\":[0,1,0,0,0,0,0,0,0,1,0,0,0,0,0,0,2,0,0,0,0,0,1,0,1,0,1,0,0,0,0,1],\"S\":[1,1,1,2,1,1,1,1,1,1,1,1,1,1,1,1,2,1,1,1,1,1,1,1,1,1,1,1,1,1,1,1]},\"1\":{\"A\":[0,1,1,0,0,0,1,0,1,1,0,1,1,0,1,1,2,1,1,1,1,0,0,0,0,1,1,0,1,0,0,1],\"D\":[0,0,0,2,0,1,0,1,0,0,1,0,0,0,0,0,0,0,0,0,0,1,1,1,0,0,0,1,0,1,0,0],\"S\":[1,1,1,2,1,1,1,1,1,1,1,1,1,0,1,1,2,1,1,1,1,1,1,1,1,1,1,1,1,1,1,1]},\"2\":{\"A\":[0,0,0,2,0,1,0,1,0,0,0,0,0,0,0,0,0,0,0,0,0,1,0,0,0,1,0,0,1,1,0,0],\"D\":[0,1,1,0,0,0,1,0,1,1,0,0,0,0,1,0,2,1,0,0,0,0,1,0,1,0,1,0,0,0,0,1],\"S\":[1,1,1,2,1,1,1,1,1,1,0,0,0,0,1,1,2,1,1,1,1,1,1,1,1,1,1,1,1,1,1,1]},\"3\":{\"A\":[0,0,0,2,0,1,0,1,0,0,1,0,0,1,0,0,0,0,0,0,0,1,1,1,1,0,0,1,0,1,1,0],\"D\":[0,1,1,0,0,0,1,0,0,1,0,1,1,0,0,0,2,1,0,0,1,0,0,0,0,1,1,0,0,0,0,1],\"S\":[1,1,1,2,1,1,1,1,1,1,1,1,1,1,1,1,2,1,1,1,1,1,1,1,1,1,1,1,1,1,1,1]},\"4\":{\"A\":[0,1,1,0,1,1,1,0,1,1,0,0,0,0,1,1,2,1,1,1,1,0,0,0,1,1,1,0,1,0,1,1],\"D\":[0,0,0,2,0,0,0,1,0,0,1,0,0,0,0,0,0,0,0,0,0,1,1,0,0,0,0,1,0,1,0,0],\"S\":[1,1,1,2,1,1,1,1,1,1,1,0,0,1,1,1,2,1,1,1,1,1,1,1,1,1,1,1,1,1,1,1]},\"5\":{\"A\":[0,0,0,2,1,1,0,1,0,0,1,0,0,1,1,1,0,0,0,1,0,1,1,1,1,0,0,1,1,1,1,1],\"D\":[0,1,1,0,0,0,1,0,1,0,0,0,1,0,0,0,2,0,0,0,1,0,0,0,0,1,1,0,0,0,0,0],\"S\":[1,1,1,2,1,1,1,1,1,1,1,0,1,1,1,1,2,1,1,1,1,1,1,1,1,1,1,1,1,1,1,1]},\"6\":{\"A\":[0,1,0,0,0,0,1,0,1,1,0,0,1,1,1,1,2,1,1,1,1,0,0,1,0,1,0,0,1,0,0,1],\"D\":[0,0,0,0,0,0,0,0,0,0,0,1,0,0,0,0,0,0,0,0,0,0,1,0,0,0,1,1,0,1,0,0],\"S\":[1,1,1,2,1,1,1,1,1,1,1,1,1,1,1,1,2,1,1,1,1,1,1,1,1,1,1,1,1,1,1,1]},\"7\":{\"A\":[0,0,0,0,0,0,0,0,0,0,1,0,0,0,0,1,2,1,1,0,1,0,1,1,1,1,0,0,0,1,0,1],\"D\":[0,0,1,2,1,1,1,1,1,0,0,1,0,0,0,0,0,0,0,0,0,0,0,0,0,0,0,1,1,0,0,0],\"S\":[1,1,1,2,1,1,1,1,1,1,1,1,0,0,1,1,2,1,1,1,1,1,1,1,1,1,1,1,1,1,1,1]}},\"group-votes\":{\"0\":{\"votes\":{\"0\":{\"A\":10,\"D\":2,\"S\":16},\"1\":{\"A\":1,\"D\":10,\"S\":15},\"2\":{\"A\":7,\"D\":2,\"S\":14},\"3\":{\"A\":13,\"D\":0,\"S\":16},\"4\":{\"A\":5,\"D\":8,\"S\":16},\"5\":{\"A\":15,\"D\":0,\"S\":16},\"6\":{\"A\":3,\"D\":3,\"S\":16},\"7\":{\"A\":5,\"D\":7,\"S\":15}},\"n-members\":16,\"id\":0},\"1\":{\"votes\":{\"0\":{\"A\":7,\"D\":6,\"S\":18},\"1\":{\"A\":18,\"D\":0,\"S\":18},\"2\":{\"A\":1,\"D\":11,\"S\":16},\"3\":{\"A\":0,\"D\":13,\"S\":18},\"4\":{\"A\":16,\"D\":0,\"S\":16},\"5\":{\"A\":4,\"D\":10,\"S\":17},\"6\":{\"A\":15,\"D\":2,\"S\":18},\"7\":{\"A\":8,\"D\":4,\"S\":17}},\"n-members\":18,\"id\":1}},\"base-clusters\":{\"x\":[-0.26652542922892875,2.267934451378008,1.4491929253353484,-2.6879215615587264,-0.6248898727951508,-1.8832663585538818,1.9150955624952475,-2.469331478902911,1.2292531853596673,1.8600812951921235,-2.1958059458962276,0.22030068947469233,1.9705132435933304,-1.1662203369074309,0.5477956792148442,0.5874040840187654,2.4021832576049533,1.7757400187632533,0.9952572402046496,0.23456519513600493,1.6517726082144828,-2.5536727553317813,-1.6030953701396107,-1.237963226363676,-0.07323390543055489,1.3385421241356434,1.7733093423698414,-2.4034135493281554,-0.2129140951697795,-2.6667365036089197,-0.9578933610479701,1.5864769452331846],\"y\":[0.23922347449397452,0.409846647180914,-1.3612583117547556,-0.6590618304407004,-1.0980622202109975,-1.055725008893716,-0.8395368984107883,-0.02704196693543981,-1.3363719684023234,0.5202760872941524,0.9951002094442827,-1.5735258627169897,-0.4041621476472296,-0.28569417691348636,-0.498149406089405,