{
  "user": {},
  "ptpt": null,
  "nextComment": {
    "txt": "原子力発電は最大限活用",
    "tid": 1,
    "created": "1728980432094",
    "tweet_id": null,
    "quote_src_url": null,
    "is_seed": true,
    "is_meta": false,
    "lang": null,
    "pid": 0,
    "randomN": 1.6276531386020294,
    "remaining": 8,
    "total": 8,
    "translations": []
  },
  "conversation": {
    "topic": "エネルギー政策",
    "description": "",
    "link_url": null,
    "parent_url": null,
    "upvotes": 1,
    "participant_count": 53,
    "is_anon": false,
    "is_active": true,
    "is_draft": true,
    "is_public": true,
    "is_data_open": false,
    "profanity_filter": true,
    "spam_filter": true,
    "strict_moderation": false,
    "prioritize_seed": false,
    "vis_type": 1,
    "write_type": 1,
    "help_type": 1,
    "write_hint_type": 1,
    "style_btn": null,
    "socialbtn_type": 0,
    "subscribe_type": 1,
    "branding_type": 1,
    "bgcolor": null,
    "help_bgcolor": null,
    "help_color": null,
    "email_domain": null,
    "use_xid_whitelist": false,
    "owner": 72,
    "org_id": 72,
    "context": null,
    "course_id": null,
    "owner_sees_participation_stats": false,
    "auth_needed_to_vote": false,
    "auth_needed_to_write": true,
    "auth_opt_fb": true,
    "auth_opt_tw": true,
    "auth_opt_allow_3rdparty": true,
    "modified": "1729297370973",
    "created": "1728980428991",
    "site_id": "polis_site_id_wlE61IMj5fRdvFgrn7",
    "auth_opt_fb_computed": true,
    "auth_opt_tw_computed": true,
    "translations": [],
    "ownername": "admin",
    "is_mod": false,
    "is_owner": false,
    "conversation_id": "3dzkftnmrm"
  },
  "votes": [],
  "pca": "{\"n\":53,\"pca\":{\"comps\":[[0.18766366070797516,-0.47155275604744246,0.3090146877612966,0.49093695512871344,-0.34617228455394633,0.46042609596041173,-0.20198656882101487,-0.1824422186111211],[0.7769780069080876,0.17713924532113207,0.47643659759147255,-0.14491380231524872,0.24176186766075725,-0.09132920087693364,0.18125627632870311,-0.13149662210874294]],\"center\":[-0.23076923076923075,-0.35294117647058826,0.1914893617021277,0.11538461538461538,-0.5306122448979592,-0.17647058823529407,-0.5686274509803922,-0.14583333333333331],\"comment-extremity\":[1.7390910674600126,0.9218993180770053,1.9137616189994555,1.6148646286699375,0.5605740590406548,1.093362290855766,0.33112424742583385,0.5433280231009375],\"comment-projection\":[[-0.4083022986735407,0.8630163920875001,-1.0413921146660734,-1.5488001004755514,0.45958838423995885,-1.0724672483868172,0.24644498788099947,0.4407709440116945],[-1.690481284669283,-0.32419293585629144,-1.6056107865440927,0.4571717595130056,-0.3209700807567887,0.21273246156376338,-0.22115183739155062,0.31768902342040817]]},\"tids\":[0,1,2,3,4,5,6,7],\"mod-in\":[0,7,1,4,6,3,2,5],\"n-cmts\":8,\"in-conv\":[0,7,20,27,1,24,39,46,4,15,48,50,31,32,40,33,13,22,36,41,43,29,44,6,28,51,25,34,17,3,12,2,23,47,35,19,11,9,5,14,45,26,16,38,30,10,18,52,42,8,49],\"mod-out\":[],\"repness\":{\"0\":[{\"tid\":3,\"p-test\":3.273268353539885,\"n-agree\":17,\"repness\":13.5,\"n-trials\":20,\"n-success\":17,\"p-success\":0.8181818181818182,\"best-agree\":true,\"repful-for\":\"agree\",\"repness-test\":5.837442},{\"tid\":5,\"p-test\":4.1461399144838555,\"repness\":3.636363636363636,\"n-trials\":20,\"n-success\":19,\"p-success\":0.9090909090909091,\"repful-for\":\"agree\",\"repness-test\":4.927935},{\"tid\":1,\"p-test\":1.341640786499874,\"repness\":20.42857142857143,\"n-trials\":19,\"n-success\":12,\"p-success\":0.619047619047619,\"repful-for\":\"disagree\",\"repness-test\":4.8938546}],\"1\":[{\"tid\":1,\"p-test\":5.303300858899107,\"n-agree\":30,\"repness\":9.863636363636363,\"n-trials\":31,\"n-success\":30,\"p-success\":0.9393939393939394,\"best-agree\":true,\"repful-for\":\"agree\",\"repness-test\":6.3292565},{\"tid\":4,\"p-test\":5.112077203381551,\"repness\":2.28673835125448,\"n-trials\":29,\"n-success\":28,\"p-success\":0.9354838709677419,\"repful-for\":\"agree\",\"repness-test\":4.3396134},{\"tid\":6,\"p-test\":4.242640687119286,\"repness\":2.333333333333333,\"n-trials\":31,\"n-success\":27,\"p-success\":0.8484848484848485,\"repful-for\":\"agree\",\"repness-test\":3.7689092},{\"tid\":3,\"p-test\":2.8284271247461903,\"repness\":16,\"n-trials\":31,\"n-success\":23,\"p-success\":0.7272727272727273,\"repful-for\":\"disagree\",\"repness-test\":5.0100985},{\"tid\":2,\"p-test\":1.4605934866804426,\"repness\":3.064516129032258,\"n-trials\":29,\"n-success\":18,\"p-success\":0.6129032258064516,\"repful-for\":\"disagree\",\"repness-test\":2.889529}]},\"consensus\":{\"agree\":[{\"tid\":4,\"p-test\":3.394112549695428,\"n-trials\":49,\"n-success\":36,\"p-success\":0.7254901960784313},{\"tid\":6,\"p-test\":2.4961508830135317,\"n-trials\":51,\"n-success\":34,\"p-success\":0.660377358490566},{\"tid\":1,\"p-test\":1.6641005886756879,\"n-trials\":51,\"n-success\":31,\"p-success\":0.6037735849056604}],\"disagree\":[]},\"meta-tids\":[],\"votes-base\":{\"0\":{\"A\":[0,0,1,2,1,1,0,0,1,0,1,1,0,1,1,0,0,0,0,1,1,1,0,0,0,0,0,1,1,1,0,0,0,0,0,0,0,1,1,0,1,0,0,2,0,1,2],\"D\":[0,1,0,0,0,0,0,0,0,1,0,0,0,0,0,0,2,0,0,0,0,0,1,0,1,1,0,0,0,0,1,1,0,1,1,1,0,0,0,0,0,0,0,0,1,0,0],\"S\":[1,1,1,2,1,1,1,1,1,1,1,1,1,1,1,1,2,1,1,1,1,1,1,1,1,1,1,1,1,1,1,1,1,1,1,1,1,1,1,1,1,1,1,2,1,1,2]},\"1\":{\"A\":[0,1,1,0,0,0,1,0,1,1,0,1,1,0,1,1,2,1,1,1,1,0,0,0,0,1,0,1,0,0,1,1,0,1,1,0,1,0,1,1,1,0,1,2,1,0,2],\"D\":[0,0,0,2,0,1,0,1,0,0,1,0,0,0,0,0,0,0,0,0,0,1,1,1,0,0,1,0,1,0,0,0,0,0,0,0,0,0,0,0,0,1,0,0,0,1,0],\"S\":[1,1,1,2,1,1,1,1,1,1,1,1,1,0,1,1,2,1,1,1,1,1,1,1,1,1,1,1,1,1,1,1,1,1,1,1,1,1,1,1,1,1,1,2,1,1,2]},\"2\":{\"A\":[0,0,0,2,0,1,0,1,0,0,0,0,0,0,0,0,0,0,0,0,0,1,0,0,0,0,0,1,1,0,0,0,0,0,0,0,0,0,0,0,1,1,0,2,0,1,0],\"D\":[0,1,1,0,0,0,1,0,1,1,0,0,0,0,1,0,2,1,0,0,0,0,1,0,1,1,0,0,0,0,1,1,0,1,1,1,0,0,0,0,0,0,1,0,1,0,2],\"S\":[1,1,1,2,1,1,1,1,1,1,0,0,0,0,1,1,2,1,1,1,1,1,1,1,1,1,1,1,1,1,1,1,1,1,1,1,1,1,1,1,1,1,1,2,1,1,2]},\"3\":{\"A\":[0,0,0,2,0,1,0,1,0,0,1,0,0,1,0,0,0,0,0,0,0,1,1,1,1,0,1,0,1,1,0,0,0,0,1,1,0,1,0,0,0,1,0,0,0,1,0],\"D\":[0,1,1,0,0,0,1,0,0,1,0,1,1,0,0,0,2,1,0,0,1,0,0,0,0,1,0,0,0,0,1,1,0,1,0,0,1,0,0,1,1,0,1,2,1,0,2],\"S\":[1,1,1,2,1,1,1,1,1,1,1,1,1,1,1,1,2,1,1,1,1,1,1,1,1,1,1,1,1,1,1,1,1,1,1,1,1,1,1,1,1,1,1,2,1,1,2]},\"4\":{\"A\":[0,1,1,0,1,1,1,0,1,1,0,0,0,0,1,1,2,1,1,1,1,0,0,0,1,1,0,1,0,1,1,1,1,1,1,1,1,1,1,1,1,0,1,2,0,1,2],\"D\":[0,0,0,2,0,0,0,1,0,0,1,0,0,0,0,0,0,0,0,0,0,1,1,0,0,0,1,0,1,0,0,0,0,0,0,0,0,0,0,0,0,1,0,0,1,0,0],\"S\":[1,1,1,2,1,1,1,1,1,1,1,0,0,1,1,1,2,1,1,1,1,1,1,1,1,1,1,1,1,1,1,1,1,1,1,1,1,1,1,1,1,1,1,2,1,1,2]},\"5\":{\"A\":[0,0,0,2,1,1,0,1,0,0,1,0,0,1,1,1,0,0,0,1,0,1,1,1,1,0,1,1,1,1,1,0,1,0,1,1,0,1,0,0,1,1,0,0,0,1,0],\"D\":[0,1,1,0,0,0,1,0,1,0,0,0,1,0,0,0,2,0,0,0,1,0,0,0,0,1,0,0,0,0,0,0,0,1,0,0,1,0,1,0,0,0,1,2,1,0,2],\"S\":[1,1,1,2,1,1,1,1,1,1,1,0,1,1,1,1,2,1,1,1,1,1,1,1,1,1,1,1,1,1,1,1,1,1,1,1,1,1,1,1,1,1,1,2,1,1,2]},\"6\":{\"A\":[0,1,0,0,0,0,1,0,1,1,0,0,1,1,1,1,2,1,1,1,1,0,0,1,0,0,0,1,0,0,1,1,1,1,1,1,1,1,1,1,1,1,0,2,1,1,2],\"D\":[0,0,0,0,0,0,0,0,0,0,0,1,0,0,0,0,0,0,0,0,0,0,1,0,0,1,1,0,1,0,0,0,0,0,0,0,0,0,0,0,0,0,0,0,0,0,0],\"S\":[1,1,1,2,1,1,1,1,1,1,1,1,1,1,1,1,2,1,1,1,1,1,1,1,1,1,1,1,1,1,1,1,1,1,1,1,1,1,1,1,1,1,1,2,1,1,2]},\"7\":{\"A\":[0,0,0,0,0,0,0,0,0,0,1,0,0,0,0,1,2,1,1,0,1,0,1,1,1,0,0,0,1,0,1,1,1,0,0,0,1,0,1,1,0,0,1,2,0,1,2],\"D\":[0,0,1,2,1,1,1,1,1,0,0,1,0,0,0,0,0,0,0,0,0,0,0,0,0,0,1,1,0,0,0,0,0,0,1,1,0,1,0,0,1,0,0,0,1,0,0],\"S\":[1,1,1,2,1,1,1,1,1,1,1,1,0,0,1,1,2,1,1,1,1,1,1,1,1,1,1,1,1,1,1,1,1,0,1,1,1,1,1,1,1,1,1,2,1,1,2]}},\"group-votes\":{\"0\":{\"votes\":{\"0\":{\"A\":12,\"D\":3,\"S\":20},\"1\":{\"A\":1,\"D\":12,\"S\":19},\"2\":{\"A\":9,\"D\":3,\"S\":18},\"3\":{\"A\":17,\"D\":0,\"S\":20},\"4\":{\"A\":8,\"D\":9,\"S\":20},\"5\":{\"A\":19,\"D\":0,\"S\":20},\"6\":{\"A\":7,\"D\":3,\"S\":20},\"7\":{\"A\":6,\"D\":9,\"S\":19}},\"n-members\":20,\"id\":0},\"1\":{\"votes\":{\"0\":{\"A\":12,\"D\":10,\"S\":31},\"1\":{\"A\":30,\"D\":0,\"S\":31},\"2\":{\"A\":3,\"D\":18,\"S\":29},\"3\":{\"A\":1,\"D\":23,\"S\":31},\"4\":{\"A\":28,\"D\":1,\"S\":29},