{
  "user": {},
  "ptpt": null,
  "nextComment": {
    "txt": "原子力規制委員会が策定した世界で最も厳しい基準を満たした原子力発電所の再稼働を認める",
    "tid": 4,
    "created": "1728980434787",
    "tweet_id": null,
    "quote_src_url": null,
    "is_seed": true,
    "is_meta": false,
    "lang": null,
    "pid": 0,
    "randomN": 3.3549409482943098,
    "remaining": 8,
    "total": 8,
    "translations": []
  },
  "conversation": {
    "topic": "エネルギー政策",
    "description": "",
    "link_url": null,
    "parent_url": null,
    "upvotes": 1,
    "participant_count": 42,
    "is_anon": false,
    "is_active": true,
    "is_draft": true,
    "is_public": true,
    "is_data_open": false,
    "profanity_filter": true,
    "spam_filter": true,
    "strict_moderation": false,
    "prioritize_seed": false,
    "vis_type": 1,
    "write_type": 1,
    "help_type": 1,
    "write_hint_type": 1,
    "style_btn": null,
    "socialbtn_type": 0,
    "subscribe_type": 1,
    "branding_type": 1,
    "bgcolor": null,
    "help_bgcolor": null,
    "help_color": null,
    "email_domain": null,
    "use_xid_whitelist": false,
    "owner": 72,
    "org_id": 72,
    "context": null,
    "course_id": null,
    "owner_sees_participation_stats": false,
    "auth_needed_to_vote": false,
    "auth_needed_to_write": true,
    "auth_opt_fb": true,
    "auth_opt_tw": true,
    "auth_opt_allow_3rdparty": true,
    "modified": "1729276398852",
    "created": "1728980428991",
    "site_id": "polis_site_id_wlE61IMj5fRdvFgrn7",
    "auth_opt_fb_computed": true,
    "auth_opt_tw_computed": true,
    "translations": [],
    "ownername": "admin",
    "is_mod": false,
    "is_owner": false,
    "conversation_id": "3dzkftnmrm"
  },
  "votes": [],
  "pca": "{\"n\":42,\"pca\":{\"comps\":[[0.25095947508127225,-0.4653187289150717,0.3066414702848047,0.4670901649988618,-0.3861845788246417,0.41439365393622346,-0.25046997574679397,-0.1571616071294882],[0.6729647138754267,0.21865830669689962,0.31994073901829806,-0.19288882778483052,0.15439062177519092,-0.2114334068595624,0.049366836703003236,-0.5373650790931586]],\"center\":[-0.14634146341463414,-0.30000000000000004,0.25,0.04878048780487805,-0.5,-0.275,-0.475,-0.08108108108108103],\"comment-extremity\":[1.7341873703928468,1.0179318544487337,1.5668083313778425,1.4990718788048867,0.5881751321062392,0.9539769976037098,0.37908430033864043,1.4551707052113603],\"comment-projection\":[[-0.6059444031370186,0.9212840801610657,-1.0841413151569932,-1.3855758822573911,0.5461474689531499,-0.8497596320590277,0.3719289385017951,0.4084779780407421],[-1.624880677445879,-0.4329213599988077,-1.13116133068837,0.5721852604972143,-0.2183413112176899,0.4335673877033355,-0.07330601249668732,1.3966629954148118]]},\"tids\":[0,1,2,3,4,5,6,7],\"mod-in\":[0,7,1,4,6,3,2,5],\"n-cmts\":8,\"in-conv\":[0,7,20,27,1,24,39,4,15,31,32,40,33,13,22,36,41,29,6,28,25,34,17,3,12,2,23,35,19,11,9,5,14,26,16,38,30,10,18,8],\"mod-out\":[],\"repness\":{\"0\":[{\"tid\":3,\"p-test\":2.8284271247461894,\"n-agree\":14,\"repness\":9.868421052631579,\"n-trials\":17,\"n-success\":14,\"p-success\":0.7894736842105263,\"best-agree\":true,\"repful-for\":\"agree\",\"repness-test\":4.90042},{\"tid\":5,\"p-test\":3.771236166328253,\"repness\":3.067669172932331,\"n-trials\":17,\"n-success\":16,\"p-success\":0.8947368421052632,\"repful-for\":\"agree\",\"repness-test\":4.128645}],\"1\":[{\"tid\":1,\"p-test\":4.490731195102492,\"n-agree\":22,\"repness\":8.28,\"n-trials\":23,\"n-success\":22,\"p-success\":0.92,\"best-agree\":true,\"repful-for\":\"agree\",\"repness-test\":5.4365826},{\"tid\":4,\"p-test\":4.69041575982343,\"repness\":2.596273291925466,\"n-trials\":21,\"n-success\":21,\"p-success\":0.9565217391304348,\"repful-for\":\"agree\",\"repness-test\":4.3062816},{\"tid\":6,\"p-test\":3.674234614174767,\"repness\":3.192,\"n-trials\":23,\"n-success\":20,\"p-success\":0.84,\"repful-for\":\"agree\",\"repness-test\":3.9441717},{\"tid\":3,\"p-test\":2.0412414523193143,\"repness\":12.92,\"n-trials\":23,\"n-success\":16,\"p-success\":0.68,\"repful-for\":\"disagree\",\"repness-test\":4.2304835},{\"tid\":2,\"p-test\":1.705605730844883,\"repness\":2.771739130434783,\"n-trials\":21,\"n-success\":14,\"p-success\":0.6521739130434783,\"repful-for\":\"disagree\",\"repness-test\":2.628515}]},\"consensus\":{\"agree\":[{\"tid\":4,\"p-test\":2.7221786146864813,\"n-trials\":38,\"n-success\":27,\"p-success\":0.7},{\"tid\":6,\"p-test\":1.4055638569974545,\"n-trials\":40,\"n-success\":24,\"p-success\":0.5952380952380952}],\"disagree\":[]},\"meta-tids\":[],\"votes-base\":{\"0\":{\"A\":[0,0,1,2,1,1,0,0,1,0,1,1,0,1,1,0,0,0,0,1,1,1,0,0,0,1,0,0,1,1,1,0,0,0,0,0,0,0],\"D\":[0,1,0,0,0,0,0,0,0,1,0,0,0,0,0,0,2,0,0,0,0,0,1,0,1,0,1,0,0,0,0,1,1,0,1,1,1,0],\"S\":[1,1,1,2,1,1,1,1,1,1,1,1,1,1,1,1,2,1,1,1,1,1,1,1,1,1,1,1,1,1,1,1,1,1,1,1,1,1]},\"1\":{\"A\":[0,1,1,0,0,0,1,0,1,1,0,1,1,0,1,1,2,1,1,1,1,0,0,0,0,1,1,0,1,0,0,1,1,0,1,1,0,1],\"D\":[0,0,0,2,0,1,0,1,0,0,1,0,0,0,0,0,0,0,0,0,0,1,1,1,0,0,0,1,0,1,0,0,0,0,0,0,0,0],\"S\":[1,1,1,2,1,1,1,1,1,1,1,1,1,0,1,1,2,1,1,1,1,1,1,1,1,1,1,1,1,1,1,1,1,1,1,1,1,1]},\"2\":{\"A\":[0,0,0,2,0,1,0,1,0,0,0,0,0,0,0,0,0,0,0,0,0,1,0,0,0,1,0,0,1,1,0,0,0,0,0,0,0,0],\"D\":[0,1,1,0,0,0,1,0,1,1,0,0,0,0,1,0,2,1,0,0,0,0,1,0,1,0,1,0,0,0,0,1,1,0,1,1,1,0],\"S\":[1,1,1,2,1,1,1,1,1,1,0,0,0,0,1,1,2,1,1,1,1,1,1,1,1,1,1,1,1,1,1,1,1,1,1,1,1,1]},\"3\":{\"A\":[0,0,0,2,0,1,0,1,0,0,1,0,0,1,0,0,0,0,0,0,0,1,1,1,1,0,0,1,0,1,1,0,0,0,0,1,1,0],\"D\":[0,1,1,0,0,0,1,0,0,1,0,1,1,0,0,0,2,1,0,0,1,0,0,0,0,1,1,0,0,0,0,1,1,0,1,0,0,1],\"S\":[1,1,1,2,1,1,1,1,1,1,1,1,1,1,1,1,2,1,1,1,1,1,1,1,1,1,1,1,1,1,1,1,1,1,1,1,1,1]},\"4\":{\"A\":[0,1,1,0,1,1,1,0,1,1,0,0,0,0,1,1,2,1,1,1,1,0,0,0,1,1,1,0,1,0,1,1,1,1,1,1,1,1],\"D\":[0,0,0,2,0,0,0,1,0,0,1,0,0,0,0,0,0,0,0,0,0,1,1,0,0,0,0,1,0,1,0,0,0,0,0,0,0,0],\"S\":[1,1,1,2,1,1,1,1,1,1,1,0,0,1,1,1,2,1,1,1,1,1,1,1,1,1,1,1,1,1,1,1,1,1,1,1,1,1]},\"5\":{\"A\":[0,0,0,2,1,1,0,1,0,0,1,0,0,1,1,1,0,0,0,1,0,1,1,1,1,0,0,1,1,1,1,1,0,1,0,1,1,0],\"D\":[0,1,1,0,0,0,1,0,1,0,0,0,1,0,0,0,2,0,0,0,1,0,0,0,0,1,1,0,0,0,0,0,0,0,1,0,0,1],\"S\":[1,1,1,2,1,1,1,1,1,1,1,0,1,1,1,1,2,1,1,1,1,1,1,1,1,1,1,1,1,1,1,1,1,1,1,1,1,1]},\"6\":{\"A\":[0,1,0,0,0,0,1,0,1,1,0,0,1,1,1,1,2,1,1,1,1,0,0,1,0,1,0,0,1,0,0,1,1,1,1,1,1,1],\"D\":[0,0,0,0,0,0,0,0,0,0,0,1,0,0,0,0,0,0,0,0,0,0,1,0,0,0,1,1,0,1,0,0,0,0,0,0,0,0],\"S\":[1,1,1,2,1,1,1,1,1,1,1,1,1,1,1,1,2,1,1,1,1,1,1,1,1,1,1,1,1,1,1,1,1,1,1,1,1,1]},\"7\":{\"A\":[0,0,0,0,0,0,0,0,0,0,1,0,0,0,0,1,2,1,1,0,1,0,1,1,1,1,0,0,0,1,0,1,1,1,0,0,0,1],\"D\":[0,0,1,2,1,1,1,1,1,0,0,1,0,0,0,0,0,0,0,0,0,0,0,0,0,0,0,1,1,0,0,0,0,0,0,1,1,0],\"S\":[1,1,1,2,1,1,1,1,1,1,1,1,0,0,1,1,2,1,1,1,1,1,1,1,1,1,1,1,1,1,1,1,1,1,0,1,1,1]}},\"group-votes\":{\"0\":{\"votes\":{\"0\":{\"A\":10,\"D\":3,\"S\":17},\"1\":{\"A\":1,\"D\":10,\"S\":16},\"2\":{\"A\":7,\"D\":3,\"S\":15},\"3\":{\"A\":14,\"D\":0,\"S\":17},\"4\":{\"A\":6,\"D\":8,\"S\":17},\"5\":{\"A\":16,\"D\":0,\"S\":17},\"6\":{\"A\":4,\"D\":3,\"S\":17},\"7\":{\"A\":5,\"D\":8,\"S\":16}},\"n-members\":17,\"id\":0},\"1\":{\"votes\":{\"0\":{\"A\":7,\"D\":9,\"S\":23},\"1\":{\"A\":22,\"D\":0,\"S\":23},\"2\":{\"A\":1,\"D\":14,\"S\":21},\"3\":{\"A\":1,\"D\":16,\"S\":23},\"4\":{\"A\":21,\"D\":0,\"S\":21},\"5\":{\"A\":6,\"D\":12,\"S\":22},\"6\":{\"A\":20,\"D\":2,\"S\":23},\"7\":{\"A\":11,\"D\":5,\"S\":21}},\"n-members\":23,\"id\":1}},\"base-clusters\":{\"x\":[-0.4131652015721519,2.1278928462155173,1.2183423131766908,-2.8609148807425155,-0.8494953588944941,-2.0885457230932323,1.7197717640047572,-2.6099554056612435,1.0017221239246232,1.713499192279294,-2.312654104862041,0.020804038484605377,1.855122123514896,-1.3485719031120447,0.33009642318166443,0.4315760351076202,2.2850544533450057,1.6197013243275098,0.8459696890438436,0.023454952896859747,1.4764940328976568,-2.703753273613027,-1.6818597514981795,-1.352336166546027,-0.19370188918703024,1.169852562612852,1.6269528947219294,-2.553783911123233,-0.4403481245174332,-2.797061642230333,-1.1594239167638678,1.4562671454725589,1.8706607994087823,-0.033742693807451485,2.288435800447965,0.20776360121585893,