{
  "user": {},
  "ptpt": null,
  "nextComment": {
    "txt": "再生可能エネルギー推進による国内外へのバラマキと環境破壊を阻止する",
    "tid": 7,
    "created": "1728980436572",
    "tweet_id": null,
    "quote_src_url": null,
    "is_seed": true,
    "is_meta": false,
    "lang": null,
    "pid": 0,
    "randomN": 5.158617815849553,
    "remaining": 8,
    "total": 8,
    "translations": []
  },
  "conversation": {
    "topic": "エネルギー政策",
    "description": "",
    "link_url": null,
    "parent_url": null,
    "upvotes": 1,
    "participant_count": 37,
    "is_anon": false,
    "is_active": true,
    "is_draft": true,
    "is_public": true,
    "is_data_open": false,
    "profanity_filter": true,
    "spam_filter": true,
    "strict_moderation": false,
    "prioritize_seed": false,
    "vis_type": 1,
    "write_type": 1,
    "help_type": 1,
    "write_hint_type": 1,
    "style_btn": null,
    "socialbtn_type": 0,
    "subscribe_type": 1,
    "branding_type": 1,
    "bgcolor": null,
    "help_bgcolor": null,
    "help_color": null,
    "email_domain": null,
    "use_xid_whitelist": false,
    "owner": 72,
    "org_id": 72,
    "context": null,
    "course_id": null,
    "owner_sees_participation_stats": false,
    "auth_needed_to_vote": false,
    "auth_needed_to_write": true,
    "auth_opt_fb": true,
    "auth_opt_tw": true,
    "auth_opt_allow_3rdparty": true,
    "modified": "1729266243693",
    "created": "1728980428991",
    "site_id": "polis_site_id_wlE61IMj5fRdvFgrn7",
    "auth_opt_fb_computed": true,
    "auth_opt_tw_computed": true,
    "translations": [],
    "ownername": "admin",
    "is_mod": false,
    "is_owner": false,
    "conversation_id": "3dzkftnmrm"
  },
  "votes": [],
  "pca": "{\"n\":37,\"pca\":{\"comps\":[[0.240571739645219,-0.47140924377674026,0.3192343454222694,0.46692226748275906,-0.3973694179855687,0.3947451457635042,-0.24988064720064715,-0.154288915668089],[0.6099581520431271,0.22073214372108677,0.2676622014813257,-0.15127222551843375,0.181412986793114,-0.17583694375245734,0.06254046594709042,-0.6457254995143172]],\"center\":[-0.24324324324324326,-0.2857142857142857,0.1875,0.027777777777777776,-0.44117647058823534,-0.3055555555555556,-0.4166666666666667,-0.11764705882352938],\"comment-extremity\":[1.4034501741840564,1.0516252812687272,1.3992504391307634,1.426797492542922,0.6904365928908165,0.8487971720287713,0.42499874108234326,1.6568821372088272],\"comment-projection\":[[-0.514927290488585,0.9523904942530154,-1.0722306595697433,-1.3573404844544603,0.6280787755036704,-0.7753526928051278,0.4122820336200087,0.38505437128526504],[-1.30557354328561,-0.4459462732886402,-0.8990123492401356,0.43974753437364583,-0.2867398482326604,0.3453763758624448,-0.10318650432942598,1.611518398205804]]},\"tids\":[0,1,2,3,4,5,6,7],\"mod-in\":[0,7,1,4,6,3,2,5],\"n-cmts\":8,\"in-conv\":[0,7,20,27,1,24,4,15,31,32,33,13,22,36,29,6,28,25,34,17,3,12,2,23,35,19,11,9,5,14,26,16,30,10,18,8],\"mod-out\":[],\"repness\":{\"0\":[{\"tid\":3,\"p-test\":2.6678918753996634,\"n-agree\":13,\"repness\":17.11111111111111,\"n-trials\":16,\"n-success\":13,\"p-success\":0.7777777777777778,\"best-agree\":true,\"repful-for\":\"agree\",\"repness-test\":4.8655047},{\"tid\":5,\"p-test\":3.6380343755449944,\"repness\":3.111111111111111,\"n-trials\":16,\"n-success\":15,\"p-success\":0.888888888888889,\"repful-for\":\"agree\",\"repness-test\":3.958776},{\"tid\":1,\"p-test\":1.5,\"repness\":14.23529411764706,\"n-trials\":15,\"n-success\":10,\"p-success\":0.6470588235294118,\"repful-for\":\"disagree\",\"repness-test\":4.1191635}],\"1\":[{\"tid\":1,\"p-test\":4.1461399144838555,\"n-agree\":19,\"repness\":7.727272727272727,\"n-trials\":20,\"n-success\":19,\"p-success\":0.9090909090909091,\"best-agree\":true,\"repful-for\":\"agree\",\"repness-test\":5.078308},{\"tid\":4,\"p-test\":4.358898943540674,\"repness\":2.85,\"n-trials\":18,\"n-success\":18,\"p-success\":0.95,\"repful-for\":\"agree\",\"repness-test\":4.2075562},{\"tid\":6,\"p-test\":3.273268353539885,\"repness\":3.681818181818182,\"n-trials\":20,\"n-success\":17,\"p-success\":0.8181818181818182,\"repful-for\":\"agree\",\"repness-test\":3.8604624},{\"tid\":3,\"p-test\":1.9639610121239315,\"repness\":12.27272727272727,\"n-trials\":20,\"n-success\":14,\"p-success\":0.6818181818181818,\"repful-for\":\"disagree\",\"repness-test\":4.069136},{\"tid\":2,\"p-test\":1.6059101370939326,\"repness\":3.466666666666667,\"n-trials\":18,\"n-success\":12,\"p-success\":0.65,\"repful-for\":\"disagree\",\"repness-test\":2.8086646}]},\"consensus\":{\"agree\":[{\"tid\":4,\"p-test\":2.1974010622941433,\"n-trials\":34,\"n-success\":23,\"p-success\":0.6666666666666667}],\"disagree\":[]},\"meta-tids\":[],\"votes-base\":{\"0\":{\"A\":[0,0,1,2,1,1,0,0,1,0,1,1,0,1,1,0,0,0,0,1,1,1,0,0,0,1,0,0,1,1,1,0,0,0],\"D\":[0,1,0,0,0,0,0,0,0,1,0,0,0,0,0,0,2,0,0,0,0,0,1,0,1,0,1,0,0,0,0,1,1,0],\"S\":[1,1,1,2,1,1,1,1,1,1,1,1,1,1,1,1,2,1,1,1,1,1,1,1,1,1,1,1,1,1,1,1,1,1]},\"1\":{\"A\":[0,1,1,0,0,0,1,0,1,1,0,1,1,0,1,1,2,1,1,1,1,0,0,0,0,1,1,0,1,0,0,1,1,0],\"D\":[0,0,0,2,0,1,0,1,0,0,1,0,0,0,0,0,0,0,0,0,0,1,1,1,0,0,0,1,0,1,0,0,0,0],\"S\":[1,1,1,2,1,1,1,1,1,1,1,1,1,0,1,1,2,1,1,1,1,1,1,1,1,1,1,1,1,1,1,1,1,1]},\"2\":{\"A\":[0,0,0,2,0,1,0,1,0,0,0,0,0,0,0,0,0,0,0,0,0,1,0,0,0,1,0,0,1,1,0,0,0,0],\"D\":[0,1,1,0,0,0,1,0,1,1,0,0,0,0,1,0,2,1,0,0,0,0,1,0,1,0,1,0,0,0,0,1,1,0],\"S\":[1,1,1,2,1,1,1,1,1,1,0,0,0,0,1,1,2,1,1,1,1,1,1,1,1,1,1,1,1,1,1,1,1,1]},\"3\":{\"A\":[0,0,0,2,0,1,0,1,0,0,1,0,0,1,0,0,0,0,0,0,0,1,1,1,1,0,0,1,0,1,1,0,0,0],\"D\":[0,1,1,0,0,0,1,0,0,1,0,1,1,0,0,0,2,1,0,0,1,0,0,0,0,1,1,0,0,0,0,1,1,0],\"S\":[1,1,1,2,1,1,1,1,1,1,1,1,1,1,1,1,2,1,1,1,1,1,1,1,1,1,1,1,1,1,1,1,1,1]},\"4\":{\"A\":[0,1,1,0,1,1,1,0,1,1,0,0,0,0,1,1,2,1,1,1,1,0,0,0,1,1,1,0,1,0,1,1,1,1],\"D\":[0,0,0,2,0,0,0,1,0,0,1,0,0,0,0,0,0,0,0,0,0,1,1,0,0,0,0,1,0,1,0,0,0,0],\"S\":[1,1,1,2,1,1,1,1,1,1,1,0,0,1,1,1,2,1,1,1,1,1,1,1,1,1,1,1,1,1,1,1,1,1]},\"5\":{\"A\":[0,0,0,2,1,1,0,1,0,0,1,0,0,1,1,1,0,0,0,1,0,1,1,1,1,0,0,1,1,1,1,1,0,1],\"D\":[0,1,1,0,0,0,1,0,1,0,0,0,1,0,0,0,2,0,0,0,1,0,0,0,0,1,1,0,0,0,0,0,0,0],\"S\":[1,1,1,2,1,1,1,1,1,1,1,0,1,1,1,1,2,1,1,1,1,1,1,1,1,1,1,1,1,1,1,1,1,1]},\"6\":{\"A\":[0,1,0,0,0,0,1,0,1,1,0,0,1,1,1,1,2,1,1,1,1,0,0,1,0,1,0,0,1,0,0,1,1,1],\"D\":[0,0,0,0,0,0,0,0,0,0,0,1,0,0,0,0,0,0,0,0,0,0,1,0,0,0,1,1,0,1,0,0,0,0],\"S\":[1,1,1,2,1,1,1,1,1,1,1,1,1,1,1,1,2,1,1,1,1,1,1,1,1,1,1,1,1,1,1,1,1,1]},\"7\":{\"A\":[0,0,0,0,0,0,0,0,0,0,1,0,0,0,0,1,2,1,1,0,1,0,1,1,1,1,0,0,0,1,0,1,1,1],\"D\":[0,0,1,2,1,1,1,1,1,0,0,1,0,0,0,0,0,0,0,0,0,0,0,0,0,0,0,1,1,0,0,0,0,0],\"S\":[1,1,1,2,1,1,1,1,1,1,1,1,0,0,1,1,2,1,1,1,1,1,1,1,1,1,1,1,1,1,1,1,1,1]}},\"group-votes\":{\"0\":{\"votes\":{\"0\":{\"A\":10,\"D\":2,\"S\":16},\"1\":{\"A\":1,\"D\":10,\"S\":15},\"2\":{\"A\":7,\"D\":2,\"S\":14},\"3\":{\"A\":13,\"D\":0,\"S\":16},\"4\":{\"A\":5,\"D\":8,\"S\":16},\"5\":{\"A\":15,\"D\":0,\"S\":16},\"6\":{\"A\":3,\"D\":3,\"S\":16},\"7\":{\"A\":5,\"D\":7,\"S\":15}},\"n-members\":16,\"id\":0},\"1\":{\"votes\":{\"0\":{\"A\":7,\"D\":7,\"S\":20},\"1\":{\"A\":19,\"D\":0,\"S\":20},\"2\":{\"A\":1,\"D\":12,\"S\":18},\"3\":{\"A\":0,\"D\":14,\"S\":20},\"4\":{\"A\":18,\"D\":0,\"S\":18},\"5\":{\"A\":5,\"D\":10,\"S\":19},\"6\":{\"A\":17,\"D\":2,\"S\":20},\"7\":{\"A\":10,\"D\":4,\"S\":19}},\"n-members\":20,\"id\":1}},\"base-clusters\":{\"x\":[-0.3259594464340918,2.214173360842616,1.3288603186834418,-2.770500522178241,-0.7181958295253354,-1.975761686207104,1.819312705529308,-2.529928782533022,1.11181869840133,1.8194282150791121,-2.226640967198696,0.1039512350774412,1.9104153832713253,-1.2214253441674447,0.4766173225424105,0.5522436324334492,2.368462276510705,1.7331453911019818,0.9469887781969533,0.1573829771201411,1.5680844517979977,-2.616211606510152,-1.5921911679077336,-1.2548665405883592,-0.07616244095920888,1.248850106375728,1.714412066441322,-2.4605750843114,-0.3161402839702173,-2.71180333804271,-1.0308291813400052,1.5789719849836967,1.973717130747201,0.08083438865670883],\"y\":[0.1418478772592549,0.22767346505152547,-1.5754278726019555,-0.6522436759944235,-1.1194118173388463,