{
  "user": {},
  "ptpt": null,
  "nextComment": {
    "txt": "原子力規制委員会が策定した世界で最も厳しい基準を満たした原子力発電所の再稼働を認める",
    "tid": 4,
    "created": "1728980434787",
    "tweet_id": null,
    "quote_src_url": null,
    "is_seed": true,
    "is_meta": false,
    "lang": null,
    "pid": 0,
    "randomN": 3.4525976342829954,
    "remaining": 8,
    "total": 8,
    "translations": []
  },
  "conversation": {
    "topic": "エネルギー政策",
    "description": "",
    "link_url": null,
    "parent_url": null,
    "upvotes": 1,
    "participant_count": 147,
    "is_anon": false,
    "is_active": true,
    "is_draft": true,
    "is_public": true,
    "is_data_open": false,
    "profanity_filter": true,
    "spam_filter": true,
    "strict_moderation": false,
    "prioritize_seed": false,
    "vis_type": 1,
    "write_type": 1,
    "help_type": 1,
    "write_hint_type": 1,
    "style_btn": null,
    "socialbtn_type": 0,
    "subscribe_type": 1,
    "branding_type": 1,
    "bgcolor": null,
    "help_bgcolor": null,
    "help_color": null,
    "email_domain": null,
    "use_xid_whitelist": false,
    "owner": 72,
    "org_id": 72,
    "context": null,
    "course_id": null,
    "owner_sees_participation_stats": false,
    "auth_needed_to_vote": false,
    "auth_needed_to_write": true,
    "auth_opt_fb": true,
    "auth_opt_tw": true,
    "auth_opt_allow_3rdparty": true,
    "modified": "1729343223072",
    "created": "1728980428991",
    "site_id": "polis_site_id_wlE61IMj5fRdvFgrn7",
    "auth_opt_fb_computed": true,
    "auth_opt_tw_computed": true,
    "translations": [],
    "ownername": "admin",
    "is_mod": false,
    "is_owner": false,
    "conversation_id": "3dzkftnmrm"
  },
  "votes": [],
  "pca": "{\"n\":147,\"pca\":{\"comps\":[[0.23706541349680144,-0.4538948307334211,0.37835640665176173,0.46950537610738136,-0.3473965411111908,0.46876265608274176,-0.1519649448175384,-0.10331734966470552],[0.7116690830409692,0.22912341316151444,0.42027413997406604,-0.17809890615360302,0.37026571528399066,0.021247105459932525,0.25701453467051527,-0.1705150850913224]],\"center\":[-0.28776978417266175,-0.3741007194244605,0.11764705882352938,0.14388489208633087,-0.5671641791044778,-0.12142857142857141,-0.6715328467153282,-0.36567164179104483],\"comment-extremity\":[1.5111006239716234,0.9001085488063485,1.7876314481243185,1.6246532927282493,0.6215752144771419,1.1660595604375288,0.27739406472728273,0.35770661506842855],\"comment-projection\":[[-0.47756620389553217,0.8035347858955288,-1.196053937912442,-1.519035372794305,0.42529833130947764,-1.1648636029892647,0.14118233384643633,0.18536698142631253],[-1.4336511488727794,-0.40561958469740744,-1.3285635746652051,0.576220320513265,-0.45329579375687873,-0.05279853140601123,-0.23877817269507137,0.30592990154708644]]},\"tids\":[0,1,2,3,4,5,6,7],\"mod-in\":[0,7,1,4,6,3,2,5],\"n-cmts\":8,\"in-conv\":[0,121,65,70,62,74,110,130,128,7,86,20,72,58,60,27,1,69,101,24,102,135,55,85,39,88,46,4,106,119,95,144,54,92,141,137,104,15,48,50,116,75,31,113,32,136,40,129,91,117,108,33,13,22,90,109,143,36,41,118,89,100,131,122,43,61,29,44,93,6,111,28,134,64,103,51,25,34,146,125,17,3,12,2,66,142,107,23,47,35,127,82,76,97,19,57,11,115,9,5,112,83,138,14,45,53,132,26,123,140,16,133,81,120,79,38,126,98,124,87,30,73,96,10,18,105,52,114,67,71,42,80,63,94,8,49],\"mod-out\":[],\"repness\":{\"0\":[{\"tid\":3,\"p-test\":3.614784456460255,\"n-agree\":43,\"repness\":18.99453551912568,\"n-trials\":59,\"n-success\":43,\"p-success\":0.7213114754098361,\"best-agree\":true,\"repful-for\":\"agree\",\"repness-test\":8.538814},{\"tid\":5,\"p-test\":6.71317113342619,\"repness\":6.509687034277198,\"n-trials\":59,\"n-success\":55,\"p-success\":0.9180327868852459,\"repful-for\":\"agree\",\"repness-test\":9.182981},{\"tid\":2,\"p-test\":2.1009029257555603,\"repness\":6.898305084745763,\"n-trials\":57,\"n-success\":36,\"p-success\":0.6271186440677966,\"repful-for\":\"agree\",\"repness-test\":6.6662197},{\"tid\":0,\"p-test\":3.356585566713095,\"repness\":2.141866330390921,\"n-trials\":59,\"n-success\":42,\"p-success\":0.7049180327868853,\"repful-for\":\"agree\",\"repness-test\":4.4646764}],\"1\":[{\"tid\":1,\"p-test\":8.37885005267001,\"n-agree\":75,\"repness\":5.772151898734177,\"n-trials\":77,\"n-success\":75,\"p-success\":0.9620253164556962,\"best-agree\":true,\"repful-for\":\"agree\",\"repness-test\":9.649919},{\"tid\":4,\"p-test\":8.258966419340226,\"repness\":1.954112554112554,\"n-trials\":75,\"n-success\":73,\"p-success\":0.961038961038961,\"repful-for\":\"agree\",\"repness-test\":6.4662},{\"tid\":5,\"p-test\":2.393172105652397,\"repness\":38.32051282051282,\"n-trials\":76,\"n-success\":48,\"p-success\":0.6282051282051282,\"repful-for\":\"disagree\",\"repness-test\":7.475083},{\"tid\":3,\"p-test\":5.208474357065142,\"repness\":11.96835443037975,\"n-trials\":77,\"n-success\":61,\"p-success\":0.7848101265822786,\"repful-for\":\"disagree\",\"repness-test\":8.489419},{\"tid\":2,\"p-test\":2.9824045403173027,\"repness\":5.582560296846011,\"n-trials\":75,\"n-success\":50,\"p-success\":0.6623376623376623,\"repful-for\":\"disagree\",\"repness-test\":6.370912}]},\"consensus\":{\"agree\":[{\"tid\":4,\"p-test\":6.1107070573494795,\"n-trials\":134,\"n-success\":102,\"p-success\":0.7573529411764706},{\"tid\":6,\"p-test\":5.95879571531124,\"n-trials\":137,\"n-success\":103,\"p-success\":0.7482014388489209},{\"tid\":1,\"p-test\":2.8735244660769568,\"n-trials\":139,\"n-success\":86,\"p-success\":0.6170212765957447},{\"tid\":7,\"p-test\":1.8073922282301291,\"n-trials\":134,\"n-success\":77,\"p-success\":0.573529411764706}],\"disagree\":[]},\"meta-tids\":[],\"votes-base\":{\"0\":{\"A\":[0,1,1,1,0,0,0,1,1,0,1,1,0,0,1,0,0,0,0,0,1,1,0,0,0,0,0,1,0,1,0,0,0,0,1,1,1,2,1,2,1,1,0,0,0,1,0,1,1,1,0,0,0,0,0,0,1,0,0,1,0,2,1,0,0,1,0,1,0,0,1,1,3,1,1,0,1,1,0,0,1,3,1,0,0,1,0,2,1,1,0,0,0,2,0,5,1,3,3,1],\"D\":[0,0,0,0,0,0,1,0,0,0,0,0,0,0,0,1,0,1,1,0,0,0,1,1,0,1,1,0,0,0,0,0,1,0,0,0,0,0,0,0,0,0,0,0,0,0,1,0,0,0,0,0,0,1,1,0,0,0,0,0,1,0,0,2,0,0,1,0,0,10,0,0,0,0,0,1,0,0,1,0,0,0,0,0,0,0,0,0,0,0,0,1,1,0,0,0,0,0,0,0],\"S\":[1,1,1,1,1,1,2,1,1,1,1,1,1,2,1,1,1,1,1,1,1,1,1,1,1,1,1,1,2,1,1,1,1,1,1,1,1,2,1,2,1,1,1,4,3,1,1,1,1,1,1,1,1,1,1,1,1,1,2,1,1,2,1,2,1,1,1,1,1,10,1,1,3,1,1,1,1,1,1,1,1,3,1,1,1,1,1,2,1,1,1,1,1,2,1,5,1,3,3,1]},\"1\":{\"A\":[0,1,0,0,1,0,2,0,1,1,0,1,1,2,1,0,0,0,1,0,1,0,1,1,0,1,0,0,2,1,0,1,1,0,0,1,1,2,0,0,1,0,1,4,3,1,1,1,0,0,0,1,1,1,1,1,0,0,2,0,1,2,0,2,0,0,1,0,0,10,1,0,0,0,0,0,0,1,1,1,0,0,1,0,1,0,0,2,1,1,1,1,1,0,1,5,1,3,0,1],\"D\":[0,0,0,1,0,1,0,1,0,0,0,0,0,0,0,1,1,0,0,1,0,0,0,0,0,0,0,0,0,0,1,0,0,1,0,0,0,0,0,2,0,0,0,0,0,0,0,0,0,1,1,0,0,0,0,0,1,0,0,1,0,0,0,0,1,0,0,1,1,0,0,1,3,0,1,1,0,0,0,0,1,3,0,1,0,0,0,0,0,0,0,0,0,2,0,0,0,0,3,0],\"S\":[1,1,1,1,1,1,2,1,1,1,0,1,1,2,1,1,1,1,1,1,1,1,1,1,1,1,1,1,2,1,1,1,1,1,1,1,1,2,1,2,1,1,1,4,3,1,1,1,1,1,1,1,1,1,1,1,1,1,2,1,1,2,1,2,1,1,1,1,1,10,1,1,3,1,1,1,1,1,1,1,1,3,1,1,1,1,1,2,1,1,1,1,1,2,1,5,1,3,3,1]},\"2\":{\"A\":[0,0,0,1,0,1,0,0,0,0,0,0,0,0,0,0,0,0,0,0,1,0,0,0,0,0,0,0,0,1,1,0,0,0,0,1,0,2,1,2,0,1,0,0,0,0,0,1,0,0,0,0,1,0,0,0,1,0,0,1,0,0,1,0,1,0,0,0,0,0,0,1,3,1,1,0,1,0,0,1,1,3,0,1,0,1,1,0,0,0,1,0,0,2,0,0,0,3,3,0],\"D\":[0,1,0,0,1,0,2,0,1,0,0,1,0,2,0,1,0,1,1,0,0,0,1,1,0,1,1,0,0,0,0,1,1,0,0,0,0,0,0,0,0,0,0,4,0,1,1,0,1,0,0,1,0,1,1,1,0,1,0,0,1,0,0,2,0,1,1,0,0,10,1,0,0,0,0,1,0,1,1,0,0,0,1,0,0,0,0,0,0,0,0,0,1,0,0,5,1,0,0,0],\"S\":[1,1,1,1,1,1,2,0,1,0,0,1,1,2,1,1,1,1,1,1,1,1,1,1,1,1,1,1,2,1,1,1,1,1,1,1,1,2,1,2,0,1,1,4,3,1,1,1,1,1,1,1,1,1,1,1,1,1,2,1,1,2,1,2,1,1,1,1,1,10,1,1,3,1,1,1,1,1,1,1,1,3,1,1,1,1,1,2,1,1,1,1,1,2,1,5,1,3,3,1]},\"3\":{\"A\":[0,0,0,1,0,1,0,1,0,0,1,0,0,0,0,1,1,1,0,1,0,1,0,0,0,1,1,1,0,0,1,0,0,0,0,0,1,2,0,2,0,0,0,0,0,1,1,1,1,1,1,0,0,0,0,0,1,0,0,0,0,0,1,0,1,0,0,0,1,0,0,0,3,1,1,1,0,0,0,0,1,3,0,1,0,1,0,0,0,0,0,0,0,2,0,0,0,0,3,0],\"D\":[0,1,0,0,1,0,2,0,1,1,0,0,0,2,0,0,0,0,1,0,0,0,1,1,0,0,0,0,2,1,0,1,1,0,0,1,0,0,0,0,1,0,0,4,0,0,0,0,0,0,0,1,0,0,1,0,0,1,2,1,1,2,0,2,0,1,0,1,0,10,1,0,0,0,0,0,0,0,1,0,0,0,1,0,1,0,0,1,0,1,1,0,1,0,1,5,1,3,0,1],\"S\":[1,1,1,1,1,1,2,1,1,1,1,1,1,2,1,1,1,1,1,1,1,1,