{
  "user": {},
  "ptpt": null,
  "nextComment": {
    "txt": "原子力規制委員会が策定した世界で最も厳しい基準を満たした原子力発電所の再稼働を認める",
    "tid": 4,
    "created": "1728980434787",
    "tweet_id": null,
    "quote_src_url": null,
    "is_seed": true,
    "is_meta": false,
    "lang": null,
    "pid": 0,
    "randomN": 2.8785632051638457,
    "remaining": 8,
    "total": 8,
    "translations": []
  },
  "conversation": {
    "topic": "エネルギー政策",
    "description": "",
    "link_url": null,
    "parent_url": null,
    "upvotes": 1,
    "participant_count": 186,
    "is_anon": false,
    "is_active": true,
    "is_draft": true,
    "is_public": true,
    "is_data_open": false,
    "profanity_filter": true,
    "spam_filter": true,
    "strict_moderation": false,
    "prioritize_seed": false,
    "vis_type": 1,
    "write_type": 1,
    "help_type": 1,
    "write_hint_type": 1,
    "style_btn": null,
    "socialbtn_type": 0,
    "subscribe_type": 1,
    "branding_type": 1,
    "bgcolor": null,
    "help_bgcolor": null,
    "help_color": null,
    "email_domain": null,
    "use_xid_whitelist": false,
    "owner": 72,
    "org_id": 72,
    "context": null,
    "course_id": null,
    "owner_sees_participation_stats": false,
    "auth_needed_to_vote": false,
    "auth_needed_to_write": true,
    "auth_opt_fb": true,
    "auth_opt_tw": true,
    "auth_opt_allow_3rdparty": true,
    "modified": "1729370913576",
    "created": "1728980428991",
    "site_id": "polis_site_id_wlE61IMj5fRdvFgrn7",
    "auth_opt_fb_computed": true,
    "auth_opt_tw_computed": true,
    "translations": [],
    "ownername": "admin",
    "is_mod": false,
    "is_owner": false,
    "conversation_id": "3dzkftnmrm"
  },
  "votes": [],
  "pca": "{\"n\":186,\"pca\":{\"comps\":[[0.23378261883187637,-0.45539220923407187,0.3774072657077931,0.4640429068266751,-0.3715049750750659,0.45754632907567533,-0.1462416423813509,-0.10695957924978727],[0.7424317950518599,0.1652783666550493,0.49337991261556874,-0.20863837271180719,0.29031604522388277,-0.09408623443015528,0.171466800187944,0.10948923819791895]],\"center\":[-0.24719101123595508,-0.37500000000000006,0.15517241379310345,0.1348314606741573,-0.552325581395349,-0.13966480446927373,-0.7028571428571428,-0.35838150289017323],\"comment-extremity\":[1.6573554963147736,0.8564078371226849,2.0295823278378826,1.6331034299752412,0.5970028037371546,1.1366870574938852,0.18940377347048004,0.27777409830730093],\"comment-projection\":[[-0.4977852328840974,0.8050272981223383,-1.23311068062211,-1.489479393440206,0.47040497461044445,-1.1133911340212053,0.12290833748628535,0.19410715981139157],[-1.5808343060192345,-0.2921736346130548,-1.6120305440057627,0.6696849628847085,-0.3676023769397726,0.22894901038677057,-0.14410874359737616,-0.19869791191753625]]},\"tids\":[0,1,2,3,4,5,6,7],\"mod-in\":[0,7,1,4,6,3,2,5],\"n-cmts\":8,\"in-conv\":[0,121,65,70,62,74,164,110,130,128,153,7,86,154,20,72,58,60,175,27,1,69,101,24,102,135,55,165,85,39,88,46,149,157,4,106,119,95,144,176,54,92,141,137,104,15,48,50,116,75,159,31,113,32,136,174,182,40,129,91,117,172,108,156,181,33,13,22,168,90,109,143,178,167,36,41,118,162,184,89,100,131,122,43,61,29,151,44,93,6,111,28,134,64,155,103,170,51,25,166,34,146,125,148,17,3,12,152,2,66,142,107,23,47,180,158,35,127,82,76,97,19,57,11,115,9,5,112,179,83,138,14,45,53,132,26,123,140,16,133,163,81,120,79,38,173,126,98,124,87,169,160,30,73,96,10,18,105,185,52,114,147,67,161,71,42,80,183,63,94,8,177,49],\"mod-out\":[],\"repness\":{\"0\":[{\"tid\":3,\"p-test\":4.541868715470694,\"n-agree\":53,\"repness\":16.12394366197183,\"n-trials\":69,\"n-success\":53,\"p-success\":0.7605633802816901,\"best-agree\":true,\"repful-for\":\"agree\",\"repness-test\":9.922749},{\"tid\":5,\"p-test\":7.410417377873242,\"repness\":4.880281690140845,\"n-trials\":69,\"n-success\":65,\"p-success\":0.9295774647887324,\"repful-for\":\"agree\",\"repness-test\":9.71022},{\"tid\":2,\"p-test\":1.9402850002906642,\"repness\":6.330434782608696,\"n-trials\":67,\"n-success\":41,\"p-success\":0.608695652173913,\"repful-for\":\"agree\",\"repness-test\":7.242133},{\"tid\":0,\"p-test\":3.1075943842694236,\"repness\":2.17157490396927,\"n-trials\":69,\"n-success\":47,\"p-success\":0.676056338028169,\"repful-for\":\"agree\",\"repness-test\":4.8276033},{\"tid\":1,\"p-test\":2.0465595024580763,\"repness\":65.11428571428571,\"n-trials\":68,\"n-success\":42,\"p-success\":0.6142857142857143,\"repful-for\":\"disagree\",\"repness-test\":9.110178}],\"1\":[{\"tid\":1,\"p-test\":9.271050693011066,\"n-agree\":99,\"repness\":7.337526205450734,\"n-trials\":104,\"n-success\":99,\"p-success\":0.9433962264150944,\"best-agree\":true,\"repful-for\":\"agree\",\"repness-test\":10.963956},{\"tid\":4,\"p-test\":9.754759853826503,\"repness\":2.377652519893899,\"n-trials\":102,\"n-success\":100,\"p-success\":0.9711538461538461,\"repful-for\":\"agree\",\"repness-test\":8.459192},{\"tid\":6,\"p-test\":7.904790590883118,\"repness\":1.483153638814016,\"n-trials\":104,\"n-success\":92,\"p-success\":0.8773584905660377,\"repful-for\":\"agree\",\"repness-test\":4.4095855},{\"tid\":3,\"p-test\":4.9770903720375195,\"repness\":17.41509433962264,\"n-trials\":104,\"n-success\":77,\"p-success\":0.7358490566037736,\"repful-for\":\"disagree\",\"repness-test\":9.098175},{\"tid\":2,\"p-test\":3.0545207623093096,\"repness\":4.445192307692308,\"n-trials\":102,\"n-success\":66,\"p-success\":0.6442307692307692,\"repful-for\":\"disagree\",\"repness-test\":6.475868}]},\"consensus\":{\"agree\":[{\"tid\":6,\"p-test\":7.236272269866326,\"n-trials\":175,\"n-success\":135,\"p-success\":0.768361581920904},{\"tid\":4,\"p-test\":6.614487515046437,\"n-trials\":172,\"n-success\":129,\"p-success\":0.7471264367816092},{\"tid\":1,\"p-test\":3.2320779204121624,\"n-trials\":176,\"n-success\":109,\"p-success\":0.6179775280898876},{\"tid\":7,\"p-test\":1.971054913305148,\"n-trials\":173,\"n-success\":99,\"p-success\":0.5714285714285714}],\"disagree\":[]},\"meta-tids\":[],\"votes-base\":{\"0\":{\"A\":[0,1,1,1,0,0,0,1,1,0,0,1,0,0,0,0,1,1,0,0,0,0,0,1,0,1,0,0,1,1,1,2,1,1,1,1,2,0,1,1,0,0,0,0,0,0,0,1,0,1,0,1,0,1,1,3,0,1,0,0,0,1,0,1,0,2,0,0,0,1,1,0,0,0,4,0,0,1,1,0,0,3,0,4,2,2,0,0,3,5,1,0,7,0,3,1,0,2,1,1],\"D\":[0,0,0,0,2,1,0,0,0,0,0,0,1,0,2,2,0,0,1,1,0,1,1,0,0,0,1,0,0,0,0,0,0,0,0,0,0,1,0,0,0,0,0,0,1,0,0,0,2,0,1,0,0,0,0,0,1,0,0,0,0,0,0,0,1,0,0,3,0,0,0,0,1,0,0,0,1,0,0,10,4,0,0,0,0,0,0,0,0,0,0,0,0,0,0,0,1,0,0,0],\"S\":[1,1,2,1,2,1,1,1,1,2,3,1,1,1,2,2,1,1,1,1,2,1,1,1,1,1,1,1,1,1,1,2,1,1,1,4,2,1,1,1,2,1,6,2,1,1,1,1,2,1,1,1,2,1,1,3,1,1,1,1,3,1,1,1,1,2,3,3,2,2,1,1,1,1,4,1,1,1,2,10,4,3,1,4,2,2,1,2,3,5,1,2,7,1,3,1,1,2,1,1]},\"1\":{\"A\":[0,1,0,0,2,1,1,0,1,2,3,1,0,0,0,1,1,0,1,1,0,1,1,0,1,1,1,0,0,1,1,2,0,1,0,4,2,1,1,0,0,0,6,2,1,1,0,0,2,0,1,0,0,1,0,0,0,0,1,0,3,0,0,1,1,0,3,3,1,2,1,0,1,1,0,0,0,1,2,10,4,0,0,0,0,0,1,2,0,5,0,1,7,1,3,0,1,2,1,0],\"D\":[0,0,0,1,0,0,0,0,0,0,0,0,1,1,0,0,0,0,0,0,0,0,0,0,0,0,0,1,0,0,0,0,0,0,0,0,0,0,0,0,2,1,0,0,0,0,0,1,0,1,0,1,2,0,1,2,1,0,0,1,0,0,0,0,0,2,0,0,0,0,0,1,0,0,4,1,1,0,0,0,0,3,1,4,2,1,0,0,3,0,1,0,0,0,0,0,0,0,0,1],\"S\":[1,1,2,1,2,1,1,0,1,2,3,1,1,1,2,2,1,1,1,1,2,1,1,1,1,1,1,1,1,1,1,2,1,1,1,4,2,1,1,1,2,1,6,2,1,1,1,1,2,1,1,1,2,1,1,3,1,1,1,1,3,1,1,1,1,2,3,3,2,2,1,1,1,1,4,1,1,1,2,10,4,3,1,4,2,2,1,2,3,5,1,2,7,1,3,1,1,2,1,1]},\"2\":{\"A\":[0,0,1,0,0,0,0,0,0,0,0,0,0,0,0,0,1,0,0,0,0,0,0,0,0,1,0,0,0,1,0,2,1,0,1,0,0,0,1,0,2,0,0,2,0,0,0,1,0,0,0,0,0,0,1,3,0,1,1,1,0,1,1,0,0,2,0,0,0,0,0,0,0,0,4,1,0,0,1,0,0,3,0,4,2,2,0,0,3,0,1,0,0,0,3,0,0,0,0,1],\"D\":[0,1,0,0,2,1,0,0,1,0,3,0,1,0,2,2,0,0,1,1,0,1,1,0,0,0,1,0,0,0,0,0,0,0,0,1,2,1,0,1,0,0,6,0,1,1,1,0,2,0,1,0,0,1,0,0,1,0,0,0,0,0,0,0,0,0,0,3,0,1,1,0,1,1,0,0,1,1,0,10,4,0,0,0,0,0,1,2,0,0,0,2,7,1,0,1,1,0,0,0],\"S\":[1,1,2,1,2,1,0,0,1,2,3,1,1,1,2,2,1,1,1,1,2,1,1,1,1,1,1,1,1,1,1,2,1,0,1,4,2,1,1,1,2,1,6,2,1,1,1,1,2,0,1,1,2,1,1,3,1,1,1,1,3,1,1,1,1,2,3,3,2,2,1,1,1,1,4,1,1,1,2,10,4,3,1,4,2,2,1,2,3,5,1,2,7,1,3,1,1,2,1,1]},\"3\":{\"A\":[0,0,0,1,0,0,0,1,0,0,0,0,1,1,2,0,0,1,0,0,0,1,1,1,0,0,0,0,0,0,1,2,0,0,0,0,2,1,1,1,2,1,0,0,1,0,0,0,0,1,0,0,2,0,0,3,1,0,0,1,0,