{
  "user": {},
  "ptpt": null,
  "nextComment": {
    "txt": "再生可能エネルギー推進による国内外へのバラマキと環境破壊を阻止する",
    "tid": 7,
    "created": "1728980436572",
    "tweet_id": null,
    "quote_src_url": null,
    "is_seed": true,
    "is_meta": false,
    "lang": null,
    "pid": 0,
    "randomN": 5.48404558017413,
    "remaining": 8,
    "total": 8,
    "translations": []
  },
  "conversation": {
    "topic": "エネルギー政策",
    "description": "",
    "link_url": null,
    "parent_url": null,
    "upvotes": 1,
    "participant_count": 61,
    "is_anon": false,
    "is_active": true,
    "is_draft": true,
    "is_public": true,
    "is_data_open": false,
    "profanity_filter": true,
    "spam_filter": true,
    "strict_moderation": false,
    "prioritize_seed": false,
    "vis_type": 1,
    "write_type": 1,
    "help_type": 1,
    "write_hint_type": 1,
    "style_btn": null,
    "socialbtn_type": 0,
    "subscribe_type": 1,
    "branding_type": 1,
    "bgcolor": null,
    "help_bgcolor": null,
    "help_color": null,
    "email_domain": null,
    "use_xid_whitelist": false,
    "owner": 72,
    "org_id": 72,
    "context": null,
    "course_id": null,
    "owner_sees_participation_stats": false,
    "auth_needed_to_vote": false,
    "auth_needed_to_write": true,
    "auth_opt_fb": true,
    "auth_opt_tw": true,
    "auth_opt_allow_3rdparty": true,
    "modified": "1729300722374",
    "created": "1728980428991",
    "site_id": "polis_site_id_wlE61IMj5fRdvFgrn7",
    "auth_opt_fb_computed": true,
    "auth_opt_tw_computed": true,
    "translations": [],
    "ownername": "admin",
    "is_mod": false,
    "is_owner": false,
    "conversation_id": "3dzkftnmrm"
  },
  "votes": [],
  "pca": "{\"n\":61,\"pca\":{\"comps\":[[0.18970960998733677,-0.4701185800640898,0.3092274264276221,0.49482035353642045,-0.32809043451515046,0.4694240002912354,-0.19659412732856704,-0.18941627400561734],[0.717817753061613,0.2293711509986486,0.484392267299452,-0.061278122701439425,0.3146051673711972,0.0663191222150422,0.2801324725018467,0.10902674937732271]],\"center\":[-0.29310344827586204,-0.37288135593220345,0.1320754716981132,0.08620689655172414,-0.5818181818181818,-0.2456140350877193,-0.5964912280701756,-0.16666666666666666],\"comment-extremity\":[1.4844855360240283,0.927834873709844,1.8401223445545292,1.5318280752160192,0.5376455433056585,1.0115685551437008,0.39058890960829584,0.5151340544943221],\"comment-projection\":[[-0.3793064150903684,0.8338772426595947,-0.9901440459886904,-1.5202153192860586,0.38806431527464635,-1.001622065675711,0.2243719251393733,0.44645843938820406],[-1.4352086782540858,-0.4068492313457081,-1.5510206352985778,0.1882621444369556,-0.372113984481713,-0.14150681717513103,-0.3197138337924228,-0.2569785127181037]]},\"tids\":[0,1,2,3,4,5,6,7],\"mod-in\":[0,7,1,4,6,3,2,5],\"n-cmts\":8,\"in-conv\":[0,7,20,58,60,27,1,24,55,39,46,4,54,15,48,50,31,32,40,33,13,22,36,41,43,29,44,6,28,51,25,34,17,3,12,2,23,47,35,19,57,11,9,5,14,45,53,26,16,38,30,10,18,52,42,8,49],\"mod-out\":[],\"repness\":{\"0\":[{\"tid\":3,\"p-test\":2.414039396301674,\"n-agree\":20,\"repness\":21.7,\"n-trials\":28,\"n-success\":20,\"p-success\":0.7,\"best-agree\":true,\"repful-for\":\"agree\",\"repness-test\":5.485657},{\"tid\":5,\"p-test\":5.0137741307804,\"repness\":5.6,\"n-trials\":28,\"n-success\":27,\"p-success\":0.9333333333333333,\"repful-for\":\"agree\",\"repness-test\":6.0983853},{\"tid\":0,\"p-test\":1.2998673672393632,\"repness\":1.430769230769231,\"n-trials\":28,\"n-success\":17,\"p-success\":0.6,\"repful-for\":\"agree\",\"repness-test\":1.4407682}],\"1\":[{\"tid\":1,\"p-test\":5.477225575051661,\"n-agree\":29,\"repness\":4.009216589861751,\"n-trials\":29,\"n-success\":29,\"p-success\":0.967741935483871,\"best-agree\":true,\"repful-for\":\"agree\",\"repness-test\":5.938878},{\"tid\":4,\"p-test\":4.913538149119955,\"repness\":1.643002028397566,\"n-trials\":27,\"n-success\":26,\"p-success\":0.9310344827586207,\"repful-for\":\"agree\",\"repness-test\":3.4009464},{\"tid\":6,\"p-test\":4.016632088371218,\"repness\":1.67741935483871,\"n-trials\":29,\"n-success\":25,\"p-success\":0.8387096774193548,\"repful-for\":\"agree\",\"repness-test\":2.9141493},{\"tid\":3,\"p-test\":3.2863353450309973,\"repness\":11.61290322580645,\"n-trials\":29,\"n-success\":23,\"p-success\":0.7741935483870968,\"repful-for\":\"disagree\",\"repness-test\":5.654313},{\"tid\":5,\"p-test\":1.6712580435934665,\"repness\":19,\"n-trials\":28,\"n-success\":18,\"p-success\":0.6333333333333333,\"repful-for\":\"disagree\",\"repness-test\":4.972556}]},\"consensus\":{\"agree\":[{\"tid\":4,\"p-test\":4.0089186286863665,\"n-trials\":55,\"n-success\":42,\"p-success\":0.7543859649122807},{\"tid\":6,\"p-test\":2.888741522913897,\"n-trials\":57,\"n-success\":39,\"p-success\":0.6779661016949153},{\"tid\":1,\"p-test\":1.8073922282301285,\"n-trials\":59,\"n-success\":36,\"p-success\":0.6065573770491803}],\"disagree\":[]},\"meta-tids\":[],\"votes-base\":{\"0\":{\"A\":[0,0,1,2,1,1,0,0,1,0,1,1,0,1,1,0,0,0,0,1,1,1,0,0,0,0,0,1,1,1,0,0,0,0,0,0,0,1,1,0,1,0,0,2,0,1,2,0,1,1,1,1,1],\"D\":[0,1,0,0,0,0,0,0,0,1,0,0,0,0,0,0,2,0,0,0,0,0,1,0,1,1,0,0,0,0,1,1,0,1,1,1,0,0,0,0,0,0,0,0,1,0,0,0,0,0,0,0,0],\"S\":[1,1,1,2,1,1,1,1,1,1,1,1,1,1,1,1,2,1,1,1,1,1,1,1,1,1,1,1,1,1,1,1,1,1,1,1,1,1,1,1,1,1,1,2,1,1,2,1,1,1,1,1,1]},\"1\":{\"A\":[0,1,1,0,0,0,1,0,1,1,0,1,1,0,1,1,2,1,1,1,1,0,0,0,0,1,0,1,0,0,1,1,0,1,1,0,1,0,1,1,1,0,1,2,1,0,2,0,0,1,1,1,1],\"D\":[0,0,0,2,0,1,0,1,0,0,1,0,0,0,0,0,0,0,0,0,0,1,1,1,0,0,1,0,1,0,0,0,0,0,0,0,0,0,0,0,0,1,0,0,0,1,0,1,0,0,0,0,0],\"S\":[1,1,1,2,1,1,1,1,1,1,1,1,1,0,1,1,2,1,1,1,1,1,1,1,1,1,1,1,1,1,1,1,1,1,1,1,1,1,1,1,1,1,1,2,1,1,2,1,1,1,1,1,1]},\"2\":{\"A\":[0,0,0,2,0,1,0,1,0,0,0,0,0,0,0,0,0,0,0,0,0,1,0,0,0,0,0,1,1,0,0,0,0,0,0,0,0,0,0,0,1,1,0,2,0,1,0,0,0,1,0,0,1],\"D\":[0,1,1,0,0,0,1,0,1,1,0,0,0,0,1,0,2,1,0,0,0,0,1,0,1,1,0,0,0,0,1,1,0,1,1,1,0,0,0,0,0,0,1,0,1,0,2,0,0,0,0,0,0],\"S\":[1,1,1,2,1,1,1,1,1,1,0,0,0,0,1,1,2,1,1,1,1,1,1,1,1,1,1,1,1,1,1,1,1,1,1,1,1,1,1,1,1,1,1,2,1,1,2,1,1,1,1,1,1]},\"3\":{\"A\":[0,0,0,2,0,1,0,1,0,0,1,0,0,1,0,0,0,0,0,0,0,1,1,1,1,0,1,0,1,1,0,0,0,0,1,1,0,1,0,0,0,1,0,0,0,1,0,0,0,0,1,0,1],\"D\":[0,1,1,0,0,0,1,0,0,1,0,1,1,0,0,0,2,1,0,0,1,0,0,0,0,1,0,0,0,0,1,1,0,1,0,0,1,0,0,1,1,0,1,2,1,0,2,0,0,1,0,0,0],\"S\":[1,1,1,2,1,1,1,1,1,1,1,1,1,1,1,1,2,1,1,1,1,1,1,1,1,1,1,1,1,1,1,1,1,1,1,1,1,1,1,1,1,1,1,2,1,1,2,1,1,1,1,1,1]},\"4\":{\"A\":[0,1,1,0,1,1,1,0,1,1,0,0,0,0,1,1,2,1,1,1,1,0,0,0,1,1,0,1,0,1,1,1,1,1,1,1,1,1,1,1,1,0,1,2,0,1,2,1,1,1,1,1,1],\"D\":[0,0,0,2,0,0,0,1,0,0,1,0,0,0,0,0,0,0,0,0,0,1,1,0,0,0,1,0,1,0,0,0,0,0,0,0,0,0,0,0,0,1,0,0,1,0,0,0,0,0,0,0,0],\"S\":[1,1,1,2,1,1,1,1,1,1,1,0,0,1,1,1,2,1,1,1,1,1,1,1,1,1,1,1,1,1,1,1,1,1,1,1,1,1,1,1,1,1,1,2,1,1,2,1,1,1,1,1,1]},\"5\":{\"A\":[0,0,0,2,1,1,0,1,0,0,1,0,0,1,1,1,0,0,0,1,0,1,1,1,1,0,1,1,1,1,1,0,1,0,1,1,0,1,0,0,1,1,0,0,0,1,0,1,1,1,1,0,1],\"D\":[0,1,1,0,0,0,1,0,1,0,0,0,1,0,0,0,2,0,0,0,1,0,0,0,0,1,0,0,0,0,0,0,0,1,0,0,1,0,1,0,0,0,1,2,1,0,2,0,0,0,0,0,0],\"S\":[1,1,1,2,1,1,1,1,1,1,1,0,1,1,1,1,2,1,1,1,1,1,1,1,1,1,1,1,1,1,1,1,1,1,1,1,1,1,1,1,1,1,1,2,1,1,2,1,1,1,1,1,1]},\"6\":{\"A\":[0,1,0,0,0,0,1,0,1,1,0,0,1,1,1,1,2,1,1,1,1,0,0,1,0,0,0,1,0,0,1,1,1,1,1,1,1,1,1,1,1,1,0,2,1,1,2,0,1,1,1,1,1],\"D\":[0,0,0,0,0,0,0,0,0,0,0,1,0,0,0,0,0,0,0,0,0,0,1,0,0,1,1,0,1,0,0,0,0,0,0,0,0,0,0,0,0,0,0,0,0,0,0,0,0,0,0,0,0],\"S\":[1,1,1,2,1,1,1,1,1,1,1,1,1,1,1,1,2,1,1,1,1,1,1,1,1,1,1,1,1,1,1,1,1,1,1,1,1,1,1,1,1,1,1,2,1,1,2,1,1,1,1,1,1]},\"7\":{\"A\":[0,0,0,0,0,0,0,0,0,0,1,0,0,0,0,1,2,1,1,0,1,0,1,1,1,0,0,0,1,0,1,1,1,0,0,0,1,0,1,1,0,0,1,2,0,1,2,0,0,1,0,1,1],\"D\":[0,0,1,2,1,1,1,1,1,0,0,1,0,0,0,0,0,0,0,0,0,0,0,0,0,0,1,1,0,0,0,0,0,0,1,1,0,1,0,0,1,0,0,0,1,0,0,0,0,0,1,0,0],\"S\":[1,1,1,2,1,1,1,1,1,1,1,1,0,0,1,1,2,1,1,1,1,1,1,1,1,1,1,1,1,1,1,1,1,0,1,1,1,1,1,1,1,1,1,2,1,1,2,1,1,1,1,1,1]}},\"group-votes\":{\"0\":{\"votes\":{\"0\":{\"A\":17,\"D\":4,\"S\":28},\"1\":{\"A\":6,\"D\":13,\"S\":27},\"2\":{\"A\":11,\"D\":4,\"S\":26},\"3\":{\"A\":20,\"D\":1,\"S\":28},\"4\":{\"A\":16,\"D\":9,\"S\":28},\"5\":{\"A\":27,\"D\":0,\"S\":28},\"6\":{\"A\":14,