{
  "user": {},
  "ptpt": null,
  "nextComment": {
    "txt": "2050年までのカーボンニュートラルの実現",
    "tid": 0,
    "created": "1728980431480",
    "tweet_id": null,
    "quote_src_url": null,
    "is_seed": true,
    "is_meta": false,
    "lang": null,
    "pid": 0,
    "randomN": 0.5597392792664805,
    "remaining": 8,
    "total": 8,
    "translations": []
  },
  "conversation": {
    "topic": "エネルギー政策",
    "description": "",
    "link_url": null,
    "parent_url": null,
    "upvotes": 1,
    "participant_count": 89,
    "is_anon": false,
    "is_active": true,
    "is_draft": true,
    "is_public": true,
    "is_data_open": false,
    "profanity_filter": true,
    "spam_filter": true,
    "strict_moderation": false,
    "prioritize_seed": false,
    "vis_type": 1,
    "write_type": 1,
    "help_type": 1,
    "write_hint_type": 1,
    "style_btn": null,
    "socialbtn_type": 0,
    "subscribe_type": 1,
    "branding_type": 1,
    "bgcolor": null,
    "help_bgcolor": null,
    "help_color": null,
    "email_domain": null,
    "use_xid_whitelist": false,
    "owner": 72,
    "org_id": 72,
    "context": null,
    "course_id": null,
    "owner_sees_participation_stats": false,
    "auth_needed_to_vote": false,
    "auth_needed_to_write": true,
    "auth_opt_fb": true,
    "auth_opt_tw": true,
    "auth_opt_allow_3rdparty": true,
    "modified": "1729320962173",
    "created": "1728980428991",
    "site_id": "polis_site_id_wlE61IMj5fRdvFgrn7",
    "auth_opt_fb_computed": true,
    "auth_opt_tw_computed": true,
    "translations": [],
    "ownername": "admin",
    "is_mod": false,
    "is_owner": false,
    "conversation_id": "3dzkftnmrm"
  },
  "votes": [],
  "pca": "{\"n\":89,\"pca\":{\"comps\":[[0.20752012615750626,-0.44890220366406663,0.29628083290178087,0.5061943520331101,-0.3219850566754472,0.5074005405706979,-0.15297159679364306,-0.16394255118973777],[0.6602981203880641,0.1468552146656312,0.5595603977868873,-0.10438231390009335,0.20397985603598368,-0.050083964521870174,0.2466893550371095,0.33684508138256936]],\"center\":[-0.29268292682926833,-0.4457831325301203,0.1645569620253165,0.13095238095238096,-0.6329113924050632,-0.13095238095238096,-0.6666666666666664,-0.27848101265822794],\"comment-extremity\":[1.3846923046104094,0.7403800412077425,2.0855395663316667,1.6532911295583625,0.39575101899538806,1.2532708325169868,0.2736680021310852,0.764515387664443],\"comment-projection\":[[-0.4151636843630395,0.7036820455817123,-0.9759089174380344,-1.6192227903566454,0.3343117313145501,-1.2472097381006675,0.14422300456229256,0.33456803601333246],[-1.32098898316125,-0.2302046570873737,-1.843116129710714,0.3338998566426852,-0.21178889333805037,0.12310828089403919,-0.23258095439103477,-0.6874212734952965]]},\"tids\":[0,1,2,3,4,5,6,7],\"mod-in\":[0,7,1,4,6,3,2,5],\"n-cmts\":8,\"in-conv\":[0,65,70,62,74,7,86,20,72,58,60,27,1,69,24,55,85,39,88,46,4,54,15,48,50,75,31,32,40,33,13,22,36,41,43,61,29,44,6,28,64,51,25,34,17,3,12,2,66,23,47,35,82,76,19,57,11,9,5,83,14,45,53,26,16,81,79,38,87,30,73,10,18,52,67,71,42,80,63,8,49],\"mod-out\":[],\"repness\":{\"0\":[{\"tid\":3,\"p-test\":2.919985580353725,\"n-agree\":27,\"repness\":33.02564102564103,\"n-trials\":37,\"n-success\":27,\"p-success\":0.717948717948718,\"best-agree\":true,\"repful-for\":\"agree\",\"repness-test\":6.8032484},{\"tid\":5,\"p-test\":5.1910854761844005,\"repness\":5.769230769230769,\"n-trials\":37,\"n-success\":34,\"p-success\":0.8974358974358974,\"repful-for\":\"agree\",\"repness-test\":6.883409},{\"tid\":0,\"p-test\":1.946657053569151,\"repness\":1.638176638176638,\"n-trials\":37,\"n-success\":24,\"p-success\":0.641025641025641,\"repful-for\":\"agree\",\"repness-test\":2.3426929}],\"1\":[{\"tid\":1,\"p-test\":6.708203932499369,\"n-agree\":44,\"repness\":3.717391304347826,\"n-trials\":44,\"n-success\":44,\"p-success\":0.9782608695652174,\"best-agree\":true,\"repful-for\":\"agree\",\"repness-test\":6.997016},{\"tid\":4,\"p-test\":6.252441383636791,\"repness\":1.618577075098814,\"n-trials\":42,\"n-success\":41,\"p-success\":0.9545454545454545,\"repful-for\":\"agree\",\"repness-test\":4.1907187},{\"tid\":6,\"p-test\":5.217491947499511,\"repness\":1.541501976284585,\"n-trials\":44,\"n-success\":39,\"p-success\":0.8695652173913043,\"repful-for\":\"agree\",\"repness-test\":3.2360213},{\"tid\":3,\"p-test\":4.323064756499593,\"repness\":15.68478260869565,\"n-trials\":44,\"n-success\":36,\"p-success\":0.8043478260869565,\"repful-for\":\"disagree\",\"repness-test\":6.9990363},{\"tid\":5,\"p-test\":2.7136021011998714,\"repness\":26.86666666666667,\"n-trials\":43,\"n-success\":30,\"p-success\":0.6888888888888889,\"repful-for\":\"disagree\",\"repness-test\":6.278297}]},\"consensus\":{\"agree\":[{\"tid\":4,\"p-test\":5.366563145999496,\"n-trials\":79,\"n-success\":63,\"p-success\":0.7901234567901235},{\"tid\":6,\"p-test\":4.417261042993862,\"n-trials\":81,\"n-success\":60,\"p-success\":0.7349397590361446},{\"tid\":1,\"p-test\":2.836832573067901,\"n-trials\":83,\"n-success\":54,\"p-success\":0.6470588235294118}],\"disagree\":[]},\"meta-tids\":[],\"votes-base\":{\"0\":{\"A\":[0,0,1,2,1,1,0,0,1,0,1,1,0,1,1,0,0,0,1,1,0,0,0,0,0,1,1,1,0,0,0,0,0,3,1,0,1,0,0,0,1,0,1,1,1,1,1,1,1,1,0,1,0,0,0,1,0,0,1,1,0,0,3,1,0,1,1,2,0,0],\"D\":[0,4,0,0,0,0,0,0,0,1,0,0,0,0,0,0,0,0,0,0,1,0,1,1,0,0,0,0,1,1,0,1,1,0,0,0,0,0,0,1,0,0,0,0,0,0,0,0,0,0,0,0,0,0,0,0,1,1,0,0,2,1,0,0,0,0,0,0,0,0],\"S\":[1,4,1,2,1,1,1,1,1,1,1,1,1,1,1,1,1,1,1,1,1,1,1,1,1,1,1,1,1,1,1,1,1,3,1,1,1,1,1,1,1,1,1,1,1,1,1,1,1,1,1,1,1,1,1,1,1,1,1,1,2,1,3,1,1,1,1,2,2,1]},\"1\":{\"A\":[0,4,1,0,0,0,1,0,1,1,0,1,1,0,1,1,1,1,1,0,0,0,0,1,0,1,0,0,1,1,0,1,0,3,0,1,1,0,1,1,0,0,0,1,1,1,1,1,0,0,1,0,1,1,1,1,1,1,1,0,2,1,3,0,0,1,1,2,2,1],\"D\":[0,0,0,2,0,1,0,1,0,0,1,0,0,0,0,0,0,0,0,1,1,1,0,0,1,0,1,0,0,0,0,0,0,0,0,0,0,1,0,0,1,1,0,0,0,0,0,0,0,1,0,0,0,0,0,0,0,0,0,0,0,0,0,1,1,0,0,0,0,0],\"S\":[1,4,1,2,1,1,1,1,1,1,1,1,1,0,1,1,1,1,1,1,1,1,1,1,1,1,1,1,1,1,1,1,1,3,1,1,1,1,1,1,1,1,1,1,1,1,1,1,1,1,1,1,1,1,1,1,1,1,1,1,2,1,3,1,1,1,1,2,2,1]},\"2\":{\"A\":[0,0,0,2,0,1,0,1,0,0,0,0,0,0,0,0,0,0,0,1,0,0,0,0,0,1,1,0,0,0,0,0,0,0,0,0,1,1,0,0,1,0,0,1,0,0,1,0,1,1,1,1,0,0,0,0,0,0,1,0,0,0,3,0,0,0,0,0,0,0],\"D\":[0,4,1,0,0,0,1,0,1,1,0,0,0,0,1,0,1,0,0,0,1,0,1,1,0,0,0,0,1,1,0,1,1,3,0,0,0,0,1,1,0,0,0,0,0,0,0,1,0,0,0,0,0,1,0,1,1,1,0,1,2,1,0,0,0,0,0,0,0,1],\"S\":[1,4,1,2,1,1,1,1,1,1,0,0,0,0,1,1,1,1,1,1,1,1,1,1,1,1,1,1,1,1,1,1,1,3,1,1,1,1,1,1,1,1,1,1,1,1,1,1,1,1,1,1,1,1,1,1,1,1,1,1,2,1,3,1,1,1,1,2,2,1]},\"3\":{\"A\":[0,0,0,2,0,1,0,1,0,0,1,0,0,1,0,0,0,0,0,1,1,1,1,0,1,0,1,1,0,0,0,1,1,0,1,0,0,1,0,0,1,0,0,0,1,0,1,0,0,1,0,0,0,0,0,1,1,0,1,1,0,0,0,1,1,0,0,0,0,0],\"D\":[0,4,1,0,0,0,1,0,0,1,0,1,1,0,0,0,1,0,0,0,0,0,0,1,0,0,0,0,1,1,0,0,0,3,0,1,1,0,1,1,0,0,0,1,0,0,0,1,0,0,0,0,0,1,1,0,0,1,0,0,2,1,3,0,0,1,0,2,2,1],\"S\":[1,4,1,2,1,1,1,1,1,1,1,1,1,1,1,1,1,1,1,1,1,1,1,1,1,1,1,1,1,1,1,1,1,3,1,1,1,1,1,1,1,1,1,1,1,1,1,1,1,1,1,1,1,1,1,1,1,1,1,1,2,1,3,1,1,1,1,2,2,1]},\"4\":{\"A\":[0,4,1,0,1,1,1,0,1,1,0,0,0,0,1,1,1,1,1,0,0,0,1,1,0,1,0,1,1,1,1,1,1,3,1,1,1,0,1,0,1,1,1,1,1,1,1,1,1,0,1,1,1,1,1,1,1,1,1,1,2,1,3,0,0,1,1,2,2,1],\"D\":[0,0,0,2,0,0,0,1,0,0,1,0,0,0,0,0,0,0,0,1,1,0,0,0,1,0,1,0,0,0,0,0,0,0,0,0,0,1,0,1,0,0,0,0,0,0,0,0,0,1,0,0,0,0,0,0,0,0,0,0,0,0,0,1,1,0,0,0,0,0],\"S\":[1,4,1,2,1,1,1,1,1,1,1,0,0,1,1,1,1,1,1,1,1,1,1,1,1,1,1,1,1,1,1,1,1,3,1,1,1,1,1,1,1,1,1,1,1,1,1,1,1,1,1,1,1,1,1,1,1,1,1,1,2,1,3,1,1,1,1,2,2,1]},\"5\":{\"A\":[0,0,0,2,1,1,0,1,0,0,1,0,0,1,1,1,0,0,1,1,1,1,1,0,1,1,1,1,1,0,1,1,1,0,1,0,1,1,0,0,1,1,1,1,1,0,1,1,1,1,0,1,0,0,1,1,1,0,0,0,0,0,0,1,1,0,0,0,0,0],\"D\":[0,4,1,0,0,0,1,0,1,0,0,0,1,0,0,0,0,0,0,0,0,0,0,1,0,0,0,0,0,0,0,0,0,3,0,0,0,0,1,1,0,0,0,0,0,0,0,0,0,0,0,0,1,1,0,0,0,1,0,0,2,1,3,0,0,1,1,2,2,1],\"S\":[1,4,1,2,1,1,1,1,1,1,1,0,1,1,1,1,1,1,1,1,1,1,1,1,1,1,1,1,1,1,1,1,1,3,1,1,1,1,1,1,1,1,1,1,1,1,1,1,1,1,1,1,1,1,1,1,1,1,1,1,2,1,3,1,1,1,1,2,2,1]},\"6\":{\"A\":[0,4,0,0,0,0,1,0,1,1,0,0,1,1,1,1,1,1,1,0,0,1,0,0,0,1,0,0,1,1,1,1,1,3,1,1,1,1,0,1,1,0,1,1,1,1,1,1,1,1,1,1,1,1,1,1,0,1,1,0,2,1,3,1,1,0,1,2,2,1],\"D\":[0,0,0,0,0,0,0,0,0,0,0,1,0,0,0,0,0,0,0,0,1,0,