{
  "user": {},
  "ptpt": null,
  "nextComment": {
    "txt": "原子力規制委員会が策定した世界で最も厳しい基準を満たした原子力発電所の再稼働を認める",
    "tid": 4,
    "created": "1728980434787",
    "tweet_id": null,
    "quote_src_url": null,
    "is_seed": true,
    "is_meta": false,
    "lang": null,
    "pid": 0,
    "randomN": 3.4187113095511106,
    "remaining": 8,
    "total": 8,
    "translations": []
  },
  "conversation": {
    "topic": "エネルギー政策",
    "description": "",
    "link_url": null,
    "parent_url": null,
    "upvotes": 1,
    "participant_count": 183,
    "is_anon": false,
    "is_active": true,
    "is_draft": true,
    "is_public": true,
    "is_data_open": false,
    "profanity_filter": true,
    "spam_filter": true,
    "strict_moderation": false,
    "prioritize_seed": false,
    "vis_type": 1,
    "write_type": 1,
    "help_type": 1,
    "write_hint_type": 1,
    "style_btn": null,
    "socialbtn_type": 0,
    "subscribe_type": 1,
    "branding_type": 1,
    "bgcolor": null,
    "help_bgcolor": null,
    "help_color": null,
    "email_domain": null,
    "use_xid_whitelist": false,
    "owner": 72,
    "org_id": 72,
    "context": null,
    "course_id": null,
    "owner_sees_participation_stats": false,
    "auth_needed_to_vote": false,
    "auth_needed_to_write": true,
    "auth_opt_fb": true,
    "auth_opt_tw": true,
    "auth_opt_allow_3rdparty": true,
    "modified": "1729367188895",
    "created": "1728980428991",
    "site_id": "polis_site_id_wlE61IMj5fRdvFgrn7",
    "auth_opt_fb_computed": true,
    "auth_opt_tw_computed": true,
    "translations": [],
    "ownername": "admin",
    "is_mod": false,
    "is_owner": false,
    "conversation_id": "3dzkftnmrm"
  },
  "votes": [],
  "pca": "{\"n\":183,\"pca\":{\"comps\":[[0.23953042687234535,-0.45457108377771077,0.3770461687708968,0.4639477909796659,-0.3680939061790131,0.4590272401788753,-0.15042240184672262,-0.09875681387170251],[0.714849912580636,0.16154071817845697,0.507805008965182,-0.19627497216975479,0.2829334813853799,-0.10115117474235233,0.1781071713087574,0.2109486371400931]],\"center\":[-0.23428571428571415,-0.37572254335260097,0.1578947368421053,0.13142857142857145,-0.5562130177514791,-0.1420454545454545,-0.6976744186046511,-0.3705882352941178],\"comment-extremity\":[1.6328005289640848,0.851822458394777,2.071382074562664,1.6121056044741398,0.5827576771333265,1.1406280749744144,0.19934985428634547,0.41465668382139387],\"comment-projection\":[[-0.5187671073147537,0.8026467503819203,-1.2348340759332188,-1.4847086757808379,0.4620385156910504,-1.1139039185512307,0.12862707953920102,0.17581135452106503],[-1.5481983903084506,-0.2852362086535734,-1.6630720079821195,0.6281119550192007,-0.35514352067275745,0.24545970271319814,-0.1523004885520832,-0.37554032148255906]]},\"tids\":[0,1,2,3,4,5,6,7],\"mod-in\":[0,7,1,4,6,3,2,5],\"n-cmts\":8,\"in-conv\":[0,121,65,70,62,74,164,110,130,128,153,7,86,154,20,72,58,60,175,27,1,69,101,24,102,135,55,165,85,39,88,46,149,157,4,106,119,95,144,176,54,92,141,137,104,15,48,50,116,75,159,31,113,32,136,174,182,40,129,91,117,172,108,156,181,33,13,22,168,90,109,143,178,167,36,41,118,162,89,100,131,122,43,61,29,151,44,93,6,111,28,134,64,155,103,170,51,25,166,34,146,125,148,17,3,12,152,2,66,142,107,23,47,180,158,35,127,82,76,97,19,57,11,115,9,5,112,179,83,138,14,45,53,132,26,123,140,16,133,163,81,120,79,38,173,126,98,124,87,169,160,30,73,96,10,18,105,52,114,147,67,161,71,42,80,63,94,8,177,49],\"mod-out\":[],\"repness\":{\"0\":[{\"tid\":5,\"p-test\":7.607674567748486,\"n-agree\":68,\"repness\":5.769425675675676,\"n-trials\":72,\"n-success\":68,\"p-success\":0.9324324324324323,\"best-agree\":true,\"repful-for\":\"agree\",\"repness-test\":10.1155},{\"tid\":3,\"p-test\":3.8623578574723085,\"repness\":14.32432432432432,\"n-trials\":72,\"n-success\":52,\"p-success\":0.7162162162162162,\"repful-for\":\"agree\",\"repness-test\":9.262251},{\"tid\":2,\"p-test\":2.01752881892955,\"repness\":8.555555555555555,\"n-trials\":70,\"n-success\":43,\"p-success\":0.611111111111111,\"repful-for\":\"agree\",\"repness-test\":7.6246185},{\"tid\":0,\"p-test\":2.926028679903264,\"repness\":2.28331780055918,\"n-trials\":72,\"n-success\":48,\"p-success\":0.6621621621621622,\"repful-for\":\"agree\",\"repness-test\":4.925751},{\"tid\":1,\"p-test\":1.4142135623730936,\"repness\":57.53424657534247,\"n-trials\":71,\"n-success\":41,\"p-success\":0.5753424657534247,\"repful-for\":\"disagree\",\"repness-test\":8.530478}],\"1\":[{\"tid\":1,\"p-test\":8.944836555806987,\"n-agree\":93,\"repness\":5.278461538461538,\"n-trials\":98,\"n-success\":93,\"p-success\":0.94,\"best-agree\":true,\"repful-for\":\"agree\",\"repness-test\":10.258696},{\"tid\":4,\"p-test\":9.442719335742657,\"repness\":2.173778602350031,\"n-trials\":96,\"n-success\":94,\"p-success\":0.9693877551020408,\"repful-for\":\"agree\",\"repness-test\":7.890815},{\"tid\":3,\"p-test\":5.125692857821981,\"repness\":13.875,\"n-trials\":98,\"n-success\":74,\"p-success\":0.75,\"repful-for\":\"disagree\",\"repness-test\":9.141309},{\"tid\":5,\"p-test\":1.6162440712835369,\"repness\":42.60606060606061,\"n-trials\":97,\"n-success\":56,\"p-success\":0.5757575757575758,\"repful-for\":\"disagree\",\"repness-test\":7.7592044},{\"tid\":2,\"p-test\":3.553711577967667,\"repness\":4.848979591836735,\"n-trials\":96,\"n-success\":65,\"p-success\":0.673469387755102,\"repful-for\":\"disagree\",\"repness-test\":6.940881}]},\"consensus\":{\"agree\":[{\"tid\":6,\"p-test\":7.070659067808261,\"n-trials\":172,\"n-success\":132,\"p-success\":0.764367816091954},{\"tid\":4,\"p-test\":6.595898904087386,\"n-trials\":169,\"n-success\":127,\"p-success\":0.7485380116959064},{\"tid\":1,\"p-test\":3.1840117830313948,\"n-trials\":173,\"n-success\":107,\"p-success\":0.6171428571428571},{\"tid\":7,\"p-test\":2.0647416048350564,\"n-trials\":170,\"n-success\":98,\"p-success\":0.5755813953488372}],\"disagree\":[]},\"meta-tids\":[],\"votes-base\":{\"0\":{\"A\":[0,1,1,1,0,0,0,1,1,0,0,1,0,0,0,0,1,1,0,0,0,0,0,1,0,1,0,0,1,1,1,2,1,1,1,1,2,0,1,1,0,0,0,0,0,0,0,1,0,0,1,1,0,1,0,1,1,3,0,1,0,0,0,1,0,1,0,2,0,0,0,1,1,0,0,0,4,0,0,1,0,0,0,3,0,4,1,3,0,3,0,3,5,1,0,5,1,2,1,0],\"D\":[0,0,0,0,2,1,0,0,0,0,0,0,1,0,1,2,0,0,1,1,0,1,2,0,0,0,1,0,0,0,0,0,0,0,0,0,0,1,0,0,0,0,0,0,1,0,0,0,2,10,0,0,1,0,0,0,0,0,1,0,0,0,0,0,0,0,1,0,0,3,0,0,0,0,1,0,0,0,1,0,0,1,4,0,0,0,0,0,0,0,0,0,0,0,0,0,0,0,0,0],\"S\":[1,1,2,1,2,1,1,1,1,2,3,1,1,1,1,2,1,1,1,1,2,1,2,1,1,1,1,1,1,1,1,2,1,1,1,4,2,1,1,1,1,1,6,2,1,1,1,1,2,10,2,2,1,1,2,1,1,3,1,1,1,1,1,1,1,1,1,2,4,3,2,1,1,1,1,1,4,1,1,1,1,1,4,3,1,4,1,3,1,3,2,3,5,1,1,5,3,2,1,1]},\"1\":{\"A\":[0,1,0,0,2,1,1,0,1,2,3,1,0,0,0,1,1,0,1,1,0,1,1,0,1,1,1,0,0,1,1,2,0,1,0,4,2,1,1,0,0,0,6,2,1,1,0,0,2,10,0,0,1,0,0,1,0,0,0,0,1,0,1,0,0,1,1,0,4,3,1,1,1,0,1,1,0,0,0,1,1,1,4,0,0,0,0,0,1,3,2,0,5,0,1,5,3,2,1,1],\"D\":[0,0,0,1,0,0,0,0,0,0,0,0,1,1,0,0,0,0,0,0,0,0,0,0,0,0,0,1,0,0,0,0,0,0,0,0,0,0,0,0,1,1,0,0,0,0,0,1,0,0,2,0,0,1,2,0,1,2,1,0,0,1,0,0,0,0,0,2,0,0,0,0,0,1,0,0,4,1,1,0,0,0,0,3,1,4,1,2,0,0,0,3,0,1,0,0,0,0,0,0],\"S\":[1,1,2,1,2,1,1,0,1,2,3,1,1,1,1,2,1,1,1,1,2,1,2,1,1,1,1,1,1,1,1,2,1,1,1,4,2,1,1,1,1,1,6,2,1,1,1,1,2,10,2,2,1,1,2,1,1,3,1,1,1,1,1,1,1,1,1,2,4,3,2,1,1,1,1,1,4,1,1,1,1,1,4,3,1,4,1,3,1,3,2,3,5,1,1,5,3,2,1,1]},\"2\":{\"A\":[0,0,1,0,0,0,0,0,0,0,0,0,0,0,0,0,1,0,0,0,0,0,0,0,0,1,0,0,0,1,0,2,1,0,1,0,0,0,1,0,1,0,0,2,0,0,0,1,0,0,1,0,0,0,0,0,1,3,0,1,1,1,0,1,1,0,0,2,0,0,0,0,0,0,0,0,4,1,0,0,1,0,0,3,0,4,1,3,0,3,0,3,0,1,0,0,0,0,0,0],\"D\":[0,1,0,0,2,1,0,0,1,0,3,0,1,0,1,2,0,0,1,1,0,1,2,0,0,0,1,0,0,0,0,0,0,0,0,1,2,1,0,1,0,0,6,0,1,1,1,0,2,10,0,2,1,0,0,1,0,0,1,0,0,0,0,0,0,0,0,0,0,3,0,1,1,0,1,1,0,0,1,1,0,1,4,0,0,0,0,0,1,0,2,0,0,0,1,5,1,0,0,1],\"S\":[1,1,2,1,2,1,0,0,1,2,3,1,1,1,1,2,1,1,1,1,2,1,2,1,1,1,1,1,1,1,1,2,1,0,1,4,2,1,1,1,1,1,6,2,1,1,1,1,2,10,1,2,1,1,2,1,1,3,1,1,1,1,1,1,1,1,1,2,4,3,2,1,1,1,1,1,4,1,1,1,1,1,4,3,1,4,1,3,1,3,2,3,5,1,1,5,3,2,1,1]},\"3\":{\"A\":[0,0,0,1,0,0,0,1,0,0,0,0,1,1,1,0,0,1,0,0,0,1,2,1,0,0,0,0,0,0,1,2,0,0,0,0,2,1,1,1,1,1,0,0,1,0,0,0,0,0,2,0,0,0,2,0,0,3,1,0,0,1,0,1,0,0,0,2,0,0,0,0,0,1,0,0,4,1,1,0,0,0,0,3,0,4,1,3,0,0,0,