{
  "user": {},
  "ptpt": null,
  "nextComment": {
    "txt": "原子力規制委員会が策定した世界で最も厳しい基準を満たした原子力発電所の再稼働を認める",
    "tid": 4,
    "created": "1728980434787",
    "tweet_id": null,
    "quote_src_url": null,
    "is_seed": true,
    "is_meta": false,
    "lang": null,
    "pid": 0,
    "randomN": 4.014453076365429,
    "remaining": 8,
    "total": 8,
    "translations": []
  },
  "conversation": {
    "topic": "エネルギー政策",
    "description": "",
    "link_url": null,
    "parent_url": null,
    "upvotes": 1,
    "participant_count": 137,
    "is_anon": false,
    "is_active": true,
    "is_draft": true,
    "is_public": true,
    "is_data_open": false,
    "profanity_filter": true,
    "spam_filter": true,
    "strict_moderation": false,
    "prioritize_seed": false,
    "vis_type": 1,
    "write_type": 1,
    "help_type": 1,
    "write_hint_type": 1,
    "style_btn": null,
    "socialbtn_type": 0,
    "subscribe_type": 1,
    "branding_type": 1,
    "bgcolor": null,
    "help_bgcolor": null,
    "help_color": null,
    "email_domain": null,
    "use_xid_whitelist": false,
    "owner": 72,
    "org_id": 72,
    "context": null,
    "course_id": null,
    "owner_sees_participation_stats": false,
    "auth_needed_to_vote": false,
    "auth_needed_to_write": true,
    "auth_opt_fb": true,
    "auth_opt_tw": true,
    "auth_opt_allow_3rdparty": true,
    "modified": "1729339660091",
    "created": "1728980428991",
    "site_id": "polis_site_id_wlE61IMj5fRdvFgrn7",
    "auth_opt_fb_computed": true,
    "auth_opt_tw_computed": true,
    "translations": [],
    "ownername": "admin",
    "is_mod": false,
    "is_owner": false,
    "conversation_id": "3dzkftnmrm"
  },
  "votes": [],
  "pca": "{\"n\":137,\"pca\":{\"comps\":[[0.22080062299451428,-0.45410305784306726,0.3696989710693677,0.4774006167071807,-0.3554539733344697,0.47238326653852014,-0.14646635156028887,-0.09748307492287105],[0.7203379139742297,0.2187853886453872,0.4692549197032843,-0.1818980807239926,0.33682740864297306,-0.002387697636982421,0.23880818389674957,-0.09732111261450127]],\"center\":[-0.2999999999999998,-0.3769230769230769,0.1111111111111111,0.14503816793893132,-0.5793650793650792,-0.14503816793893132,-0.6796875,-0.34920634920634913],\"comment-extremity\":[1.4916927738848111,0.8883191472751201,1.8774227379686836,1.654564734137099,0.5826062187321346,1.1423305019548433,0.2538067654567034,0.25355474442872045],\"comment-projection\":[[-0.43716292986697924,0.8002783838839623,-1.1618517752926185,-1.5461368553417738,0.4228961108590099,-1.1423159096764968,0.13269566770503932,0.17943928104660412],[-1.4261963064074596,-0.38557154420894446,-1.4747259370104056,0.5891054948003963,-0.40073543083396035,0.0057739238271675404,-0.21635557299017702,0.17914115339528092]]},\"tids\":[0,1,2,3,4,5,6,7],\"mod-in\":[0,7,1,4,6,3,2,5],\"n-cmts\":8,\"in-conv\":[0,121,65,70,62,74,110,130,128,7,86,20,72,58,60,27,1,69,101,24,102,135,55,85,39,88,46,4,106,119,95,54,92,104,15,48,50,116,75,31,113,32,136,40,129,91,117,108,33,13,22,90,109,36,41,118,89,100,131,122,43,61,29,44,93,6,111,28,134,64,103,51,25,34,125,17,3,12,2,66,107,23,47,35,127,82,76,97,19,57,11,115,9,5,112,83,14,45,53,132,26,123,16,133,81,120,79,38,126,98,124,87,30,73,96,10,18,105,52,114,67,71,42,80,63,94,8,49],\"mod-out\":[],\"repness\":{\"0\":[{\"tid\":3,\"p-test\":3.31133089266261,\"n-agree\":40,\"repness\":17.4367816091954,\"n-trials\":56,\"n-success\":40,\"p-success\":0.7068965517241379,\"best-agree\":true,\"repful-for\":\"agree\",\"repness-test\":8.108757},{\"tid\":5,\"p-test\":6.490208549618715,\"repness\":6.064263322884013,\"n-trials\":56,\"n-success\":52,\"p-success\":0.9137931034482759,\"repful-for\":\"agree\",\"repness-test\":8.765951},{\"tid\":2,\"p-test\":1.752919642404429,\"repness\":6.244897959183673,\"n-trials\":54,\"n-success\":33,\"p-success\":0.6071428571428571,\"repful-for\":\"agree\",\"repness-test\":6.1738405},{\"tid\":0,\"p-test\":3.046424421249602,\"repness\":1.962864721485411,\"n-trials\":56,\"n-success\":39,\"p-success\":0.6896551724137931,\"repful-for\":\"agree\",\"repness-test\":3.9108374}],\"1\":[{\"tid\":1,\"p-test\":8.075839156533009,\"n-agree\":70,\"repness\":5.468918918918919,\"n-trials\":72,\"n-success\":70,\"p-success\":0.9594594594594595,\"best-agree\":true,\"repful-for\":\"agree\",\"repness-test\":9.24751},{\"tid\":4,\"p-test\":8.18879344153759,\"repness\":1.944444444444444,\"n-trials\":70,\"n-success\":69,\"p-success\":0.9722222222222222,\"repful-for\":\"agree\",\"repness-test\":6.4092035},{\"tid\":3,\"p-test\":5.032769329433615,\"repness\":11.36486486486486,\"n-trials\":72,\"n-success\":57,\"p-success\":0.7837837837837838,\"repful-for\":\"disagree\",\"repness-test\":8.204758},{\"tid\":5,\"p-test\":2.1213203435596424,\"repness\":35.75342465753425,\"n-trials\":71,\"n-success\":44,\"p-success\":0.6164383561643836,\"repful-for\":\"disagree\",\"repness-test\":7.1531196},{\"tid\":2,\"p-test\":2.7295978138458628,\"repness\":5.222222222222222,\"n-trials\":70,\"n-success\":46,\"p-success\":0.6527777777777778,\"repful-for\":\"disagree\",\"repness-test\":6.01509}]},\"consensus\":{\"agree\":[{\"tid\":4,\"p-test\":6.1227599149711835,\"n-trials\":126,\"n-success\":97,\"p-success\":0.765625},{\"tid\":6,\"p-test\":5.89902107238168,\"n-trials\":128,\"n-success\":97,\"p-success\":0.7538461538461538},{\"tid\":1,\"p-test\":2.7084825756492186,\"n-trials\":130,\"n-success\":80,\"p-success\":0.6136363636363636},{\"tid\":7,\"p-test\":1.508506066007393,\"n-trials\":126,\"n-success\":71,\"p-success\":0.5625}],\"disagree\":[]},\"meta-tids\":[],\"votes-base\":{\"0\":{\"A\":[0,1,1,1,0,0,0,1,2,0,1,1,0,0,0,1,0,0,0,0,0,1,1,0,0,0,0,0,1,0,1,0,0,0,1,0,1,1,1,2,5,1,2,1,1,0,0,0,1,0,1,1,1,0,0,0,0,0,0,1,0,0,1,0,2,1,0,0,1,0,1,0,0,1,1,2,1,1,0,1,2,0,0,3,1,2,2,0,0,5,1,1,0],\"D\":[0,0,0,0,0,0,1,0,0,0,0,0,0,0,0,0,1,0,1,1,0,0,0,1,1,0,1,1,0,0,0,0,0,1,0,0,0,0,0,0,0,0,0,0,0,0,0,0,0,1,0,0,0,0,0,0,1,1,0,0,0,0,0,1,0,0,2,0,0,1,0,0,9,0,0,0,0,0,1,0,0,1,0,0,0,0,0,0,0,0,0,0,0],\"S\":[1,1,1,1,1,1,1,1,3,1,1,1,1,1,3,1,1,1,1,1,1,1,1,1,1,1,1,1,1,2,1,1,1,1,1,1,1,1,1,2,5,1,2,1,1,1,4,1,1,1,1,1,1,1,1,1,1,1,1,1,1,2,1,1,2,1,2,1,1,1,1,1,9,1,1,2,1,1,1,1,2,1,1,3,1,2,2,1,1,5,1,1,1]},\"1\":{\"A\":[0,1,0,0,1,0,1,0,3,1,0,1,1,1,3,1,0,0,0,1,0,1,0,1,1,0,1,0,0,2,1,0,1,1,0,0,0,1,1,2,5,0,0,1,0,1,4,1,1,1,1,0,0,0,1,1,1,1,1,0,0,2,0,1,2,0,2,0,0,1,0,0,9,1,0,0,0,0,0,0,2,1,1,0,0,0,2,0,1,5,0,1,0],\"D\":[0,0,0,1,0,1,0,1,0,0,0,0,0,0,0,0,1,1,0,0,1,0,0,0,0,0,0,0,0,0,0,1,0,0,1,1,0,0,0,0,0,0,2,0,0,0,0,0,0,0,0,0,1,1,0,0,0,0,0,1,0,0,1,0,0,0,0,1,0,0,1,1,0,0,1,2,0,1,1,0,0,0,0,3,1,2,0,1,0,0,0,0,0],\"S\":[1,1,1,1,1,1,1,1,3,1,0,1,1,1,3,1,1,1,1,1,1,1,1,1,1,1,1,1,1,2,1,1,1,1,1,1,1,1,1,2,5,1,2,1,1,1,4,1,1,1,1,1,1,1,1,1,1,1,1,1,1,2,1,1,2,1,2,1,1,1,1,1,9,1,1,2,1,1,1,1,2,1,1,3,1,2,2,1,1,5,1,1,1]},\"2\":{\"A\":[0,0,0,1,0,1,0,0,1,0,0,0,0,0,0,0,0,0,0,0,0,1,0,0,0,0,0,0,0,0,1,1,0,0,1,0,0,1,0,2,3,1,2,0,1,0,0,0,0,0,1,0,0,0,0,1,0,0,0,1,0,0,1,0,0,1,0,1,0,0,0,0,0,0,1,2,1,1,0,1,0,0,1,3,1,2,0,1,0,0,1,0,1],\"D\":[0,1,0,0,1,0,1,0,1,0,0,1,0,1,0,0,1,0,1,1,0,0,0,1,1,0,1,1,0,0,0,0,1,1,0,0,0,0,0,0,0,0,0,0,0,0,4,0,1,1,0,1,0,0,1,0,1,1,1,0,1,0,0,1,0,0,2,0,1,1,0,0,9,1,0,0,0,0,1,0,1,1,0,0,0,0,1,0,0,5,0,1,0],\"S\":[1,1,1,1,1,1,1,0,3,0,0,1,1,1,3,1,1,1,1,1,1,1,1,1,1,1,1,1,1,2,1,1,1,1,1,1,1,1,1,2,5,1,2,0,1,1,4,1,1,1,1,1,1,1,1,1,1,1,1,1,1,2,1,1,2,1,2,1,1,1,1,1,9,1,1,2,1,1,1,1,2,1,1,3,1,2,2,1,1,5,1,1,1]},\"3\":{\"A\":[0,0,0,1,0,1,0,1,0,0,1,0,0,0,0,0,1,1,1,0,1,0,1,0,0,0,1,1,1,0,0,1,0,0,1,0,0,0,1,2,0,0,2,0,0,0,0,0,1,1,1,1,1,1,0,0,0,0,0,1,0,0,0,0,0,1,0,1,0,0,0,1,0,0,0,2,1,1,1,0,0,0,0,3,1,2,0,1,0,0,1,0,0],\"D\":[0,1,0,0,1,0,1,0,2,1,0,0,0,1,0,0,0,0,0,1,0,0,0,1,1,0,0,0,0,2,1,0,1,1,0,0,0,1,0,0,5,0,0,1,0,0,4,1,0,0,0,0,0,0,1,0,0,1,0,0,1,2,1,1,2,0,2,0,1,0,1,0,9,1,0,0,0,0,0,0,0,1,0,0,0,0,2,0,1,5,0,1,0],\"S\":[1,1,1,1,1,1,1,1,3,1,1,1,1,1,3,1,1,1,1,1,1,1,1,1,1,1,1,1,1,2,1,1,1,1,1,1,1,1,1,2,5,1,2,1,1,1,4,1,1,1,1,1,1,1,1,1,1,1,1,1,1,2,1,1,2,1,2,1,1,1,1,1,9,1,1,2,1,1,1,1,2,1,1,3,1,2,2,1,1,5,1,1,1]},\"4\":{\"A\":[0,1,1,1,1,0,1,0,3,0,0,1,1,1,3,1,0,0,1,1,0,1,1,1,1,1,1,1,1,2,1,0,1,0,1,