{
  "user": {},
  "ptpt": null,
  "nextComment": {
    "txt": "原子力発電は最大限活用",
    "tid": 1,
    "created": "1728980432094",
    "tweet_id": null,
    "quote_src_url": null,
    "is_seed": true,
    "is_meta": false,
    "lang": null,
    "pid": 0,
    "randomN": 1.7035643690913247,
    "remaining": 8,
    "total": 8,
    "translations": []
  },
  "conversation": {
    "topic": "エネルギー政策",
    "description": "",
    "link_url": null,
    "parent_url": null,
    "upvotes": 1,
    "participant_count": 96,
    "is_anon": false,
    "is_active": true,
    "is_draft": true,
    "is_public": true,
    "is_data_open": false,
    "profanity_filter": true,
    "spam_filter": true,
    "strict_moderation": false,
    "prioritize_seed": false,
    "vis_type": 1,
    "write_type": 1,
    "help_type": 1,
    "write_hint_type": 1,
    "style_btn": null,
    "socialbtn_type": 0,
    "subscribe_type": 1,
    "branding_type": 1,
    "bgcolor": null,
    "help_bgcolor": null,
    "help_color": null,
    "email_domain": null,
    "use_xid_whitelist": false,
    "owner": 72,
    "org_id": 72,
    "context": null,
    "course_id": null,
    "owner_sees_participation_stats": false,
    "auth_needed_to_vote": false,
    "auth_needed_to_write": true,
    "auth_opt_fb": true,
    "auth_opt_tw": true,
    "auth_opt_allow_3rdparty": true,
    "modified": "1729324635967",
    "created": "1728980428991",
    "site_id": "polis_site_id_wlE61IMj5fRdvFgrn7",
    "auth_opt_fb_computed": true,
    "auth_opt_tw_computed": true,
    "translations": [],
    "ownername": "admin",
    "is_mod": false,
    "is_owner": false,
    "conversation_id": "3dzkftnmrm"
  },
  "votes": [],
  "pca": "{\"n\":96,\"pca\":{\"comps\":[[0.24629395931896808,-0.4452810021542752,0.314222617602253,0.49449068512199396,-0.3120669957742798,0.5032799427838298,-0.14744364465230256,-0.1593458020463864],[0.648481049766153,0.10588968009102791,0.5333289925799258,-0.13794679032484566,0.17231957275432758,-0.11670907959332097,0.23152589740356222,0.40972098661758066]],\"center\":[-0.2386363636363636,-0.4666666666666668,0.21176470588235288,0.16666666666666663,-0.6588235294117645,-0.12222222222222218,-0.6781609195402301,-0.2823529411764705],\"comment-extremity\":[1.49380769576787,0.6904354540832247,2.1215938799236476,1.6940397068043493,0.34400313775006314,1.2826654279406058,0.24986632695556088,0.8923383437443927],\"comment-projection\":[[-0.530384574071893,0.6717039278012366,-1.0769628800941304,-1.6317360111889374,0.301142398964645,-1.2495084519925457,0.13421771160193455,0.32344208602433666],[-1.3964790136346088,-0.1597339964800853,-1.8279254761146124,0.4552011841142135,-0.1662871442045581,0.2897571887516331,-0.21075765048653197,-0.8316567421146248]]},\"tids\":[0,1,2,3,4,5,6,7],\"mod-in\":[0,7,1,4,6,3,2,5],\"n-cmts\":8,\"in-conv\":[0,65,70,62,74,7,86,20,72,58,60,27,1,69,24,55,85,39,88,46,4,54,92,15,48,50,75,31,32,40,91,33,13,22,90,36,41,89,43,61,29,44,93,6,28,64,51,25,34,17,3,12,2,66,23,47,35,82,76,19,57,11,9,5,83,14,45,53,26,16,81,79,38,87,30,73,10,18,52,67,71,42,80,63,94,8,49],\"mod-out\":[],\"repness\":{\"0\":[{\"tid\":3,\"p-test\":2.7221786146864813,\"n-agree\":27,\"repness\":35.7,\"n-trials\":38,\"n-success\":27,\"p-success\":0.7,\"best-agree\":true,\"repful-for\":\"agree\",\"repness-test\":6.970456},{\"tid\":5,\"p-test\":5.284229075567876,\"repness\":5.625,\"n-trials\":38,\"n-success\":35,\"p-success\":0.9,\"repful-for\":\"agree\",\"repness-test\":7.081495},{\"tid\":0,\"p-test\":2.0816659994661335,\"repness\":1.841666666666667,\"n-trials\":38,\"n-success\":25,\"p-success\":0.65,\"repful-for\":\"agree\",\"repness-test\":2.8710866}],\"1\":[{\"tid\":1,\"p-test\":7.0710678118654755,\"n-agree\":49,\"repness\":3.823529411764706,\"n-trials\":49,\"n-success\":49,\"p-success\":0.9803921568627451,\"best-agree\":true,\"repful-for\":\"agree\",\"repness-test\":7.3508563},{\"tid\":4,\"p-test\":6.639528095680697,\"repness\":1.598639455782313,\"n-trials\":47,\"n-success\":46,\"p-success\":0.9591836734693878,\"repful-for\":\"agree\",\"repness-test\":4.3557673},{\"tid\":6,\"p-test\":5.374011537017761,\"repness\":1.500426257459506,\"n-trials\":49,\"n-success\":43,\"p-success\":0.8627450980392157,\"repful-for\":\"agree\",\"repness-test\":3.1495273},{\"tid\":5,\"p-test\":2.428571428571428,\"repness\":26.4,\"n-trials\":48,\"n-success\":32,\"p-success\":0.66,\"repful-for\":\"disagree\",\"repness-test\":6.2000513},{\"tid\":3,\"p-test\":4.242640687119286,\"repness\":10.45751633986928,\"n-trials\":49,\"n-success\":39,\"p-success\":0.7843137254901961,\"repful-for\":\"disagree\",\"repness-test\":6.7730403}]},\"consensus\":{\"agree\":[{\"tid\":4,\"p-test\":5.822969752985674,\"n-trials\":85,\"n-success\":69,\"p-success\":0.8045977011494253},{\"tid\":6,\"p-test\":4.69041575982343,\"n-trials\":87,\"n-success\":65,\"p-success\":0.7415730337078652},{\"tid\":1,\"p-test\":3.2496829938379457,\"n-trials\":90,\"n-success\":60,\"p-success\":0.6630434782608696}],\"disagree\":[]},\"meta-tids\":[],\"votes-base\":{\"0\":{\"A\":[0,0,1,2,1,1,0,0,1,0,1,1,0,1,1,0,0,0,1,1,0,0,0,0,0,1,1,1,0,0,0,0,0,1,0,1,0,0,0,1,0,1,1,1,1,1,1,1,1,0,1,0,0,0,1,0,0,1,1,0,0,1,0,3,1,3,0,1,0,0,2,1,0,0],\"D\":[0,6,0,0,0,0,0,0,0,1,0,0,0,0,0,0,0,0,0,0,1,0,1,1,0,0,0,0,1,1,0,1,1,0,0,0,0,0,1,0,0,0,0,0,0,0,0,0,0,0,0,0,0,0,0,1,1,0,0,2,1,0,0,0,0,0,0,0,1,1,0,0,0,0],\"S\":[1,6,1,2,1,1,1,1,1,1,1,1,1,1,1,1,1,1,1,1,1,1,1,1,1,1,1,1,1,1,1,1,1,1,1,1,1,1,1,1,1,1,1,1,1,1,1,1,1,1,1,1,1,1,1,1,1,1,1,2,1,1,1,3,1,3,1,1,1,1,2,1,1,2]},\"1\":{\"A\":[0,6,1,0,0,0,1,0,1,1,0,1,1,0,1,1,1,1,1,0,0,0,0,1,0,1,0,0,1,1,0,1,0,0,1,1,0,1,1,0,0,0,1,1,1,1,1,0,0,1,0,1,1,1,1,1,1,1,0,2,1,0,0,3,1,3,1,0,1,1,2,1,1,2],\"D\":[0,0,0,2,0,1,0,1,0,0,1,0,0,0,0,0,0,0,0,1,1,1,0,0,1,0,1,0,0,0,0,0,0,0,0,0,1,0,0,1,1,0,0,0,0,0,0,0,1,0,0,0,0,0,0,0,0,0,0,0,0,1,1,0,0,0,0,1,0,0,0,0,0,0],\"S\":[1,6,1,2,1,1,1,1,1,1,1,1,1,0,1,1,1,1,1,1,1,1,1,1,1,1,1,1,1,1,1,1,1,1,1,1,1,1,1,1,1,1,1,1,1,1,1,1,1,1,1,1,1,1,1,1,1,1,1,2,1,1,1,3,1,3,1,1,1,1,2,1,1,2]},\"2\":{\"A\":[0,0,0,2,0,1,0,1,0,0,0,0,0,0,0,0,0,0,0,1,0,0,0,0,0,1,1,0,0,0,0,0,0,0,0,1,1,0,0,1,0,0,1,0,0,1,0,1,1,1,1,0,0,0,0,0,0,1,0,0,0,0,0,3,0,0,0,0,0,0,0,0,0,0],\"D\":[0,6,1,0,0,0,1,0,1,1,0,0,0,0,1,0,1,0,0,0,1,0,1,1,0,0,0,0,1,1,0,1,1,0,0,0,0,1,1,0,0,0,0,0,0,0,1,0,0,0,0,0,1,0,1,1,1,0,1,2,1,0,0,0,0,3,1,0,1,1,0,0,1,0],\"S\":[1,6,1,2,1,1,1,1,1,1,0,0,0,0,1,1,1,1,1,1,1,1,1,1,1,1,1,1,1,1,1,1,1,1,1,1,1,1,1,1,1,1,1,1,1,1,1,1,1,1,1,1,1,1,1,1,1,1,1,2,1,1,1,3,1,3,1,1,1,1,2,1,1,2]},\"3\":{\"A\":[0,0,0,2,0,1,0,1,0,0,1,0,0,1,0,0,0,0,0,1,1,1,1,0,1,0,1,1,0,0,0,1,1,1,0,0,1,0,0,1,0,0,0,1,0,1,0,0,1,0,0,0,0,0,1,1,0,1,1,0,0,1,1,0,0,0,0,0,0,0,0,0,0,0],\"D\":[0,6,1,0,0,0,1,0,0,1,0,1,1,0,0,0,1,0,0,0,0,0,0,1,0,0,0,0,1,1,0,0,0,0,1,1,0,1,1,0,0,0,1,0,0,0,1,0,0,0,0,0,1,1,0,0,1,0,0,2,1,0,0,3,0,3,1,1,0,1,2,1,0,2],\"S\":[1,6,1,2,1,1,1,1,1,1,1,1,1,1,1,1,1,1,1,1,1,1,1,1,1,1,1,1,1,1,1,1,1,1,1,1,1,1,1,1,1,1,1,1,1,1,1,1,1,1,1,1,1,1,1,1,1,1,1,2,1,1,1,3,1,3,1,1,1,1,2,1,1,2]},\"4\":{\"A\":[0,6,1,0,1,1,1,0,1,1,0,0,0,0,1,1,1,1,1,0,0,0,1,1,0,1,0,1,1,1,1,1,1,1,1,1,0,1,0,1,1,1,1,1,1,1,1,1,0,1,1,1,1,1,1,1,1,1,1,2,1,0,0,3,1,3,1,1,1,1,2,1,1,2],\"D\":[0,0,0,2,0,0,0,1,0,0,1,0,0,0,0,0,0,0,0,1,1,0,0,0,1,0,1,0,0,0,0,0,0,0,0,0,1,0,1,0,0,0,0,0,0,0,0,0,1,0,0,0,0,0,0,0,0,0,0,0,0,1,1,0,0,0,0,0,0,0,0,0,0,0],\"S\":[1,6,1,2,1,1,1,1,1,1,1,0,0,1,1,1,1,1,1,1,1,1,1,1,1,1,1,1,1,1,1,1,1,1,1,1,1,1,1,1,1,1,1,1,1,1,1,1,1,1,1,1,1,1,1,1,1,1,1,2,1,1,1,3,1,3,1,1,1,1,2,1,1,2]},\"5\":{\"A\":[0,0,0,2,1,1,0,1,0,0,1,0,0,1,1,1,0,0,1,1,1,1,1,0,1,1,1,1,1,0,1,1,1,1,0,1,1,0,0,1,1,1,1,1,0,1,1,1,1,0,1,0,0,1,1,1,0,0,0,0,0,1,1,0,0,0,0,1,0,1,0,0,0,0],\"D\":[0,6,1,0,0,0,1,0,1,0,0,0,1,0,0,0,0,0,0,0,0,0,0,1,0,0,0,0,0,0,0,0,0,0,0,0,0,1,1,0,0,0,0,0,0,0,0,0,0,0,0,1,1,0,0,0,1,0,0,2,1,0,0,3,1,3,1,0,0,0,2,1,0,2],\"S\":[1,6,1,2,1,1,1,1,1,1,1,0,1,1,1,1,1,1,1,1,1,1,1,1,1,1,1,1,1,1,1,1,1,1,1,1,1,1,1,1,1,1,1,1,1,1,1,1,1,1,1,1,1,1,1,1,1,1,1,2,1,1,1,3,1,3,1,1,1,1,2,1,1,2]},\"6\":{\"A\":[0,6,0,0,0,0,1,0,1,1,0,0,1,1,1,1,1,1,1,0,0,1,0,0,0,1,0,0,1,1,1,1,1,1,1,1,1,0,1,1,0,1,1,1,1,1,1,1,1,1,1,1,1,1,1,0,1,1,0,2,1,1,1,3,1,3,1,1,0,