{
  "user": {},
  "ptpt": null,
  "nextComment": {
    "txt": "原子力発電は最大限活用",
    "tid": 1,
    "created": "1728980432094",
    "tweet_id": null,
    "quote_src_url": null,
    "is_seed": true,
    "is_meta": false,
    "lang": null,
    "pid": 0,
    "randomN": 1.6515225166710708,
    "remaining": 8,
    "total": 8,
    "translations": []
  },
  "conversation": {
    "topic": "エネルギー政策",
    "description": "",
    "link_url": null,
    "parent_url": null,
    "upvotes": 1,
    "participant_count": 168,
    "is_anon": false,
    "is_active": true,
    "is_draft": true,
    "is_public": true,
    "is_data_open": false,
    "profanity_filter": true,
    "spam_filter": true,
    "strict_moderation": false,
    "prioritize_seed": false,
    "vis_type": 1,
    "write_type": 1,
    "help_type": 1,
    "write_hint_type": 1,
    "style_btn": null,
    "socialbtn_type": 0,
    "subscribe_type": 1,
    "branding_type": 1,
    "bgcolor": null,
    "help_bgcolor": null,
    "help_color": null,
    "email_domain": null,
    "use_xid_whitelist": false,
    "owner": 72,
    "org_id": 72,
    "context": null,
    "course_id": null,
    "owner_sees_participation_stats": false,
    "auth_needed_to_vote": false,
    "auth_needed_to_write": true,
    "auth_opt_fb": true,
    "auth_opt_tw": true,
    "auth_opt_allow_3rdparty": true,
    "modified": "1729350284285",
    "created": "1728980428991",
    "site_id": "polis_site_id_wlE61IMj5fRdvFgrn7",
    "auth_opt_fb_computed": true,
    "auth_opt_tw_computed": true,
    "translations": [],
    "ownername": "admin",
    "is_mod": false,
    "is_owner": false,
    "conversation_id": "3dzkftnmrm"
  },
  "votes": [],
  "pca": "{\"n\":168,\"pca\":{\"comps\":[[0.2357368971311233,-0.4570304664391686,0.37281437584706345,0.47486376122707225,-0.36308326336105845,0.46119887399602905,-0.13692252472186617,-0.08822404563438363],[0.6782391916055627,0.19380933847355059,0.4994241753370828,-0.14183829243444981,0.2806879570896711,-0.06619551911649113,0.21353020271485038,0.32268282833319784]],\"center\":[-0.2687499999999998,-0.37106918238993714,0.14649681528662423,0.14999999999999994,-0.5649350649350652,-0.12422360248447206,-0.6942675159235671,-0.34838709677419366],\"comment-extremity\":[1.4851113732362973,0.883084996239408,2.020997980886017,1.6120151584809435,0.5647339744231901,1.1541290871346153,0.21934966689462,0.6165447933405458],\"comment-projection\":[[-0.48757163872158177,0.8130046340326715,-1.2089560048752097,-1.5445851742356969,0.44679191488525566,-1.1424217647260895,0.11840266483935495,0.16260041068671463],[-1.4027935300785188,-0.3447645219922678,-1.6195240711460661,0.4613561646966722,-0.3454004149693204,0.1639709158671374,-0.18464854541999545,-0.5947172341876835]]},\"tids\":[0,1,2,3,4,5,6,7],\"mod-in\":[0,7,1,4,6,3,2,5],\"n-cmts\":8,\"in-conv\":[0,121,65,70,62,74,164,110,130,128,153,7,86,154,20,72,58,60,27,1,69,101,24,102,135,55,165,85,39,88,46,149,157,4,106,119,95,144,54,92,141,137,104,15,48,50,116,75,159,31,113,32,136,40,129,91,117,108,156,33,13,22,90,109,143,167,36,41,118,162,89,100,131,122,43,61,29,151,44,93,6,111,28,134,64,155,103,51,25,166,34,146,125,148,17,3,12,152,2,66,142,107,23,47,158,35,127,82,76,97,19,57,11,115,9,5,112,83,138,14,45,53,132,26,123,140,16,133,163,81,120,79,38,126,98,124,87,160,30,73,96,10,18,105,52,114,147,67,161,71,42,80,63,94,8,49],\"mod-out\":[],\"repness\":{\"0\":[{\"tid\":3,\"p-test\":4.66156183378047,\"n-agree\":49,\"repness\":25,\"n-trials\":62,\"n-success\":49,\"p-success\":0.78125,\"best-agree\":true,\"repful-for\":\"agree\",\"repness-test\":9.933995},{\"tid\":5,\"p-test\":6.929348671835833,\"repness\":5.151654411764706,\"n-trials\":62,\"n-success\":58,\"p-success\":0.921875,\"repful-for\":\"agree\",\"repness-test\":9.286656},{\"tid\":2,\"p-test\":1.9205531989934381,\"repness\":6.401433691756272,\"n-trials\":60,\"n-success\":37,\"p-success\":0.6129032258064516,\"repful-for\":\"agree\",\"repness-test\":6.935176},{\"tid\":0,\"p-test\":3.4016802570830453,\"repness\":2.17741935483871,\"n-trials\":62,\"n-success\":44,\"p-success\":0.703125,\"repful-for\":\"agree\",\"repness-test\":4.779087},{\"tid\":1,\"p-test\":2.032002032003048,\"repness\":59.42857142857143,\"n-trials\":61,\"n-success\":38,\"p-success\":0.619047619047619,\"repful-for\":\"disagree\",\"repness-test\":8.694176}],\"1\":[{\"tid\":1,\"p-test\":8.72081599272381,\"n-agree\":89,\"repness\":7.3828125,\"n-trials\":94,\"n-success\":89,\"p-success\":0.9375,\"best-agree\":true,\"repful-for\":\"agree\",\"repness-test\":10.349043},{\"tid\":4,\"p-test\":9.228870083100785,\"repness\":2.212765957446809,\"n-trials\":92,\"n-success\":90,\"p-success\":0.9680851063829787,\"repful-for\":\"agree\",\"repness-test\":7.6945243},{\"tid\":3,\"p-test\":5.232489595634284,\"repness\":16.22222222222222,\"n-trials\":94,\"n-success\":72,\"p-success\":0.7604166666666667,\"repful-for\":\"disagree\",\"repness-test\":8.878976},{\"tid\":5,\"p-test\":1.4439897447623118,\"repness\":36.37894736842105,\"n-trials\":93,\"n-success\":53,\"p-success\":0.5684210526315789,\"repful-for\":\"disagree\",\"repness-test\":7.191172},{\"tid\":2,\"p-test\":2.592379236826063,\"repness\":4.32387706855792,\"n-trials\":92,\"n-success\":58,\"p-success\":0.6276595744680851,\"repful-for\":\"disagree\",\"repness-test\":5.950781}]},\"consensus\":{\"agree\":[{\"tid\":6,\"p-test\":6.682681187076132,\"n-trials\":157,\"n-success\":120,\"p-success\":0.7610062893081762},{\"tid\":4,\"p-test\":6.506076564110242,\"n-trials\":154,\"n-success\":117,\"p-success\":0.7564102564102564},{\"tid\":1,\"p-test\":3.004163777159961,\"n-trials\":159,\"n-success\":98,\"p-success\":0.6149068322981366},{\"tid\":7,\"p-test\":1.7614096918559579,\"n-trials\":155,\"n-success\":88,\"p-success\":0.5668789808917197}],\"disagree\":[]},\"meta-tids\":[],\"votes-base\":{\"0\":{\"A\":[0,1,1,1,0,0,1,0,1,1,0,0,1,0,0,0,0,1,1,0,0,0,0,0,1,1,1,0,0,0,1,1,1,2,1,1,1,0,0,2,0,1,1,0,0,0,0,0,0,2,0,1,0,0,1,1,0,1,0,0,1,1,2,3,0,1,0,0,0,1,0,1,1,0,1,0,0,2,0,0,0,1,3,1,1,0,0,3,0,6,0,3,2,1,2,1,0,5,0,1],\"D\":[0,0,0,0,0,1,0,0,0,0,0,0,0,1,0,1,2,0,0,1,1,0,1,1,0,0,0,0,1,0,0,0,0,0,0,0,0,0,0,0,1,0,0,0,0,0,0,1,0,0,0,0,2,2,0,0,1,0,0,10,0,0,0,0,1,0,0,1,0,0,0,0,0,0,0,1,1,0,0,2,0,0,0,0,0,0,1,0,0,0,0,0,0,0,0,0,1,0,0,0],\"S\":[1,2,1,1,1,1,2,1,1,1,2,2,1,1,1,1,2,1,1,1,1,1,1,1,1,1,1,1,1,1,1,1,1,2,1,1,1,1,5,2,1,1,1,1,1,1,1,1,1,2,1,1,2,2,2,2,1,1,2,10,1,1,2,3,1,1,3,1,1,1,1,2,1,1,1,1,1,2,4,2,2,1,3,1,1,1,1,3,1,6,1,3,2,1,2,1,1,5,2,1]},\"1\":{\"A\":[0,2,0,0,1,1,2,1,0,1,2,2,1,0,0,0,1,1,0,1,1,0,1,0,0,1,1,1,1,0,0,1,1,2,0,1,0,1,5,2,1,1,0,0,0,1,1,1,1,0,0,0,2,2,0,0,1,0,0,10,1,0,0,0,0,0,3,1,1,0,0,2,0,0,1,1,1,0,4,2,1,1,3,1,0,0,1,0,1,0,0,3,2,1,2,0,0,5,2,0],\"D\":[0,0,0,1,0,0,0,0,0,0,0,0,0,1,1,0,0,0,0,0,0,0,0,0,0,0,0,0,0,1,0,0,0,0,0,0,0,0,0,0,0,0,0,1,1,0,0,0,0,1,0,1,0,0,2,0,0,1,2,0,0,1,1,3,1,0,0,0,0,1,1,0,0,0,0,0,0,2,0,0,0,0,0,0,1,1,0,3,0,6,1,0,0,0,0,1,1,0,0,1],\"S\":[1,2,1,1,1,1,2,1,0,1,2,2,1,1,1,1,2,1,1,1,1,1,1,1,1,1,1,1,1,1,1,1,1,2,1,1,1,1,5,2,1,1,1,1,1,1,1,1,1,2,1,1,2,2,2,2,1,1,2,10,1,1,2,3,1,1,3,1,1,1,1,2,1,1,1,1,1,2,4,2,2,1,3,1,1,1,1,3,1,6,1,3,2,1,2,1,1,5,2,1]},\"2\":{\"A\":[0,0,0,1,0,0,1,0,0,0,0,0,0,0,0,0,0,1,0,0,0,0,0,0,0,0,1,0,0,0,0,1,0,2,1,0,1,0,0,0,0,1,0,1,0,0,1,0,0,2,0,1,0,0,1,0,0,0,0,0,0,1,2,3,0,1,0,0,1,1,1,0,1,1,0,0,0,2,0,0,0,0,3,0,0,0,0,3,0,6,1,0,0,0,0,1,0,0,0,1],\"D\":[0,2,0,0,1,1,1,0,0,1,0,2,0,1,0,1,2,0,0,1,1,0,1,1,0,1,0,1,1,0,0,0,0,0,0,0,0,0,5,2,1,0,1,0,0,1,0,1,1,0,1,0,2,2,0,2,1,0,0,10,1,0,0,0,1,0,0,1,0,0,0,1,0,0,0,0,1,0,0,2,0,1,0,1,0,0,1,0,1,0,0,0,0,0,0,0,1,5,0,0],\"S\":[1,2,1,1,1,1,2,0,0,1,2,2,1,1,1,1,2,1,1,1,1,1,1,1,1,1,1,1,1,1,1,1,1,2,1,0,1,1,5,2,1,1,1,1,1,1,1,1,1,2,1,1,2,2,1,2,1,1,2,10,1,1,2,3,1,1,3,1,1,1,1,2,1,1,1,1,1,2,4,2,2,1,3,1,1,1,1,3,1,6,1,3,2,1,2,1,1,5,2,1]},\"3\":{\"A\":[0,0,0,1,0,0,0,0,1,0,0,0,0,1,1,1,0,0,1,0,0,0,1,1,1,0,0,0,0,0,0,0,1,2,0,0,0,0,0,2,1,1,1,1,1,0,0,0,0,2,0,0,0,0,2,0,0,0,2,0,0,0,2,3,1,0,0,0,0,1,1,0,1,0,0,0,0,2,0,0,0,0,0,0,1,1,0,3,0,6,1,0,0,0,0,1,1,0,0,1],\"D\":[0,1,0,0,1,1,1,1,0,0,0,2,0,0,0,0,2,0,0,1,1,0,0,0,0,1,1,1,1,0,0,1,0,0,0,1,0,0,5,0,0,0,0,