{
  "user": {},
  "ptpt": null,
  "nextComment": {
    "txt": "2050年までのカーボンニュートラルの実現",
    "tid": 0,
    "created": "1728980431480",
    "tweet_id": null,
    "quote_src_url": null,
    "is_seed": true,
    "is_meta": false,
    "lang": null,
    "pid": 0,
    "randomN": 0.5947994651672164,
    "remaining": 8,
    "total": 8,
    "translations": []
  },
  "conversation": {
    "topic": "エネルギー政策",
    "description": "",
    "link_url": null,
    "parent_url": null,
    "upvotes": 1,
    "participant_count": 181,
    "is_anon": false,
    "is_active": true,
    "is_draft": true,
    "is_public": true,
    "is_data_open": false,
    "profanity_filter": true,
    "spam_filter": true,
    "strict_moderation": false,
    "prioritize_seed": false,
    "vis_type": 1,
    "write_type": 1,
    "help_type": 1,
    "write_hint_type": 1,
    "style_btn": null,
    "socialbtn_type": 0,
    "subscribe_type": 1,
    "branding_type": 1,
    "bgcolor": null,
    "help_bgcolor": null,
    "help_color": null,
    "email_domain": null,
    "use_xid_whitelist": false,
    "owner": 72,
    "org_id": 72,
    "context": null,
    "course_id": null,
    "owner_sees_participation_stats": false,
    "auth_needed_to_vote": false,
    "auth_needed_to_write": true,
    "auth_opt_fb": true,
    "auth_opt_tw": true,
    "auth_opt_allow_3rdparty": true,
    "modified": "1729359798903",
    "created": "1728980428991",
    "site_id": "polis_site_id_wlE61IMj5fRdvFgrn7",
    "auth_opt_fb_computed": true,
    "auth_opt_tw_computed": true,
    "translations": [],
    "ownername": "admin",
    "is_mod": false,
    "is_owner": false,
    "conversation_id": "3dzkftnmrm"
  },
  "votes": [],
  "pca": "{\"n\":181,\"pca\":{\"comps\":[[0.23878332675976296,-0.4544498845316314,0.37675429007228983,0.46451171198163405,-0.368004044274696,0.4594286847688628,-0.15032470833991352,-0.09820228473046773],[0.6972764625295027,0.18197394154768437,0.5010550299672535,-0.16070442949920855,0.3030734487136754,-0.06689165693694614,0.20115984109749013,0.25887385331557394]],\"center\":[-0.2427745664739885,-0.36842105263157887,0.1479289940828402,0.14450867052023122,-0.550898203592814,-0.13218390804597702,-0.6941176470588232,-0.36904761904761907],\"comment-extremity\":[1.5785372713745278,0.8744834222213098,2.0354304151077147,1.5911454783144277,0.6055790831089105,1.1395828648089297,0.2172631336485816,0.4941106030819171],\"comment-projection\":[[-0.5114158510007079,0.8118179243665519,-1.2232584518376448,-1.503698440083043,0.46745776385157883,-1.1276927795223821,0.13005581820344075,0.1752520751156701],[-1.4933967136912287,-0.325073704591862,-1.626842258718814,0.5202258494656636,-0.3849795642808983,0.164189222481902,-0.1740366438260489,-0.4619870109057476]]},\"tids\":[0,1,2,3,4,5,6,7],\"mod-in\":[0,7,1,4,6,3,2,5],\"n-cmts\":8,\"in-conv\":[0,121,65,70,62,74,164,110,130,128,153,7,86,154,20,72,58,60,175,27,1,69,101,24,102,135,55,165,85,39,88,46,149,157,4,106,119,95,144,176,54,92,141,137,104,15,48,50,116,75,159,31,113,32,136,174,40,129,91,117,172,108,156,33,13,22,168,90,109,143,178,167,36,41,118,162,89,100,131,122,43,61,29,151,44,93,6,111,28,134,64,155,103,170,51,25,166,34,146,125,148,17,3,12,152,2,66,142,107,23,47,180,158,35,127,82,76,97,19,57,11,115,9,5,112,179,83,138,14,45,53,132,26,123,140,16,133,163,81,120,79,38,173,126,98,124,87,169,160,30,73,96,10,18,105,52,114,147,67,161,71,42,80,63,94,8,177,49],\"mod-out\":[],\"repness\":{\"0\":[{\"tid\":3,\"p-test\":3.8623578574723085,\"n-agree\":52,\"repness\":23.3963963963964,\"n-trials\":72,\"n-success\":52,\"p-success\":0.7162162162162162,\"best-agree\":true,\"repful-for\":\"agree\",\"repness-test\":9.544921},{\"tid\":5,\"p-test\":7.607674567748486,\"repness\":6.46042471042471,\"n-trials\":72,\"n-success\":68,\"p-success\":0.9324324324324323,\"repful-for\":\"agree\",\"repness-test\":10.296773},{\"tid\":2,\"p-test\":2.01752881892955,\"repness\":8.380952380952381,\"n-trials\":70,\"n-success\":43,\"p-success\":0.611111111111111,\"repful-for\":\"agree\",\"repness-test\":7.5445056},{\"tid\":0,\"p-test\":2.926028679903264,\"repness\":2.237651444547996,\"n-trials\":72,\"n-success\":48,\"p-success\":0.6621621621621622,\"repful-for\":\"agree\",\"repness-test\":4.821491},{\"tid\":1,\"p-test\":1.4142135623730936,\"repness\":56.38356164383562,\"n-trials\":71,\"n-success\":41,\"p-success\":0.5753424657534247,\"repful-for\":\"disagree\",\"repness-test\":8.457633}],\"1\":[{\"tid\":1,\"p-test\":8.833511636662486,\"n-agree\":91,\"repness\":5.271585557299843,\"n-trials\":96,\"n-success\":91,\"p-success\":0.9387755102040816,\"best-agree\":true,\"repful-for\":\"agree\",\"repness-test\":10.176874},{\"tid\":4,\"p-test\":9.336403003974901,\"repness\":2.172348484848485,\"n-trials\":94,\"n-success\":92,\"p-success\":0.96875,\"repful-for\":\"agree\",\"repness-test\":7.8178988},{\"tid\":3,\"p-test\":5.381334675208181,\"repness\":14.15816326530612,\"n-trials\":96,\"n-success\":74,\"p-success\":0.7653061224489796,\"repful-for\":\"disagree\",\"repness-test\":9.296183},{\"tid\":5,\"p-test\":1.8371173070873834,\"repness\":43.48453608247423,\"n-trials\":95,\"n-success\":56,\"p-success\":0.5876288659793814,\"repful-for\":\"disagree\",\"repness-test\":7.8674026},{\"tid\":2,\"p-test\":3.385728561881008,\"repness\":4.8,\"n-trials\":94,\"n-success\":63,\"p-success\":0.6666666666666667,\"repful-for\":\"disagree\",\"repness-test\":6.833314}]},\"consensus\":{\"agree\":[{\"tid\":6,\"p-test\":6.958943927407041,\"n-trials\":170,\"n-success\":130,\"p-success\":0.7616279069767442},{\"tid\":4,\"p-test\":6.48074069840786,\"n-trials\":167,\"n-success\":125,\"p-success\":0.7455621301775148},{\"tid\":1,\"p-test\":3.0499714066520927,\"n-trials\":171,\"n-success\":105,\"p-success\":0.6127167630057803},{\"tid\":7,\"p-test\":2.0769230769230758,\"n-trials\":168,\"n-success\":97,\"p-success\":0.5764705882352941}],\"disagree\":[]},\"meta-tids\":[],\"votes-base\":{\"0\":{\"A\":[0,1,1,1,0,0,0,1,1,0,0,1,0,0,0,0,1,1,0,0,0,0,0,1,1,1,0,0,1,1,1,2,1,1,1,0,2,0,1,1,0,0,0,0,0,0,0,1,0,0,1,1,0,1,0,1,1,3,0,1,0,0,0,1,0,1,0,2,0,0,0,1,1,0,0,0,4,0,0,5,1,1,0,0,0,0,3,5,0,4,1,3,3,0,4,2,1],\"D\":[0,0,0,0,2,1,0,0,0,0,0,0,1,0,1,2,0,0,1,1,0,1,2,0,0,0,1,0,0,0,0,0,0,0,0,0,0,1,0,0,0,0,0,0,1,0,0,0,2,10,0,0,1,0,0,0,0,0,1,0,0,0,0,0,0,0,1,0,0,2,0,0,0,0,1,0,0,0,1,0,0,0,0,3,1,1,0,0,0,0,0,0,0,0,0,0,0],\"S\":[1,1,1,1,2,1,1,1,1,2,3,1,1,1,1,2,1,1,1,1,2,1,2,1,2,1,1,1,1,1,1,2,1,1,1,3,2,1,1,1,1,1,8,2,1,1,1,1,2,10,2,2,1,1,2,1,1,3,1,2,1,1,1,1,1,1,1,2,4,2,2,1,2,1,1,1,4,1,1,5,3,1,1,3,1,1,3,5,1,4,1,3,3,1,4,2,1]},\"1\":{\"A\":[0,1,0,0,2,1,1,0,1,2,3,1,0,0,0,1,1,0,1,1,0,1,1,0,2,1,1,0,0,1,1,2,0,1,0,3,2,1,1,0,0,0,8,2,1,1,0,0,2,10,0,0,1,0,0,1,0,0,0,0,1,0,1,0,0,1,1,0,4,2,1,1,2,0,1,1,0,0,0,5,3,1,1,3,1,1,0,5,0,0,0,0,3,1,0,2,1],\"D\":[0,0,0,1,0,0,0,0,0,0,0,0,1,1,0,0,0,0,0,0,0,0,0,0,0,0,0,1,0,0,0,0,0,0,0,0,0,0,0,0,1,1,0,0,0,0,0,1,0,0,2,0,0,1,2,0,1,2,1,0,0,1,0,0,0,0,0,2,0,0,0,0,0,1,0,0,4,1,1,0,0,0,0,0,0,0,3,0,1,4,1,2,0,0,4,0,0],\"S\":[1,1,1,1,2,1,1,0,1,2,3,1,1,1,1,2,1,1,1,1,2,1,2,1,2,1,1,1,1,1,1,2,1,1,1,3,2,1,1,1,1,1,8,2,1,1,1,1,2,10,2,2,1,1,2,1,1,3,1,2,1,1,1,1,1,1,1,2,4,2,2,1,2,1,1,1,4,1,1,5,3,1,1,3,1,1,3,5,1,4,1,3,3,1,4,2,1]},\"2\":{\"A\":[0,0,0,0,0,0,0,0,0,0,0,0,0,0,0,0,1,0,0,0,0,0,0,0,0,1,0,0,0,1,0,2,1,0,1,0,0,0,1,0,1,0,0,2,0,0,0,1,0,0,1,0,0,0,0,0,1,3,0,2,1,1,0,1,1,0,0,2,0,0,0,0,0,0,0,0,4,1,0,0,0,0,1,0,0,0,3,0,0,4,1,3,3,0,4,0,0],\"D\":[0,1,0,0,2,1,0,0,1,0,3,0,1,0,1,2,0,0,1,1,0,1,2,0,1,0,1,0,0,0,0,0,0,0,0,0,2,1,0,1,0,0,8,0,1,1,1,0,2,10,0,2,1,0,0,1,0,0,1,0,0,0,0,0,0,0,0,0,0,2,0,1,2,0,1,1,0,0,1,5,1,1,0,3,1,1,0,0,0,0,0,0,0,1,0,0,0],\"S\":[1,1,1,1,2,1,0,0,1,2,3,1,1,1,1,2,1,1,1,1,2,1,2,1,2,1,1,1,1,1,1,2,1,0,1,3,2,1,1,1,1,1,8,2,1,1,1,1,2,10,1,2,1,1,2,1,1,3,1,2,1,1,1,1,1,1,1,2,4,2,2,1,2,1,1,1,4,1,1,5,3,1,1,3,1,1,3,5,1,4,1,3,3,1,4,2,1]},\"3\":{\"A\":[0,0,0,1,0,0,0,1,0,0,0,0,1,1,1,0,0,1,0,0,0,1,2,1,0,0,0,0,0,0,1,2,0,0,0,0,2,1,1,1,1,1,0,0,0,0,0,0,0,0,2,0,0,0,2,0,0,3,1,0,0,1,0,1,0,0,0,2,0,0,0,0,0,1,0,0,4,1,1,0,0,0,0,0,0,0,3,0,0,4,1,3,0,0,4,0,0],\"D\":[0,1,0,0,2,1,1,0,0,0,2,0,0,0,0,1,0,0,1,1,0,0,0,0,1,