{
  "user": {},
  "ptpt": null,
  "nextComment": {
    "txt": "2050年までのカーボンニュートラルの実現",
    "tid": 0,
    "created": "1728980431480",
    "tweet_id": null,
    "quote_src_url": null,
    "is_seed": true,
    "is_meta": false,
    "lang": null,
    "pid": 0,
    "randomN": 0.42815376331357036,
    "remaining": 8,
    "total": 8,
    "translations": []
  },
  "conversation": {
    "topic": "エネルギー政策",
    "description": "",
    "link_url": null,
    "parent_url": null,
    "upvotes": 1,
    "participant_count": 43,
    "is_anon": false,
    "is_active": true,
    "is_draft": true,
    "is_public": true,
    "is_data_open": false,
    "profanity_filter": true,
    "spam_filter": true,
    "strict_moderation": false,
    "prioritize_seed": false,
    "vis_type": 1,
    "write_type": 1,
    "help_type": 1,
    "write_hint_type": 1,
    "style_btn": null,
    "socialbtn_type": 0,
    "subscribe_type": 1,
    "branding_type": 1,
    "bgcolor": null,
    "help_bgcolor": null,
    "help_color": null,
    "email_domain": null,
    "use_xid_whitelist": false,
    "owner": 72,
    "org_id": 72,
    "context": null,
    "course_id": null,
    "owner_sees_participation_stats": false,
    "auth_needed_to_vote": false,
    "auth_needed_to_write": true,
    "auth_opt_fb": true,
    "auth_opt_tw": true,
    "auth_opt_allow_3rdparty": true,
    "modified": "1729278386374",
    "created": "1728980428991",
    "site_id": "polis_site_id_wlE61IMj5fRdvFgrn7",
    "auth_opt_fb_computed": true,
    "auth_opt_tw_computed": true,
    "translations": [],
    "ownername": "admin",
    "is_mod": false,
    "is_owner": false,
    "conversation_id": "3dzkftnmrm"
  },
  "votes": [],
  "pca": "{\"n\":43,\"pca\":{\"comps\":[[0.25904350668336884,-0.4619788188358231,0.30640822952058216,0.4728189337896368,-0.3753079574827502,0.41801019561233344,-0.2409110356437748,-0.16852765839363879],[0.6546521371522115,0.2376820435860141,0.2838971703348123,-0.14834411672291983,0.2153627116235554,-0.1598254284487231,0.10653523228365488,-0.5736368401122793]],\"center\":[-0.16666666666666666,-0.2926829268292683,0.24324324324324326,0.023809523809523808,-0.5128205128205128,-0.2926829268292683,-0.4878048780487805,-0.05263157894736839],\"comment-extremity\":[1.6594392611039406,1.0393801081586156,1.468853274311079,1.4349813660234092,0.596252222126455,0.8953118621204103,0.38161219929439666,1.602057526757918],\"comment-projection\":[[-0.6105714006605096,0.9242324206182926,-1.0774609186645314,-1.3691751806961858,0.5171562290889414,-0.8362690218297842,0.3490094015896714,0.4515804002562896],[-1.5430298849953152,-0.475505459394387,-0.9983025143737552,0.42957053600075523,-0.2967594094636964,0.3197459203514133,-0.15433829159455453,1.5370957878889873]]},\"tids\":[0,1,2,3,4,5,6,7],\"mod-in\":[0,7,1,4,6,3,2,5],\"n-cmts\":8,\"in-conv\":[0,7,20,27,1,24,39,4,15,31,32,40,33,13,22,36,41,29,6,28,25,34,17,3,12,2,23,35,19,11,9,5,14,26,16,38,30,10,18,42,8],\"mod-out\":[],\"repness\":{\"0\":[{\"tid\":3,\"p-test\":2.9824045403173027,\"n-agree\":15,\"repness\":10,\"n-trials\":18,\"n-success\":15,\"p-success\":0.8,\"best-agree\":true,\"repful-for\":\"agree\",\"repness-test\":5.0086613},{\"tid\":5,\"p-test\":3.900067475799551,\"repness\":3.085714285714286,\"n-trials\":18,\"n-success\":17,\"p-success\":0.9,\"repful-for\":\"agree\",\"repness-test\":4.225672}],\"1\":[{\"tid\":1,\"p-test\":4.490731195102492,\"n-agree\":22,\"repness\":8.74,\"n-trials\":23,\"n-success\":22,\"p-success\":0.92,\"best-agree\":true,\"repful-for\":\"agree\",\"repness-test\":5.53566},{\"tid\":4,\"p-test\":4.69041575982343,\"repness\":2.391304347826087,\"n-trials\":21,\"n-success\":21,\"p-success\":0.9565217391304348,\"repful-for\":\"agree\",\"repness-test\":4.1721716},{\"tid\":6,\"p-test\":3.674234614174767,\"repness\":2.8,\"n-trials\":23,\"n-success\":20,\"p-success\":0.84,\"repful-for\":\"agree\",\"repness-test\":3.7674727},{\"tid\":3,\"p-test\":2.0412414523193143,\"repness\":13.6,\"n-trials\":23,\"n-success\":16,\"p-success\":0.68,\"repful-for\":\"disagree\",\"repness-test\":4.328294},{\"tid\":2,\"p-test\":1.705605730844883,\"repness\":2.934782608695652,\"n-trials\":21,\"n-success\":14,\"p-success\":0.6521739130434783,\"repful-for\":\"disagree\",\"repness-test\":2.7664394}]},\"consensus\":{\"agree\":[{\"tid\":4,\"p-test\":2.846049894151541,\"n-trials\":39,\"n-success\":28,\"p-success\":0.7073170731707317},{\"tid\":6,\"p-test\":1.543033499620918,\"n-trials\":41,\"n-success\":25,\"p-success\":0.6046511627906977}],\"disagree\":[]},\"meta-tids\":[],\"votes-base\":{\"0\":{\"A\":[0,0,1,2,1,1,0,0,1,0,1,1,0,1,1,0,0,0,0,1,1,1,0,0,0,1,0,0,1,1,1,0,0,0,0,0,0,0,1],\"D\":[0,1,0,0,0,0,0,0,0,1,0,0,0,0,0,0,2,0,0,0,0,0,1,0,1,0,1,0,0,0,0,1,1,0,1,1,1,0,0],\"S\":[1,1,1,2,1,1,1,1,1,1,1,1,1,1,1,1,2,1,1,1,1,1,1,1,1,1,1,1,1,1,1,1,1,1,1,1,1,1,1]},\"1\":{\"A\":[0,1,1,0,0,0,1,0,1,1,0,1,1,0,1,1,2,1,1,1,1,0,0,0,0,1,1,0,1,0,0,1,1,0,1,1,0,1,0],\"D\":[0,0,0,2,0,1,0,1,0,0,1,0,0,0,0,0,0,0,0,0,0,1,1,1,0,0,0,1,0,1,0,0,0,0,0,0,0,0,0],\"S\":[1,1,1,2,1,1,1,1,1,1,1,1,1,0,1,1,2,1,1,1,1,1,1,1,1,1,1,1,1,1,1,1,1,1,1,1,1,1,1]},\"2\":{\"A\":[0,0,0,2,0,1,0,1,0,0,0,0,0,0,0,0,0,0,0,0,0,1,0,0,0,1,0,0,1,1,0,0,0,0,0,0,0,0,0],\"D\":[0,1,1,0,0,0,1,0,1,1,0,0,0,0,1,0,2,1,0,0,0,0,1,0,1,0,1,0,0,0,0,1,1,0,1,1,1,0,0],\"S\":[1,1,1,2,1,1,1,1,1,1,0,0,0,0,1,1,2,1,1,1,1,1,1,1,1,1,1,1,1,1,1,1,1,1,1,1,1,1,1]},\"3\":{\"A\":[0,0,0,2,0,1,0,1,0,0,1,0,0,1,0,0,0,0,0,0,0,1,1,1,1,0,0,1,0,1,1,0,0,0,0,1,1,0,1],\"D\":[0,1,1,0,0,0,1,0,0,1,0,1,1,0,0,0,2,1,0,0,1,0,0,0,0,1,1,0,0,0,0,1,1,0,1,0,0,1,0],\"S\":[1,1,1,2,1,1,1,1,1,1,1,1,1,1,1,1,2,1,1,1,1,1,1,1,1,1,1,1,1,1,1,1,1,1,1,1,1,1,1]},\"4\":{\"A\":[0,1,1,0,1,1,1,0,1,1,0,0,0,0,1,1,2,1,1,1,1,0,0,0,1,1,1,0,1,0,1,1,1,1,1,1,1,1,1],\"D\":[0,0,0,2,0,0,0,1,0,0,1,0,0,0,0,0,0,0,0,0,0,1,1,0,0,0,0,1,0,1,0,0,0,0,0,0,0,0,0],\"S\":[1,1,1,2,1,1,1,1,1,1,1,0,0,1,1,1,2,1,1,1,1,1,1,1,1,1,1,1,1,1,1,1,1,1,1,1,1,1,1]},\"5\":{\"A\":[0,0,0,2,1,1,0,1,0,0,1,0,0,1,1,1,0,0,0,1,0,1,1,1,1,0,0,1,1,1,1,1,0,1,0,1,1,0,1],\"D\":[0,1,1,0,0,0,1,0,1,0,0,0,1,0,0,0,2,0,0,0,1,0,0,0,0,1,1,0,0,0,0,0,0,0,1,0,0,1,0],\"S\":[1,1,1,2,1,1,1,1,1,1,1,0,1,1,1,1,2,1,1,1,1,1,1,1,1,1,1,1,1,1,1,1,1,1,1,1,1,1,1]},\"6\":{\"A\":[0,1,0,0,0,0,1,0,1,1,0,0,1,1,1,1,2,1,1,1,1,0,0,1,0,1,0,0,1,0,0,1,1,1,1,1,1,1,1],\"D\":[0,0,0,0,0,0,0,0,0,0,0,1,0,0,0,0,0,0,0,0,0,0,1,0,0,0,1,1,0,1,0,0,0,0,0,0,0,0,0],\"S\":[1,1,1,2,1,1,1,1,1,1,1,1,1,1,1,1,2,1,1,1,1,1,1,1,1,1,1,1,1,1,1,1,1,1,1,1,1,1,1]},\"7\":{\"A\":[0,0,0,0,0,0,0,0,0,0,1,0,0,0,0,1,2,1,1,0,1,0,1,1,1,1,0,0,0,1,0,1,1,1,0,0,0,1,0],\"D\":[0,0,1,2,1,1,1,1,1,0,0,1,0,0,0,0,0,0,0,0,0,0,0,0,0,0,0,1,1,0,0,0,0,0,0,1,1,0,1],\"S\":[1,1,1,2,1,1,1,1,1,1,1,1,0,0,1,1,2,1,1,1,1,1,1,1,1,1,1,1,1,1,1,1,1,1,0,1,1,1,1]}},\"group-votes\":{\"0\":{\"votes\":{\"0\":{\"A\":11,\"D\":3,\"S\":18},\"1\":{\"A\":1,\"D\":10,\"S\":17},\"2\":{\"A\":7,\"D\":3,\"S\":16},\"3\":{\"A\":15,\"D\":0,\"S\":18},\"4\":{\"A\":7,\"D\":8,\"S\":18},\"5\":{\"A\":17,\"D\":0,\"S\":18},\"6\":{\"A\":5,\"D\":3,\"S\":18},\"7\":{\"A\":5,\"D\":9,\"S\":17}},\"n-members\":18,\"id\":0},\"1\":{\"votes\":{\"0\":{\"A\":7,\"D\":9,\"S\":23},\"1\":{\"A\":22,\"D\":0,\"S\":23},\"2\":{\"A\":1,\"D\":14,\"S\":21},\"3\":{\"A\":1,\"D\":16,\"S\":23},\"4\":{\"A\":21,\"D\":0,\"S\":21},\"5\":{\"A\":6,\"D\":12,\"S\":22},\"6\":{\"A\":20,\"D\":2,\"S\":23},\"7\":{\"A\":11,\"D\":5,\"S\":21}},\"n-members\":23,\"id\":1}},\"base-clusters\":{\"x\":[-0.3743373470621073,2.1601413305061614,1.2326156231020107,-2.8364326473802404,-0.8446107502686983,-2.0858167324147403,1.7325701654291543,-2.577389140696872,1.0007077249561487,1.7421311348938286,-2.2647048092170645,0.04633509389084631,1.8913568319922092,-1.3467306047431873,0.3332149921251206,0.454377927681546,2.3286689888998002,1.6516152866040985,0.8723881232938795,0.02680676260453843,1.5041737460124809,-2.667904988986602,-1.6093848938288355,-1.317706601262487,-0.15587912438373747,1.1977655164918988,1.6783192592186122,-2.5118919468200644,-0.4481291253096825,-2.740288366236738,-1.1489020256646962,1.492648597675134,1.9106587932874675,-0.007600891154276951,