{
  "user": {},
  "ptpt": null,
  "nextComment": {
    "txt": "原子力発電は最大限活用",
    "tid": 1,
    "created": "1728980432094",
    "tweet_id": null,
    "quote_src_url": null,
    "is_seed": true,
    "is_meta": false,
    "lang": null,
    "pid": 0,
    "randomN": 1.1006021146005975,
    "remaining": 8,
    "total": 8,
    "translations": []
  },
  "conversation": {
    "topic": "エネルギー政策",
    "description": "",
    "link_url": null,
    "parent_url": null,
    "upvotes": 1,
    "participant_count": 182,
    "is_anon": false,
    "is_active": true,
    "is_draft": true,
    "is_public": true,
    "is_data_open": false,
    "profanity_filter": true,
    "spam_filter": true,
    "strict_moderation": false,
    "prioritize_seed": false,
    "vis_type": 1,
    "write_type": 1,
    "help_type": 1,
    "write_hint_type": 1,
    "style_btn": null,
    "socialbtn_type": 0,
    "subscribe_type": 1,
    "branding_type": 1,
    "bgcolor": null,
    "help_bgcolor": null,
    "help_color": null,
    "email_domain": null,
    "use_xid_whitelist": false,
    "owner": 72,
    "org_id": 72,
    "context": null,
    "course_id": null,
    "owner_sees_participation_stats": false,
    "auth_needed_to_vote": false,
    "auth_needed_to_write": true,
    "auth_opt_fb": true,
    "auth_opt_tw": true,
    "auth_opt_allow_3rdparty": true,
    "modified": "1729362943574",
    "created": "1728980428991",
    "site_id": "polis_site_id_wlE61IMj5fRdvFgrn7",
    "auth_opt_fb_computed": true,
    "auth_opt_tw_computed": true,
    "translations": [],
    "ownername": "admin",
    "is_mod": false,
    "is_owner": false,
    "conversation_id": "3dzkftnmrm"
  },
  "votes": [],
  "pca": "{\"n\":182,\"pca\":{\"comps\":[[0.23867948729954896,-0.45428650208561555,0.37651817383865943,0.46477194904518576,-0.36789873151571983,0.4596643387042833,-0.15024835151105323,-0.098293582985207],[0.6916370909664862,0.17068058623384724,0.5078588150381796,-0.16861680785838867,0.2890690498711933,-0.08126205992494594,0.1943383846167066,0.2796823595900158]],\"center\":[-0.2413793103448275,-0.372093023255814,0.15294117647058822,0.1379310344827586,-0.5535714285714288,-0.13714285714285718,-0.6959064327485384,-0.36686390532544383],\"comment-extremity\":[1.5699302995561422,0.8618728811273364,2.0616355260968,1.591296665377886,0.5907859585830663,1.1392193466217373,0.21128175057048942,0.5308802947040919],\"comment-projection\":[[-0.5121353721368372,0.806807887265944,-1.227829566503838,-1.4958940823282207,0.46454229972266853,-1.1218239409390112,0.12922958285869976,0.17602211410953822],[-1.484048013398051,-0.3031268649727362,-1.6561327235712195,0.5427024706947532,-0.3650047953483446,0.19832237708671188,-0.16715170665684798,-0.5008493812010874]]},\"tids\":[0,1,2,3,4,5,6,7],\"mod-in\":[0,7,1,4,6,3,2,5],\"n-cmts\":8,\"in-conv\":[0,121,65,70,62,74,164,110,130,128,153,7,86,154,20,72,58,60,175,27,1,69,101,24,102,135,55,165,85,39,88,46,149,157,4,106,119,95,144,176,54,92,141,137,104,15,48,50,116,75,159,31,113,32,136,174,40,129,91,117,172,108,156,181,33,13,22,168,90,109,143,178,167,36,41,118,162,89,100,131,122,43,61,29,151,44,93,6,111,28,134,64,155,103,170,51,25,166,34,146,125,148,17,3,12,152,2,66,142,107,23,47,180,158,35,127,82,76,97,19,57,11,115,9,5,112,179,83,138,14,45,53,132,26,123,140,16,133,163,81,120,79,38,173,126,98,124,87,169,160,30,73,96,10,18,105,52,114,147,67,161,71,42,80,63,94,8,177,49],\"mod-out\":[],\"repness\":{\"0\":[{\"tid\":3,\"p-test\":3.8623578574723085,\"n-agree\":52,\"repness\":17.72635135135135,\"n-trials\":72,\"n-success\":52,\"p-success\":0.7162162162162162,\"best-agree\":true,\"repful-for\":\"agree\",\"repness-test\":9.401714},{\"tid\":5,\"p-test\":7.607674567748486,\"repness\":6.091891891891892,\"n-trials\":72,\"n-success\":68,\"p-success\":0.9324324324324323,\"repful-for\":\"agree\",\"repness-test\":10.205193},{\"tid\":2,\"p-test\":2.01752881892955,\"repness\":8.468253968253968,\"n-trials\":70,\"n-success\":43,\"p-success\":0.611111111111111,\"repful-for\":\"agree\",\"repness-test\":7.584706},{\"tid\":0,\"p-test\":2.926028679903264,\"repness\":2.260484622553588,\"n-trials\":72,\"n-success\":48,\"p-success\":0.6621621621621622,\"repful-for\":\"agree\",\"repness-test\":4.873928},{\"tid\":1,\"p-test\":1.4142135623730936,\"repness\":56.95890410958904,\"n-trials\":71,\"n-success\":41,\"p-success\":0.5753424657534247,\"repful-for\":\"disagree\",\"repness-test\":8.494156}],\"1\":[{\"tid\":1,\"p-test\":8.889342392059456,\"n-agree\":92,\"repness\":5.275058275058275,\"n-trials\":97,\"n-success\":92,\"p-success\":0.9393939393939394,\"best-agree\":true,\"repful-for\":\"agree\",\"repness-test\":10.217903},{\"tid\":4,\"p-test\":9.38971068066885,\"repness\":2.173070915338957,\"n-trials\":95,\"n-success\":93,\"p-success\":0.9690721649484536,\"repful-for\":\"agree\",\"repness-test\":7.8544664},{\"tid\":3,\"p-test\":5.252793231671495,\"repness\":14.01515151515152,\"n-trials\":97,\"n-success\":74,\"p-success\":0.7575757575757576,\"repful-for\":\"disagree\",\"repness-test\":9.21799},{\"tid\":5,\"p-test\":1.7260884807271504,\"repness\":43.04081632653061,\"n-trials\":96,\"n-success\":56,\"p-success\":0.5816326530612245,\"repful-for\":\"disagree\",\"repness-test\":7.8128204},{\"tid\":2,\"p-test\":3.470110468942834,\"repness\":4.824742268041237,\"n-trials\":95,\"n-success\":64,\"p-success\":0.6701030927835052,\"repful-for\":\"disagree\",\"repness-test\":6.8874154}]},\"consensus\":{\"agree\":[{\"tid\":6,\"p-test\":7.014934235299815,\"n-trials\":171,\"n-success\":131,\"p-success\":0.7630057803468208},{\"tid\":4,\"p-test\":6.538461538461537,\"n-trials\":168,\"n-success\":126,\"p-success\":0.7470588235294118},{\"tid\":1,\"p-test\":3.1171722772057917,\"n-trials\":172,\"n-success\":106,\"p-success\":0.6149425287356322},{\"tid\":7,\"p-test\":1.9941089710031619,\"n-trials\":169,\"n-success\":97,\"p-success\":0.5730994152046784}],\"disagree\":[]},\"meta-tids\":[],\"votes-base\":{\"0\":{\"A\":[0,1,1,1,0,0,0,1,1,0,0,1,0,0,0,0,1,1,0,0,0,0,0,1,1,1,0,0,1,1,1,2,1,1,1,0,2,0,1,1,0,0,0,0,0,0,0,1,0,0,1,1,0,1,0,1,1,3,0,1,0,0,0,1,0,1,0,2,0,0,0,1,1,0,0,0,4,0,0,1,0,0,0,0,3,3,0,4,1,3,3,0,2,1,0,3,2,1,6],\"D\":[0,0,0,0,2,1,0,0,0,0,0,0,1,0,1,2,0,0,1,1,0,1,2,0,0,0,1,0,0,0,0,0,0,0,0,0,0,1,0,0,0,0,0,0,1,0,0,0,2,10,0,0,1,0,0,0,0,0,1,0,0,0,0,0,0,0,1,0,0,2,0,0,0,0,1,0,0,0,1,0,0,3,1,1,0,0,0,0,0,0,0,0,0,0,0,0,0,0,0],\"S\":[1,1,1,1,2,1,1,1,1,2,3,1,1,1,1,2,1,1,1,1,2,1,2,1,2,1,1,1,1,1,1,2,1,1,1,3,2,1,1,1,1,1,6,2,1,1,1,1,2,10,2,3,1,1,2,1,1,3,1,2,1,1,1,1,1,1,1,2,4,2,2,1,2,1,1,1,4,1,1,1,1,3,1,1,3,3,1,4,1,3,3,1,2,1,2,3,2,1,8]},\"1\":{\"A\":[0,1,0,0,2,1,1,0,1,2,3,1,0,0,0,1,1,0,1,1,0,1,1,0,2,1,1,0,0,1,1,2,0,1,0,3,2,1,1,0,0,0,6,2,1,1,0,0,2,10,0,1,1,0,0,1,0,0,0,0,1,0,1,0,0,1,1,0,4,2,1,1,2,0,1,1,0,0,0,1,1,3,1,1,0,3,0,0,0,0,3,1,2,1,2,0,2,0,8],\"D\":[0,0,0,1,0,0,0,0,0,0,0,0,1,1,0,0,0,0,0,0,0,0,0,0,0,0,0,1,0,0,0,0,0,0,0,0,0,0,0,0,1,1,0,0,0,0,0,1,0,0,2,0,0,1,2,0,1,2,1,0,0,1,0,0,0,0,0,2,0,0,0,0,0,1,0,0,4,1,1,0,0,0,0,0,3,0,1,4,1,2,0,0,0,0,0,3,0,1,0],\"S\":[1,1,1,1,2,1,1,0,1,2,3,1,1,1,1,2,1,1,1,1,2,1,2,1,2,1,1,1,1,1,1,2,1,1,1,3,2,1,1,1,1,1,6,2,1,1,1,1,2,10,2,3,1,1,2,1,1,3,1,2,1,1,1,1,1,1,1,2,4,2,2,1,2,1,1,1,4,1,1,1,1,3,1,1,3,3,1,4,1,3,3,1,2,1,2,3,2,1,8]},\"2\":{\"A\":[0,0,0,0,0,0,0,0,0,0,0,0,0,0,0,0,1,0,0,0,0,0,0,0,0,1,0,0,0,1,0,2,1,0,1,0,0,0,1,0,1,0,0,2,0,0,0,1,0,0,1,0,0,0,0,0,1,3,0,2,1,1,0,1,1,0,0,2,0,0,0,0,0,0,0,0,4,1,0,0,1,0,0,0,3,0,0,4,1,3,3,0,0,0,0,3,0,1,0],\"D\":[0,1,0,0,2,1,0,0,1,0,3,0,1,0,1,2,0,0,1,1,0,1,2,0,1,0,1,0,0,0,0,0,0,0,0,0,2,1,0,1,0,0,6,0,1,1,1,0,2,10,0,3,1,0,0,1,0,0,1,0,0,0,0,0,0,0,0,0,0,2,0,1,2,0,1,1,0,0,1,1,0,3,1,1,0,0,0,0,0,0,0,1,0,0,2,0,0,0,6],\"S\":[1,1,1,1,2,1,0,0,1,2,3,1,1,1,1,2,1,1,1,1,2,1,2,1,2,1,1,1,1,1,1,2,1,0,1,3,2,1,1,1,1,1,6,2,1,1,1,1,2,10,1,3,1,1,2,1,1,3,1,2,1,1,1,1,1,1,1,2,4,2,2,1,2,1,1,1,4,1,1,1,1,3,1,1,3,3,1,4,1,3,3,1,2,1,2,3,2,1,8]},\"3\":{\"A\":[0,0,0,1,0,0,0,1,0,0,0,0,1,1,1,0,0,1,0,0,0,1,2,1,0,0,0,0,0,0,1,2,0,0,0,0,2,1,1,1,1,1,0,0,0,0,0,0,0,0,2,1,0,0,2,0,0,3,1,0,0,1,0,1,0,0,0,2,0,0,0,0,0,1,0,0,4,1,1,0,0,0,0,0,3,0,0,4,1,3,0,0,0,0,0,3,0,1,