{
  "user": {},
  "ptpt": null,
  "nextComment": {
    "txt": "原子力規制委員会が策定した世界で最も厳しい基準を満たした原子力発電所の再稼働を認める",
    "tid": 4,
    "created": "1728980434787",
    "tweet_id": null,
    "quote_src_url": null,
    "is_seed": true,
    "is_meta": false,
    "lang": null,
    "pid": 0,
    "randomN": 3.504823120835564,
    "remaining": 8,
    "total": 8,
    "translations": []
  },
  "conversation": {
    "topic": "エネルギー政策",
    "description": "",
    "link_url": null,
    "parent_url": null,
    "upvotes": 1,
    "participant_count": 37,
    "is_anon": false,
    "is_active": true,
    "is_draft": true,
    "is_public": true,
    "is_data_open": false,
    "profanity_filter": true,
    "spam_filter": true,
    "strict_moderation": false,
    "prioritize_seed": false,
    "vis_type": 1,
    "write_type": 1,
    "help_type": 1,
    "write_hint_type": 1,
    "style_btn": null,
    "socialbtn_type": 0,
    "subscribe_type": 1,
    "branding_type": 1,
    "bgcolor": null,
    "help_bgcolor": null,
    "help_color": null,
    "email_domain": null,
    "use_xid_whitelist": false,
    "owner": 72,
    "org_id": 72,
    "context": null,
    "course_id": null,
    "owner_sees_participation_stats": false,
    "auth_needed_to_vote": false,
    "auth_needed_to_write": true,
    "auth_opt_fb": true,
    "auth_opt_tw": true,
    "auth_opt_allow_3rdparty": true,
    "modified": "1729266243693",
    "created": "1728980428991",
    "site_id": "polis_site_id_wlE61IMj5fRdvFgrn7",
    "auth_opt_fb_computed": true,
    "auth_opt_tw_computed": true,
    "translations": [],
    "ownername": "admin",
    "is_mod": false,
    "is_owner": false,
    "conversation_id": "3dzkftnmrm"
  },
  "votes": [],
  "pca": "{\"n\":37,\"pca\":{\"comps\":[[0.2405717396452144,-0.4714092437767419,0.31923434542226736,0.4669222674827603,-0.3973694179855703,0.3947451457635055,-0.24988064720064768,-0.1542889156680841],[0.6099581530246166,0.22073214411889594,0.26766220222772913,-0.1512722250809808,0.1814129876632091,-0.17583694255590468,0.06254046758706447,-0.6457254981668417]],\"center\":[-0.24324324324324326,-0.2857142857142857,0.1875,0.027777777777777776,-0.44117647058823534,-0.3055555555555556,-0.4166666666666667,-0.11764705882352938],\"comment-extremity\":[1.4034501761383529,1.0516252816095408,1.399250440741487,1.426797492150988,0.6904365934619695,0.848797171072454,0.42499874173929664,1.6568821339380402],\"comment-projection\":[[-0.5149272904885751,0.9523904942530186,-1.0722306595697364,-1.3573404844544639,0.628078775503673,-0.7753526928051302,0.41228203362000954,0.3850543712852528],[-1.3055735453864208,-0.44594627409233606,-0.8990123517471234,0.43974753310197245,-0.2867398496079255,0.34537637351219336,-0.10318650703524511,1.6115183948429481]]},\"tids\":[0,1,2,3,4,5,6,7],\"mod-in\":[0,7,1,4,6,3,2,5],\"n-cmts\":8,\"in-conv\":[0,7,20,27,1,24,4,15,31,32,33,13,22,36,29,6,28,25,34,17,3,12,2,23,35,19,11,9,5,14,26,16,30,10,18,8],\"mod-out\":[],\"repness\":{\"0\":[{\"tid\":3,\"p-test\":2.6678918753996634,\"n-agree\":13,\"repness\":17.11111111111111,\"n-trials\":16,\"n-success\":13,\"p-success\":0.7777777777777778,\"best-agree\":true,\"repful-for\":\"agree\",\"repness-test\":4.8655047},{\"tid\":5,\"p-test\":3.6380343755449944,\"repness\":3.111111111111111,\"n-trials\":16,\"n-success\":15,\"p-success\":0.888888888888889,\"repful-for\":\"agree\",\"repness-test\":3.958776},{\"tid\":1,\"p-test\":1.5,\"repness\":14.23529411764706,\"n-trials\":15,\"n-success\":10,\"p-success\":0.6470588235294118,\"repful-for\":\"disagree\",\"repness-test\":4.1191635}],\"1\":[{\"tid\":1,\"p-test\":4.1461399144838555,\"n-agree\":19,\"repness\":7.727272727272727,\"n-trials\":20,\"n-success\":19,\"p-success\":0.9090909090909091,\"best-agree\":true,\"repful-for\":\"agree\",\"repness-test\":5.078308},{\"tid\":4,\"p-test\":4.358898943540674,\"repness\":2.85,\"n-trials\":18,\"n-success\":18,\"p-success\":0.95,\"repful-for\":\"agree\",\"repness-test\":4.2075562},{\"tid\":6,\"p-test\":3.273268353539885,\"repness\":3.681818181818182,\"n-trials\":20,\"n-success\":17,\"p-success\":0.8181818181818182,\"repful-for\":\"agree\",\"repness-test\":3.8604624},{\"tid\":3,\"p-test\":1.9639610121239315,\"repness\":12.27272727272727,\"n-trials\":20,\"n-success\":14,\"p-success\":0.6818181818181818,\"repful-for\":\"disagree\",\"repness-test\":4.069136},{\"tid\":2,\"p-test\":1.6059101370939326,\"repness\":3.466666666666667,\"n-trials\":18,\"n-success\":12,\"p-success\":0.65,\"repful-for\":\"disagree\",\"repness-test\":2.8086646}]},\"consensus\":{\"agree\":[{\"tid\":4,\"p-test\":2.1974010622941433,\"n-trials\":34,\"n-success\":23,\"p-success\":0.6666666666666667}],\"disagree\":[]},\"meta-tids\":[],\"votes-base\":{\"0\":{\"A\":[0,0,1,2,1,1,0,0,1,0,1,1,0,1,1,0,0,0,0,1,1,1,0,0,0,1,0,0,1,1,1,0,0,0],\"D\":[0,1,0,0,0,0,0,0,0,1,0,0,0,0,0,0,2,0,0,0,0,0,1,0,1,0,1,0,0,0,0,1,1,0],\"S\":[1,1,1,2,1,1,1,1,1,1,1,1,1,1,1,1,2,1,1,1,1,1,1,1,1,1,1,1,1,1,1,1,1,1]},\"1\":{\"A\":[0,1,1,0,0,0,1,0,1,1,0,1,1,0,1,1,2,1,1,1,1,0,0,0,0,1,1,0,1,0,0,1,1,0],\"D\":[0,0,0,2,0,1,0,1,0,0,1,0,0,0,0,0,0,0,0,0,0,1,1,1,0,0,0,1,0,1,0,0,0,0],\"S\":[1,1,1,2,1,1,1,1,1,1,1,1,1,0,1,1,2,1,1,1,1,1,1,1,1,1,1,1,1,1,1,1,1,1]},\"2\":{\"A\":[0,0,0,2,0,1,0,1,0,0,0,0,0,0,0,0,0,0,0,0,0,1,0,0,0,1,0,0,1,1,0,0,0,0],\"D\":[0,1,1,0,0,0,1,0,1,1,0,0,0,0,1,0,2,1,0,0,0,0,1,0,1,0,1,0,0,0,0,1,1,0],\"S\":[1,1,1,2,1,1,1,1,1,1,0,0,0,0,1,1,2,1,1,1,1,1,1,1,1,1,1,1,1,1,1,1,1,1]},\"3\":{\"A\":[0,0,0,2,0,1,0,1,0,0,1,0,0,1,0,0,0,0,0,0,0,1,1,1,1,0,0,1,0,1,1,0,0,0],\"D\":[0,1,1,0,0,0,1,0,0,1,0,1,1,0,0,0,2,1,0,0,1,0,0,0,0,1,1,0,0,0,0,1,1,0],\"S\":[1,1,1,2,1,1,1,1,1,1,1,1,1,1,1,1,2,1,1,1,1,1,1,1,1,1,1,1,1,1,1,1,1,1]},\"4\":{\"A\":[0,1,1,0,1,1,1,0,1,1,0,0,0,0,1,1,2,1,1,1,1,0,0,0,1,1,1,0,1,0,1,1,1,1],\"D\":[0,0,0,2,0,0,0,1,0,0,1,0,0,0,0,0,0,0,0,0,0,1,1,0,0,0,0,1,0,1,0,0,0,0],\"S\":[1,1,1,2,1,1,1,1,1,1,1,0,0,1,1,1,2,1,1,1,1,1,1,1,1,1,1,1,1,1,1,1,1,1]},\"5\":{\"A\":[0,0,0,2,1,1,0,1,0,0,1,0,0,1,1,1,0,0,0,1,0,1,1,1,1,0,0,1,1,1,1,1,0,1],\"D\":[0,1,1,0,0,0,1,0,1,0,0,0,1,0,0,0,2,0,0,0,1,0,0,0,0,1,1,0,0,0,0,0,0,0],\"S\":[1,1,1,2,1,1,1,1,1,1,1,0,1,1,1,1,2,1,1,1,1,1,1,1,1,1,1,1,1,1,1,1,1,1]},\"6\":{\"A\":[0,1,0,0,0,0,1,0,1,1,0,0,1,1,1,1,2,1,1,1,1,0,0,1,0,1,0,0,1,0,0,1,1,1],\"D\":[0,0,0,0,0,0,0,0,0,0,0,1,0,0,0,0,0,0,0,0,0,0,1,0,0,0,1,1,0,1,0,0,0,0],\"S\":[1,1,1,2,1,1,1,1,1,1,1,1,1,1,1,1,2,1,1,1,1,1,1,1,1,1,1,1,1,1,1,1,1,1]},\"7\":{\"A\":[0,0,0,0,0,0,0,0,0,0,1,0,0,0,0,1,2,1,1,0,1,0,1,1,1,1,0,0,0,1,0,1,1,1],\"D\":[0,0,1,2,1,1,1,1,1,0,0,1,0,0,0,0,0,0,0,0,0,0,0,0,0,0,0,1,1,0,0,0,0,0],\"S\":[1,1,1,2,1,1,1,1,1,1,1,1,0,0,1,1,2,1,1,1,1,1,1,1,1,1,1,1,1,1,1,1,1,1]}},\"group-votes\":{\"0\":{\"votes\":{\"0\":{\"A\":10,\"D\":2,\"S\":16},\"1\":{\"A\":1,\"D\":10,\"S\":15},\"2\":{\"A\":7,\"D\":2,\"S\":14},\"3\":{\"A\":13,\"D\":0,\"S\":16},\"4\":{\"A\":5,\"D\":8,\"S\":16},\"5\":{\"A\":15,\"D\":0,\"S\":16},\"6\":{\"A\":3,\"D\":3,\"S\":16},\"7\":{\"A\":5,\"D\":7,\"S\":15}},\"n-members\":16,\"id\":0},\"1\":{\"votes\":{\"0\":{\"A\":7,\"D\":7,\"S\":20},\"1\":{\"A\":19,\"D\":0,\"S\":20},\"2\":{\"A\":1,\"D\":12,\"S\":18},\"3\":{\"A\":0,\"D\":14,\"S\":20},\"4\":{\"A\":18,\"D\":0,\"S\":18},\"5\":{\"A\":5,\"D\":10,\"S\":19},\"6\":{\"A\":17,\"D\":2,\"S\":20},\"7\":{\"A\":10,\"D\":4,\"S\":19}},\"n-members\":20,\"id\":1}},\"base-clusters\":{\"x\":[-0.32595944643409297,2.2141733608426146,1.3288603186834538,-2.770500522178237,-0.7181958295253268,-1.9757616862070961,1.819312705529316,-2.5299287825330223,1.1118186984013412,1.8194282150791088,-2.226640967198705,0.10395123507745468,1.9104153832713295,-1.2214253441674439,0.4766173225424143,0.5522436324334454,2.3684622765106984,1.7331453911019785,0.9469887781969508,0.15738297712014698,1.5680844517980024,-2.6162116065101526,-1.5921911679077527,-1.254866540588369,-0.07616244095922264,1.2488501063757351,1.7144120664413192,-2.4605750843114027,-0.31614028397020444,-2.7118033380427162,-1.030829181340003,1.5789719849836876,1.973717130747193,0.08083438865670356],\"y\":[0.14184787905088111,0.22767346729717194,-1.5754278693318386,