{
  "user": {},
  "ptpt": null,
  "nextComment": {
    "txt": "「核のごみ」問題を解決しうる核融合発電を柱に据えて技術開発を推進",
    "tid": 6,
    "created": "1728980436175",
    "tweet_id": null,
    "quote_src_url": null,
    "is_seed": true,
    "is_meta": false,
    "lang": null,
    "pid": 0,
    "randomN": 4.9907888245051275,
    "remaining": 8,
    "total": 8,
    "translations": []
  },
  "conversation": {
    "topic": "エネルギー政策",
    "description": "",
    "link_url": null,
    "parent_url": null,
    "upvotes": 1,
    "participant_count": 69,
    "is_anon": false,
    "is_active": true,
    "is_draft": true,
    "is_public": true,
    "is_data_open": false,
    "profanity_filter": true,
    "spam_filter": true,
    "strict_moderation": false,
    "prioritize_seed": false,
    "vis_type": 1,
    "write_type": 1,
    "help_type": 1,
    "write_hint_type": 1,
    "style_btn": null,
    "socialbtn_type": 0,
    "subscribe_type": 1,
    "branding_type": 1,
    "bgcolor": null,
    "help_bgcolor": null,
    "help_color": null,
    "email_domain": null,
    "use_xid_whitelist": false,
    "owner": 72,
    "org_id": 72,
    "context": null,
    "course_id": null,
    "owner_sees_participation_stats": false,
    "auth_needed_to_vote": false,
    "auth_needed_to_write": true,
    "auth_opt_fb": true,
    "auth_opt_tw": true,
    "auth_opt_allow_3rdparty": true,
    "modified": "1729306401358",
    "created": "1728980428991",
    "site_id": "polis_site_id_wlE61IMj5fRdvFgrn7",
    "auth_opt_fb_computed": true,
    "auth_opt_tw_computed": true,
    "translations": [],
    "ownername": "admin",
    "is_mod": false,
    "is_owner": false,
    "conversation_id": "3dzkftnmrm"
  },
  "votes": [],
  "pca": "{\"n\":69,\"pca\":{\"comps\":[[0.20468581566186667,-0.4604735217136581,0.31307833335753854,0.49772657537006004,-0.3250136420360603,0.48697241179312584,-0.17743289137032348,-0.1614299777696955],[0.6944702345155082,0.17786547590007348,0.5183842782300533,-0.10384982966046857,0.2509916062107114,0.002726180253504751,0.2591687015749037,0.27639696904124167]],\"center\":[-0.30769230769230765,-0.393939393939394,0.11666666666666671,0.15151515151515155,-0.5967741935483869,-0.18461538461538457,-0.640625,-0.2131147540983607],\"comment-extremity\":[1.4177071307819962,0.846182142380405,1.9127044372784188,1.6559941946637666,0.4683403484315794,1.1231006272693762,0.31925908477949977,0.7123981940346864],\"comment-projection\":[[-0.4008038628938,0.7893429085104935,-0.9888298294333179,-1.621083853526693,0.37067637139005727,-1.1230830286383644,0.18035450099689443,0.3592862383247066],[-1.3598712336686616,-0.3048966888434288,-1.6372702381731088,0.33823647437132576,-0.2862546238266092,-0.006287269466552231,-0.26343617288520765,-0.6151622434889554]]},\"tids\":[0,1,2,3,4,5,6,7],\"mod-in\":[0,7,1,4,6,3,2,5],\"n-cmts\":8,\"in-conv\":[0,65,62,7,20,58,60,27,1,24,55,39,46,4,54,15,48,50,31,32,40,33,13,22,36,41,43,61,29,44,6,28,64,51,25,34,17,3,12,2,66,23,47,35,19,57,11,9,5,14,45,53,26,16,38,30,10,18,52,67,42,63,8,49],\"mod-out\":[],\"repness\":{\"0\":[{\"tid\":3,\"p-test\":2.334868926348074,\"n-agree\":21,\"repness\":24.75,\"n-trials\":30,\"n-success\":21,\"p-success\":0.6875,\"best-agree\":true,\"repful-for\":\"agree\",\"repness-test\":5.7956667},{\"tid\":5,\"p-test\":5.208553758776472,\"repness\":5.46875,\"n-trials\":30,\"n-success\":29,\"p-success\":0.9375,\"repful-for\":\"agree\",\"repness-test\":6.4099135},{\"tid\":0,\"p-test\":1.6164477182409738,\"repness\":1.40625,\"n-trials\":30,\"n-success\":19,\"p-success\":0.625,\"repful-for\":\"agree\",\"repness-test\":1.5310007}],\"1\":[{\"tid\":1,\"p-test\":5.916079783099616,\"n-agree\":34,\"repness\":4.305555555555556,\"n-trials\":34,\"n-success\":34,\"p-success\":0.9722222222222222,\"best-agree\":true,\"repful-for\":\"agree\",\"repness-test\":6.444205},{\"tid\":4,\"p-test\":5.396407334626633,\"repness\":1.673202614379085,\"n-trials\":32,\"n-success\":31,\"p-success\":0.9411764705882353,\"repful-for\":\"agree\",\"repness-test\":3.7625842},{\"tid\":6,\"p-test\":4.563832975533989,\"repness\":1.620915032679739,\"n-trials\":34,\"n-success\":30,\"p-success\":0.861111111111111,\"repful-for\":\"agree\",\"repness-test\":3.0710106},{\"tid\":3,\"p-test\":3.887709571751177,\"repness\":12.88888888888889,\"n-trials\":34,\"n-success\":28,\"p-success\":0.8055555555555556,\"repful-for\":\"disagree\",\"repness-test\":6.207215},{\"tid\":5,\"p-test\":2.0579830217101054,\"repness\":21.02857142857143,\"n-trials\":33,\"n-success\":22,\"p-success\":0.6571428571428571,\"repful-for\":\"disagree\",\"repness-test\":5.375373}]},\"consensus\":{\"agree\":[{\"tid\":4,\"p-test\":4.409585518440985,\"n-trials\":62,\"n-success\":48,\"p-success\":0.765625},{\"tid\":6,\"p-test\":3.597007303087045,\"n-trials\":64,\"n-success\":46,\"p-success\":0.7121212121212122},{\"tid\":1,\"p-test\":2.0768805540571877,\"n-trials\":66,\"n-success\":41,\"p-success\":0.6176470588235294}],\"disagree\":[]},\"meta-tids\":[],\"votes-base\":{\"0\":{\"A\":[0,0,1,2,1,1,0,0,1,0,1,1,0,1,1,0,0,0,0,1,2,1,0,0,0,0,0,1,1,1,0,0,0,0,0,0,0,1,1,0,1,0,0,3,0,1,2,0,1,1,1,1,1,1,1,1],\"D\":[0,2,0,0,0,0,0,0,0,1,0,0,0,0,0,0,3,0,0,0,0,0,1,0,1,1,0,0,0,0,1,1,0,1,1,1,0,0,0,0,0,0,0,0,1,0,0,0,0,0,0,0,0,0,0,0],\"S\":[1,2,1,2,1,1,1,1,1,1,1,1,1,1,1,1,3,1,1,1,2,1,1,1,1,1,1,1,1,1,1,1,1,1,1,1,1,1,1,1,1,1,1,3,1,1,2,1,1,1,1,1,1,1,1,1]},\"1\":{\"A\":[0,2,1,0,0,0,1,0,1,1,0,1,1,0,1,1,3,1,1,1,2,0,0,0,0,1,0,1,0,0,1,1,0,1,1,0,1,0,1,1,1,0,1,3,1,0,2,0,0,1,1,1,1,1,0,0],\"D\":[0,0,0,2,0,1,0,1,0,0,1,0,0,0,0,0,0,0,0,0,0,1,1,1,0,0,1,0,1,0,0,0,0,0,0,0,0,0,0,0,0,1,0,0,0,1,0,1,0,0,0,0,0,0,0,1],\"S\":[1,2,1,2,1,1,1,1,1,1,1,1,1,0,1,1,3,1,1,1,2,1,1,1,1,1,1,1,1,1,1,1,1,1,1,1,1,1,1,1,1,1,1,3,1,1,2,1,1,1,1,1,1,1,1,1]},\"2\":{\"A\":[0,0,0,2,0,1,0,1,0,0,0,0,0,0,0,0,0,0,0,0,0,1,0,0,0,0,0,1,1,0,0,0,0,0,0,0,0,0,0,0,1,1,0,3,0,1,0,0,0,1,0,0,1,0,1,1],\"D\":[0,2,1,0,0,0,1,0,1,1,0,0,0,0,1,0,3,1,0,0,0,0,1,0,1,1,0,0,0,0,1,1,0,1,1,1,0,0,0,0,0,0,1,0,1,0,2,0,0,0,0,0,0,1,0,0],\"S\":[1,2,1,2,1,1,1,1,1,1,0,0,0,0,1,1,3,1,1,1,2,1,1,1,1,1,1,1,1,1,1,1,1,1,1,1,1,1,1,1,1,1,1,3,1,1,2,1,1,1,1,1,1,1,1,1]},\"3\":{\"A\":[0,0,0,2,0,1,0,1,0,0,1,0,0,1,0,0,0,0,0,0,0,1,1,1,1,0,1,0,1,1,0,0,0,0,1,1,0,1,0,0,0,1,0,0,0,1,0,0,0,0,1,0,1,0,0,1],\"D\":[0,2,1,0,0,0,1,0,0,1,0,1,1,0,0,0,3,1,0,0,2,0,0,0,0,1,0,0,0,0,1,1,0,1,0,0,1,0,0,1,1,0,1,3,1,0,2,0,0,1,0,0,0,1,0,0],\"S\":[1,2,1,2,1,1,1,1,1,1,1,1,1,1,1,1,3,1,1,1,2,1,1,1,1,1,1,1,1,1,1,1,1,1,1,1,1,1,1,1,1,1,1,3,1,1,2,1,1,1,1,1,1,1,1,1]},\"4\":{\"A\":[0,2,1,0,1,1,1,0,1,1,0,0,0,0,1,1,3,1,1,1,2,0,0,0,1,1,0,1,0,1,1,1,1,1,1,1,1,1,1,1,1,0,1,3,0,1,2,1,1,1,1,1,1,1,1,0],\"D\":[0,0,0,2,0,0,0,1,0,0,1,0,0,0,0,0,0,0,0,0,0,1,1,0,0,0,1,0,1,0,0,0,0,0,0,0,0,0,0,0,0,1,0,0,1,0,0,0,0,0,0,0,0,0,0,1],\"S\":[1,2,1,2,1,1,1,1,1,1,1,0,0,1,1,1,3,1,1,1,2,1,1,1,1,1,1,1,1,1,1,1,1,1,1,1,1,1,1,1,1,1,1,3,1,1,2,1,1,1,1,1,1,1,1,1]},\"5\":{\"A\":[0,0,0,2,1,1,0,1,0,0,1,0,0,1,1,1,0,0,0,1,0,1,1,1,1,0,1,1,1,1,1,0,1,0,1,1,0,1,0,0,1,1,0,0,0,1,0,1,1,1,1,0,1,1,1,1],\"D\":[0,2,1,0,0,0,1,0,1,0,0,0,1,0,0,0,3,0,0,0,2,0,0,0,0,1,0,0,0,0,0,0,0,1,0,0,1,0,1,0,0,0,1,3,1,0,2,0,0,0,0,0,0,0,0,0],\"S\":[1,2,1,2,1,1,1,1,1,1,1,0,1,1,1,1,3,1,1,1,2,1,1,1,1,1,1,1,1,1,1,1,1,1,1,1,1,1,1,1,1,1,1,3,1,1,2,1,1,1,1,1,1,1,1,1]},\"6\":{\"A\":[0,2,0,0,0,0,1,0,1,1,0,0,1,1,1,1,3,1,1,1,2,0,0,1,0,0,0,1,0,0,1,1,1,1,1,1,1,1,1,1,1,1,0,3,1,1,2,0,1,1,1,1,1,1,1,1],\"D\":[0,0,0,0,0,0,0,0,0,0,0,1,0,0,0,0,0,0,0,0,0,0,1,0,0,1,1,0,1,0,0,0,0,0,0,0,0,0,0,0,0,0,0,0,0,0,0,0,0,0,0,0,0,0,0,0],\"S\":[1,2,1,2,1,1,1,1,1,1,1,1,1,1,1,1,3,1,1,1,2,1,1,1,1,1,1,1,1,1,1,1,1,1,1,1,1,1,1,1,1,1,1,3,1,1,2,1,1,1,1,1,1,1,1,1]},\"7\":{\"A\":[0,0,0,0,0,0,0,0,0,0,1,0,0,0,0,1,3,1,1,0,2,0,1,1,1,0,0,0,1,0,1,1,1,0,0,0,1,0,1,1,0,0,1,3,0,1,2,0,0,1,0,1,1,0,1,1],\"D\":[0,0,1,2,1,1,1,1,1,0,0,1,0,0,0,0,0,0,0,0,0,0,0,0,0,0,1,1,0,0,0,0,0,0,1,1,0,1,0,0,1,0,0,0,1,0,0,0,0,0,1,0,0,1,0,0],\"S\":[1,2,1,2,1,1,1,1,1,1,1,1,0,0,1,1,3,1,1,1,2,1,1,1,1,1,1,1,1,1,1,1,1,0,1,1,1,1,1,1,1,1,1,3,1,1,2,1,1,1,1,1,1,1,1,1]}},\"group-votes\":{\"0\":{\"votes\":{\"0\":{\"A\":19,\"D\":4,\"S\":30},\"1\":{\"A\":6,\"D\":14,