{
  "user": {},
  "ptpt": null,
  "nextComment": {
    "txt": "原子力規制委員会が策定した世界で最も厳しい基準を満たした原子力発電所の再稼働を認める",
    "tid": 4,
    "created": "1728980434787",
    "tweet_id": null,
    "quote_src_url": null,
    "is_seed": true,
    "is_meta": false,
    "lang": null,
    "pid": 0,
    "randomN": 3.1361466929173427,
    "remaining": 8,
    "total": 8,
    "translations": []
  },
  "conversation": {
    "topic": "エネルギー政策",
    "description": "",
    "link_url": null,
    "parent_url": null,
    "upvotes": 1,
    "participant_count": 85,
    "is_anon": false,
    "is_active": true,
    "is_draft": true,
    "is_public": true,
    "is_data_open": false,
    "profanity_filter": true,
    "spam_filter": true,
    "strict_moderation": false,
    "prioritize_seed": false,
    "vis_type": 1,
    "write_type": 1,
    "help_type": 1,
    "write_hint_type": 1,
    "style_btn": null,
    "socialbtn_type": 0,
    "subscribe_type": 1,
    "branding_type": 1,
    "bgcolor": null,
    "help_bgcolor": null,
    "help_color": null,
    "email_domain": null,
    "use_xid_whitelist": false,
    "owner": 72,
    "org_id": 72,
    "context": null,
    "course_id": null,
    "owner_sees_participation_stats": false,
    "auth_needed_to_vote": false,
    "auth_needed_to_write": true,
    "auth_opt_fb": true,
    "auth_opt_tw": true,
    "auth_opt_allow_3rdparty": true,
    "modified": "1729318009862",
    "created": "1728980428991",
    "site_id": "polis_site_id_wlE61IMj5fRdvFgrn7",
    "auth_opt_fb_computed": true,
    "auth_opt_tw_computed": true,
    "translations": [],
    "ownername": "admin",
    "is_mod": false,
    "is_owner": false,
    "conversation_id": "3dzkftnmrm"
  },
  "votes": [],
  "pca": "{\"n\":84,\"pca\":{\"comps\":[[0.20296913864637947,-0.45047447221565157,0.30734759330943007,0.502172638644019,-0.30089166703272874,0.5081439486983728,-0.16803349364171485,-0.17959691993303373],[0.6533739786604233,0.14202840217656865,0.5552238109772918,-0.09856553876569187,0.18901945073834284,-0.04842178468314205,0.26116254191720856,0.3586960217040575]],\"center\":[-0.3116883116883116,-0.44303797468354417,0.13698630136986298,0.1265822784810127,-0.6621621621621621,-0.15189873417721522,-0.6447368421052628,-0.25333333333333335],\"comment-extremity\":[1.331976883665215,0.7440801162113383,2.040847080588826,1.6306826851384757,0.33954184860369346,1.2244536840529474,0.31205152311048817,0.8471765409806021],\"comment-projection\":[[-0.3951483261479334,0.7096443735911495,-0.9883938682229283,-1.6001509545278962,0.2875169434613072,-1.2189319564666536,0.16884609558705943,0.37928934389506513],[-1.2720142369332916,-0.22374110568132885,-1.7855347567625925,0.31407474004429553,-0.18061748026113356,0.11615381997683602,-0.2624255114896056,-0.7575273494703072]]},\"tids\":[0,1,2,3,4,5,6,7],\"mod-in\":[0,7,1,4,6,3,2,5],\"n-cmts\":8,\"in-conv\":[0,65,70,62,74,7,20,72,58,60,27,1,24,55,39,46,4,54,15,48,50,75,31,32,40,33,13,22,36,41,43,61,29,44,6,28,64,51,25,34,17,3,12,2,66,23,47,35,82,76,19,57,11,9,5,83,14,45,53,26,16,81,79,38,30,73,10,18,52,67,71,42,80,63,8,49],\"mod-out\":[],\"repness\":{\"0\":[{\"tid\":3,\"p-test\":2.6666666666666665,\"n-agree\":25,\"repness\":30.21621621621622,\"n-trials\":35,\"n-success\":25,\"p-success\":0.7027027027027027,\"best-agree\":true,\"repful-for\":\"agree\",\"repness-test\":6.463509},{\"tid\":5,\"p-test\":5.000000000000001,\"repness\":5.351351351351351,\"n-trials\":35,\"n-success\":32,\"p-success\":0.8918918918918919,\"repful-for\":\"agree\",\"repness-test\":6.536701},{\"tid\":0,\"p-test\":2.000000000000001,\"repness\":1.54954954954955,\"n-trials\":35,\"n-success\":23,\"p-success\":0.6486486486486486,\"repful-for\":\"agree\",\"repness-test\":2.1028001}],\"1\":[{\"tid\":1,\"p-test\":6.48074069840786,\"n-agree\":41,\"repness\":3.516279069767442,\"n-trials\":41,\"n-success\":41,\"p-success\":0.9767441860465116,\"best-agree\":true,\"repful-for\":\"agree\",\"repness-test\":6.665064},{\"tid\":4,\"p-test\":6.008327554319921,\"repness\":1.530222693531283,\"n-trials\":39,\"n-success\":38,\"p-success\":0.951219512195122,\"repful-for\":\"agree\",\"repness-test\":3.7740796},{\"tid\":6,\"p-test\":4.937707198786942,\"repness\":1.591860465116279,\"n-trials\":41,\"n-success\":36,\"p-success\":0.8604651162790699,\"repful-for\":\"agree\",\"repness-test\":3.2299027},{\"tid\":3,\"p-test\":4.01188709901439,\"repness\":14.62790697674419,\"n-trials\":41,\"n-success\":33,\"p-success\":0.7906976744186047,\"repful-for\":\"disagree\",\"repness-test\":6.6588674},{\"tid\":5,\"p-test\":2.3426064283290917,\"repness\":24.66666666666667,\"n-trials\":40,\"n-success\":27,\"p-success\":0.6666666666666667,\"repful-for\":\"disagree\",\"repness-test\":5.9198275}]},\"consensus\":{\"agree\":[{\"tid\":4,\"p-test\":5.427092530382483,\"n-trials\":74,\"n-success\":60,\"p-success\":0.8026315789473684},{\"tid\":6,\"p-test\":3.9886201760873288,\"n-trials\":76,\"n-success\":55,\"p-success\":0.717948717948718},{\"tid\":1,\"p-test\":2.683281572999748,\"n-trials\":79,\"n-success\":51,\"p-success\":0.6419753086419753}],\"disagree\":[]},\"meta-tids\":[],\"votes-base\":{\"0\":{\"A\":[0,0,1,2,1,1,0,0,1,0,1,1,0,1,1,0,0,0,1,1,0,0,0,0,0,1,1,1,0,0,0,0,0,0,1,7,0,1,0,0,0,1,3,0,1,1,1,1,1,1,1,1,0,1,0,0,0,1,0,0,1,1],\"D\":[0,6,0,0,0,0,0,0,0,1,0,0,0,0,0,0,0,0,0,0,1,0,1,1,0,0,0,0,1,1,0,1,1,0,0,0,0,0,0,0,1,0,0,0,0,0,0,0,0,0,0,0,0,0,0,0,0,0,1,1,0,0],\"S\":[1,6,1,2,1,1,1,1,1,1,1,1,1,1,1,1,1,1,1,1,1,1,1,1,1,1,1,1,1,1,1,1,1,1,1,7,1,1,1,1,1,1,3,1,1,1,1,1,1,1,1,1,1,1,1,1,1,1,1,1,1,1]},\"1\":{\"A\":[0,6,1,0,0,0,1,0,1,1,0,1,1,0,1,1,1,1,1,0,0,0,0,1,0,1,0,0,1,1,0,1,0,1,0,7,1,1,0,1,1,0,3,0,0,1,1,1,1,1,0,0,1,0,1,1,1,1,1,1,1,0],\"D\":[0,0,0,2,0,1,0,1,0,0,1,0,0,0,0,0,0,0,0,1,1,1,0,0,1,0,1,0,0,0,0,0,0,0,0,0,0,0,1,0,0,1,0,1,0,0,0,0,0,0,0,1,0,0,0,0,0,0,0,0,0,0],\"S\":[1,6,1,2,1,1,1,1,1,1,1,1,1,0,1,1,1,1,1,1,1,1,1,1,1,1,1,1,1,1,1,1,1,1,1,7,1,1,1,1,1,1,3,1,1,1,1,1,1,1,1,1,1,1,1,1,1,1,1,1,1,1]},\"2\":{\"A\":[0,0,0,2,0,1,0,1,0,0,0,0,0,0,0,0,0,0,0,1,0,0,0,0,0,1,1,0,0,0,0,0,0,0,0,3,0,1,1,0,0,1,0,0,0,1,0,0,1,0,1,1,1,1,0,0,0,0,0,0,1,0],\"D\":[0,6,1,0,0,0,1,0,1,1,0,0,0,0,1,0,1,0,0,0,1,0,1,1,0,0,0,0,1,1,0,1,1,0,0,0,0,0,0,1,1,0,3,0,0,0,0,0,0,1,0,0,0,0,0,1,0,1,1,1,0,1],\"S\":[1,6,1,2,1,1,1,1,1,1,0,0,0,0,1,1,1,1,1,1,1,1,1,1,1,1,1,1,1,1,1,1,1,1,1,7,1,1,1,1,1,1,3,1,1,1,1,1,1,1,1,1,1,1,1,1,1,1,1,1,1,1]},\"3\":{\"A\":[0,0,0,2,0,1,0,1,0,0,1,0,0,1,0,0,0,0,0,1,1,1,1,0,1,0,1,1,0,0,0,1,1,0,1,0,0,0,1,0,0,1,0,0,0,0,1,0,1,0,0,1,0,0,0,0,0,1,1,0,1,1],\"D\":[0,6,1,0,0,0,1,0,0,1,0,1,1,0,0,0,1,0,0,0,0,0,0,1,0,0,0,0,1,1,0,0,0,1,0,6,1,1,0,1,1,0,3,0,0,1,0,0,0,1,0,0,0,0,0,1,1,0,0,1,0,0],\"S\":[1,6,1,2,1,1,1,1,1,1,1,1,1,1,1,1,1,1,1,1,1,1,1,1,1,1,1,1,1,1,1,1,1,1,1,7,1,1,1,1,1,1,3,1,1,1,1,1,1,1,1,1,1,1,1,1,1,1,1,1,1,1]},\"4\":{\"A\":[0,6,1,0,1,1,1,0,1,1,0,0,0,0,1,1,1,1,1,0,0,0,1,1,0,1,0,1,1,1,1,1,1,1,1,7,1,1,0,1,0,1,3,1,1,1,1,1,1,1,1,0,1,1,1,1,1,1,1,1,1,1],\"D\":[0,0,0,2,0,0,0,1,0,0,1,0,0,0,0,0,0,0,0,1,1,0,0,0,1,0,1,0,0,0,0,0,0,0,0,0,0,0,1,0,1,0,0,0,0,0,0,0,0,0,0,1,0,0,0,0,0,0,0,0,0,0],\"S\":[1,6,1,2,1,1,1,1,1,1,1,0,0,1,1,1,1,1,1,1,1,1,1,1,1,1,1,1,1,1,1,1,1,1,1,7,1,1,1,1,1,1,3,1,1,1,1,1,1,1,1,1,1,1,1,1,1,1,1,1,1,1]},\"5\":{\"A\":[0,0,0,2,1,1,0,1,0,0,1,0,0,1,1,1,0,0,1,1,1,1,1,0,1,1,1,1,1,0,1,1,1,0,1,0,0,1,1,0,0,1,0,1,1,1,1,0,1,1,1,1,0,1,0,0,1,1,1,0,0,0],\"D\":[0,6,1,0,0,0,1,0,1,0,0,0,1,0,0,0,0,0,0,0,0,0,0,1,0,0,0,0,0,0,0,0,0,1,0,7,0,0,0,1,1,0,3,0,0,0,0,0,0,0,0,0,0,0,1,1,0,0,0,1,0,0],\"S\":[1,6,1,2,1,1,1,1,1,1,1,0,1,1,1,1,1,1,1,1,1,1,1,1,1,1,1,1,1,1,1,1,1,1,1,7,1,1,1,1,1,1,3,1,1,1,1,1,1,1,1,1,1,1,1,1,1,1,1,1,1,1]},\"6\":{\"A\":[0,6,0,0,0,0,1,0,1,1,0,0,1,1,1,1,1,1,1,0,0,1,0,0,0,1,0,0,1,1,1,1,1,1,1,6,1,1,1,0,1,1,3,0,1,1,1,1,1,1,1,1,1,1,1,1,1,1,0,1,1,0],\"D\":[0,0,0,0,0,0,0,0,0,0,0,1,0,0,0,0,0,0,0,0,1,0,0,1,1,0,1,0,0,0,0,0,0,0,0,0,0,0,0,0,0,0,0,0,0,0,0,0,0,0,0,0,0,0,0,0,0,0,1,0,0,0],\"S\":[1,6,1,2,1,1,1,1,1,1,1,1,1,1,1,1,1,1,1,1,1,1,1,1,1,1,1,1,1,1,1,1,1,1,1,7,1,1,1,1,1,1,3,1,1,1,1,1,1,1,1,1,1,1,1,1,1,1,1,1,1,1]},\"7\":{\"A\":[0,3,0,0,0,0,0,0,0,0,1,0,0,0,0,1,1,1,0,0,1,1,1,0,0,0,1,0,1,1,1,0,0,1,