{
  "user": {},
  "ptpt": null,
  "nextComment": {
    "txt": "可能な限り原発依存度を低減し、将来的に原発に依存しない社会を目指す",
    "tid": 5,
    "created": "1728980435689",
    "tweet_id": null,
    "quote_src_url": null,
    "is_seed": true,
    "is_meta": false,
    "lang": null,
    "pid": 0,
    "randomN": 4.574037873972544,
    "remaining": 8,
    "total": 8,
    "translations": []
  },
  "conversation": {
    "topic": "エネルギー政策",
    "description": "",
    "link_url": null,
    "parent_url": null,
    "upvotes": 1,
    "participant_count": 77,
    "is_anon": false,
    "is_active": true,
    "is_draft": true,
    "is_public": true,
    "is_data_open": false,
    "profanity_filter": true,
    "spam_filter": true,
    "strict_moderation": false,
    "prioritize_seed": false,
    "vis_type": 1,
    "write_type": 1,
    "help_type": 1,
    "write_hint_type": 1,
    "style_btn": null,
    "socialbtn_type": 0,
    "subscribe_type": 1,
    "branding_type": 1,
    "bgcolor": null,
    "help_bgcolor": null,
    "help_color": null,
    "email_domain": null,
    "use_xid_whitelist": false,
    "owner": 72,
    "org_id": 72,
    "context": null,
    "course_id": null,
    "owner_sees_participation_stats": false,
    "auth_needed_to_vote": false,
    "auth_needed_to_write": true,
    "auth_opt_fb": true,
    "auth_opt_tw": true,
    "auth_opt_allow_3rdparty": true,
    "modified": "1729313888584",
    "created": "1728980428991",
    "site_id": "polis_site_id_wlE61IMj5fRdvFgrn7",
    "auth_opt_fb_computed": true,
    "auth_opt_tw_computed": true,
    "translations": [],
    "ownername": "admin",
    "is_mod": false,
    "is_owner": false,
    "conversation_id": "3dzkftnmrm"
  },
  "votes": [],
  "pca": "{\"n\":77,\"pca\":{\"comps\":[[0.2085595722822758,-0.4578885438656659,0.30516388392953375,0.49016847498525457,-0.31015200173857543,0.4984997182587363,-0.17440093578871171,-0.19580331098125825],[0.6937762215954728,0.16575947310529385,0.5479169395833693,-0.14001534744968253,0.228810618976962,-0.022943782255315702,0.30229751422097517,0.1646711195556867]],\"center\":[-0.29166666666666674,-0.41891891891891897,0.11940298507462689,0.136986301369863,-0.6376811594202898,-0.20547945205479454,-0.6478873239436621,-0.23188405797101458],\"comment-extremity\":[1.4514059960340395,0.8003545477173313,1.9857034461995857,1.6393731726185363,0.39497548377873853,1.1214361562249804,0.3475756622835691,0.5558337223652413],\"comment-projection\":[[-0.4178426822194622,0.7525606518371345,-0.9661945598498412,-1.5763244145004491,0.31784142554772266,-1.120250236143533,0.17369025963588403,0.42539443452766273],[-1.3899593009290625,-0.2724332346801343,-1.7347870903270761,0.45027296093723135,-0.23448339171898724,0.051560264826875396,-0.3010656651288567,-0.3577578818017715]]},\"tids\":[0,1,2,3,4,5,6,7],\"mod-in\":[0,7,1,4,6,3,2,5],\"n-cmts\":8,\"in-conv\":[0,65,70,62,74,7,20,72,58,60,27,1,24,55,39,46,4,54,15,48,50,75,31,32,40,33,13,22,36,41,43,61,29,44,6,28,64,51,25,34,17,3,12,2,66,23,47,35,76,19,57,11,9,5,14,45,53,26,16,38,30,73,10,18,52,67,71,42,63,8,49],\"mod-out\":[],\"repness\":{\"0\":[{\"tid\":3,\"p-test\":2.4009801919951244,\"n-agree\":23,\"repness\":27.42857142857143,\"n-trials\":33,\"n-success\":23,\"p-success\":0.6857142857142857,\"best-agree\":true,\"repful-for\":\"agree\",\"repness-test\":6.109499},{\"tid\":5,\"p-test\":5.487954724560283,\"repness\":5.253061224489796,\"n-trials\":33,\"n-success\":32,\"p-success\":0.942857142857143,\"repful-for\":\"agree\",\"repness-test\":6.703841},{\"tid\":0,\"p-test\":1.7149858514250889,\"repness\":1.571428571428571,\"n-trials\":33,\"n-success\":21,\"p-success\":0.6285714285714286,\"repful-for\":\"agree\",\"repness-test\":2.020196}],\"1\":[{\"tid\":1,\"p-test\":6.244997998398398,\"n-agree\":38,\"repness\":3.683333333333333,\"n-trials\":38,\"n-success\":38,\"p-success\":0.975,\"best-agree\":true,\"repful-for\":\"agree\",\"repness-test\":6.522688},{\"tid\":4,\"p-test\":5.753964555687506,\"repness\":1.578947368421053,\"n-trials\":36,\"n-success\":35,\"p-success\":0.9473684210526316,\"repful-for\":\"agree\",\"repness-test\":3.7591956},{\"tid\":6,\"p-test\":4.9639727679577,\"repness\":1.611842105263158,\"n-trials\":38,\"n-success\":34,\"p-success\":0.875,\"repful-for\":\"agree\",\"repness-test\":3.2889884},{\"tid\":3,\"p-test\":3.682947537517005,\"repness\":13.5625,\"n-trials\":38,\"n-success\":30,\"p-success\":0.775,\"repful-for\":\"disagree\",\"repness-test\":6.303076},{\"tid\":5,\"p-test\":1.946657053569151,\"repness\":22.43589743589744,\"n-trials\":37,\"n-success\":24,\"p-success\":0.641025641025641,\"repful-for\":\"disagree\",\"repness-test\":5.542752}]},\"consensus\":{\"agree\":[{\"tid\":4,\"p-test\":5.019960159204454,\"n-trials\":69,\"n-success\":55,\"p-success\":0.7887323943661972},{\"tid\":6,\"p-test\":4.006938426723768,\"n-trials\":71,\"n-success\":52,\"p-success\":0.726027397260274},{\"tid\":1,\"p-test\":2.424871130596429,\"n-trials\":74,\"n-success\":47,\"p-success\":0.6315789473684211}],\"disagree\":[]},\"meta-tids\":[],\"votes-base\":{\"0\":{\"A\":[0,0,1,2,1,1,0,0,1,0,1,1,0,1,1,0,0,0,0,1,3,1,0,0,0,0,0,1,1,1,0,0,0,0,0,0,0,1,1,0,1,0,0,0,1,2,0,1,1,1,1,1,1,1,1,2,0,1,0,0,0,1,0],\"D\":[0,2,0,0,0,0,0,0,0,1,0,0,0,0,0,0,3,0,0,0,0,0,1,0,1,1,0,0,0,0,1,1,0,1,1,1,0,0,0,0,0,0,0,1,0,0,0,0,0,0,0,0,0,0,0,0,0,0,0,0,0,0,1],\"S\":[1,2,1,2,1,1,1,1,1,1,1,1,1,1,1,1,3,1,1,1,3,1,1,1,1,1,1,1,1,1,1,1,1,1,1,1,1,1,1,1,1,1,1,1,1,2,1,1,1,1,1,1,1,1,1,2,1,1,1,1,1,1,1]},\"1\":{\"A\":[0,2,1,0,0,0,1,0,1,1,0,1,1,0,1,1,3,1,1,1,3,0,0,0,0,1,0,1,0,0,1,1,0,1,1,0,1,0,1,1,1,0,1,1,0,2,0,0,1,1,1,1,1,0,0,2,1,0,1,1,1,1,1],\"D\":[0,0,0,2,0,1,0,1,0,0,1,0,0,0,0,0,0,0,0,0,0,1,1,1,0,0,1,0,1,0,0,0,0,0,0,0,0,0,0,0,0,1,0,0,1,0,1,0,0,0,0,0,0,0,1,0,0,0,0,0,0,0,0],\"S\":[1,2,1,2,1,1,1,1,1,1,1,1,1,0,1,1,3,1,1,1,3,1,1,1,1,1,1,1,1,1,1,1,1,1,1,1,1,1,1,1,1,1,1,1,1,2,1,1,1,1,1,1,1,1,1,2,1,1,1,1,1,1,1]},\"2\":{\"A\":[0,0,0,2,0,1,0,1,0,0,0,0,0,0,0,0,0,0,0,0,3,1,0,0,0,0,0,1,1,0,0,0,0,0,0,0,0,0,0,0,1,1,0,0,1,0,0,0,1,0,0,1,0,1,1,0,1,1,0,0,0,0,0],\"D\":[0,2,1,0,0,0,1,0,1,1,0,0,0,0,1,0,3,1,0,0,0,0,1,0,1,1,0,0,0,0,1,1,0,1,1,1,0,0,0,0,0,0,1,1,0,2,0,0,0,0,0,0,1,0,0,0,0,0,0,1,0,1,1],\"S\":[1,2,1,2,1,1,1,1,1,1,0,0,0,0,1,1,3,1,1,1,3,1,1,1,1,1,1,1,1,1,1,1,1,1,1,1,1,1,1,1,1,1,1,1,1,2,1,1,1,1,1,1,1,1,1,2,1,1,1,1,1,1,1]},\"3\":{\"A\":[0,0,0,2,0,1,0,1,0,0,1,0,0,1,0,0,0,0,0,0,0,1,1,1,1,0,1,0,1,1,0,0,0,0,1,1,0,1,0,0,0,1,0,0,1,0,0,0,0,1,0,1,0,0,1,0,0,0,0,0,0,1,1],\"D\":[0,2,1,0,0,0,1,0,0,1,0,1,1,0,0,0,3,1,0,0,3,0,0,0,0,1,0,0,0,0,1,1,0,1,0,0,1,0,0,1,1,0,1,1,0,2,0,0,1,0,0,0,1,0,0,2,0,0,0,1,1,0,0],\"S\":[1,2,1,2,1,1,1,1,1,1,1,1,1,1,1,1,3,1,1,1,3,1,1,1,1,1,1,1,1,1,1,1,1,1,1,1,1,1,1,1,1,1,1,1,1,2,1,1,1,1,1,1,1,1,1,2,1,1,1,1,1,1,1]},\"4\":{\"A\":[0,2,1,0,1,1,1,0,1,1,0,0,0,0,1,1,3,1,1,1,3,0,0,0,1,1,0,1,0,1,1,1,1,1,1,1,1,1,1,1,1,0,1,0,1,2,1,1,1,1,1,1,1,1,0,2,1,1,1,1,1,1,1],\"D\":[0,0,0,2,0,0,0,1,0,0,1,0,0,0,0,0,0,0,0,0,0,1,1,0,0,0,1,0,1,0,0,0,0,0,0,0,0,0,0,0,0,1,0,1,0,0,0,0,0,0,0,0,0,0,1,0,0,0,0,0,0,0,0],\"S\":[1,2,1,2,1,1,1,1,1,1,1,0,0,1,1,1,3,1,1,1,3,1,1,1,1,1,1,1,1,1,1,1,1,1,1,1,1,1,1,1,1,1,1,1,1,2,1,1,1,1,1,1,1,1,1,2,1,1,1,1,1,1,1]},\"5\":{\"A\":[0,0,0,2,1,1,0,1,0,0,1,0,0,1,1,1,0,0,0,1,0,1,1,1,1,0,1,1,1,1,1,0,1,0,1,1,0,1,0,0,1,1,0,0,1,0,1,1,1,1,0,1,1,1,1,0,0,1,0,0,1,1,1],\"D\":[0,2,1,0,0,0,1,0,1,0,0,0,1,0,0,0,3,0,0,0,3,0,0,0,0,1,0,0,0,0,0,0,0,1,0,0,1,0,1,0,0,0,1,1,0,2,0,0,0,0,0,0,0,0,0,2,0,0,1,1,0,0,0],\"S\":[1,2,1,2,1,1,1,1,1,1,1,0,1,1,1,1,3,1,1,1,3,1,1,1,1,1,1,1,1,1,1,1,1,1,1,1,1,1,1,1,1,1,1,1,1,2,1,1,1,1,1,1,1,1,1,2,1,1,1,1,1,1,1]},\"6\":{\"A\":[0,2,0,0,0,0,1,0,1,1,0,0,1,1,1,1,3,1,1,1,3,0,0,1,0,0,0,1,0,0,1,1,1,1,1,1,1,1,1,1,1,1,0,1,1,2,0,1,1,1,1,1,1,1,1,2,1,1,1,1,1,1,0],\"D\":[0,0,0,0,0,0,0,0,0,0,0,1,0,0,0,0,0,0,0,0,0,0,1,0,0,1,1,0,1,0,0,0,0,0,0,0,0,0,0,0,0,0,0,0,0,0,0,0,0,0,0,0,0,0,0,0,0,0,0,0,0,0,1],\"S\":[1,2,1,2,1,1,1,1,1,1,1,1,1,1,1,1,3,1,1,1,3,1,1,1,1,1,1,1,1,1,1,1,1,1,1,1,1,1,1,1,1,1,1,1,1,2,1,1,1,1,1,1,1,1,1,2,1,1,1,1,1,1,1]},\"7\":{\"A\":[0,0,0,0,0,0,0,0,0,0,1,0,0,0,0,1,3,1,1,0,3,0,1,1,1,0,0,0,1,0,1,1,1,0,0,0,1,0,1,1,0,0,1,0,1,2,0,0,1,0,1,1,