{
  "user": {},
  "ptpt": null,
  "nextComment": {
    "txt": "原子力発電は最大限活用",
    "tid": 1,
    "created": "1728980432094",
    "tweet_id": null,
    "quote_src_url": null,
    "is_seed": true,
    "is_meta": false,
    "lang": null,
    "pid": 0,
    "randomN": 0.7209895332672221,
    "remaining": 8,
    "total": 8,
    "translations": []
  },
  "conversation": {
    "topic": "エネルギー政策",
    "description": "",
    "link_url": null,
    "parent_url": null,
    "upvotes": 1,
    "participant_count": 174,
    "is_anon": false,
    "is_active": true,
    "is_draft": true,
    "is_public": true,
    "is_data_open": false,
    "profanity_filter": true,
    "spam_filter": true,
    "strict_moderation": false,
    "prioritize_seed": false,
    "vis_type": 1,
    "write_type": 1,
    "help_type": 1,
    "write_hint_type": 1,
    "style_btn": null,
    "socialbtn_type": 0,
    "subscribe_type": 1,
    "branding_type": 1,
    "bgcolor": null,
    "help_bgcolor": null,
    "help_color": null,
    "email_domain": null,
    "use_xid_whitelist": false,
    "owner": 72,
    "org_id": 72,
    "context": null,
    "course_id": null,
    "owner_sees_participation_stats": false,
    "auth_needed_to_vote": false,
    "auth_needed_to_write": true,
    "auth_opt_fb": true,
    "auth_opt_tw": true,
    "auth_opt_allow_3rdparty": true,
    "modified": "1729353206579",
    "created": "1728980428991",
    "site_id": "polis_site_id_wlE61IMj5fRdvFgrn7",
    "auth_opt_fb_computed": true,
    "auth_opt_tw_computed": true,
    "translations": [],
    "ownername": "admin",
    "is_mod": false,
    "is_owner": false,
    "conversation_id": "3dzkftnmrm"
  },
  "votes": [],
  "pca": "{\"n\":174,\"pca\":{\"comps\":[[0.2345427786754322,-0.45441471649440446,0.37712962248771426,0.46936866265742844,-0.3611115004957661,0.46711832730031383,-0.13639497376158832,-0.09358750132574879],[0.6806012350711637,0.18161089217614534,0.4994967028285434,-0.1562309803845513,0.27153192944355214,-0.07482098745744818,0.20954293484738035,0.32658591040978424]],\"center\":[-0.2590361445783131,-0.37804878048780477,0.15432098765432092,0.1566265060240964,-0.5750000000000002,-0.11377245508982035,-0.7055214723926377,-0.37267080745341624],\"comment-extremity\":[1.5086990029167118,0.8608582294975776,2.0434382294045004,1.618335210699965,0.5431108965939574,1.185818055492329,0.20824747021417908,0.6028029088056851],\"comment-projection\":[[-0.49154590557607825,0.7993807854981441,-1.2312953287570636,-1.535508499623458,0.43408546430050926,-1.1708928252427362,0.11360488151155486,0.16605744196263206],[-1.4263783874250457,-0.31947965673900763,-1.6308131746993078,0.5110993071560731,-0.3264035166509448,0.18754853378976802,-0.17453062696086033,-0.5794793118252127]]},\"tids\":[0,1,2,3,4,5,6,7],\"mod-in\":[0,7,1,4,6,3,2,5],\"n-cmts\":8,\"in-conv\":[0,121,65,70,62,74,164,110,130,128,153,7,86,154,20,72,58,60,27,1,69,101,24,102,135,55,165,85,39,88,46,149,157,4,106,119,95,144,54,92,141,137,104,15,48,50,116,75,159,31,113,32,136,40,129,91,117,172,108,156,33,13,22,168,90,109,143,167,36,41,118,162,89,100,131,122,43,61,29,151,44,93,6,111,28,134,64,155,103,170,51,25,166,34,146,125,148,17,3,12,152,2,66,142,107,23,47,158,35,127,82,76,97,19,57,11,115,9,5,112,83,138,14,45,53,132,26,123,140,16,133,163,81,120,79,38,173,126,98,124,87,169,160,30,73,96,10,18,105,52,114,147,67,161,71,42,80,63,94,8,49],\"mod-out\":[],\"repness\":{\"0\":[{\"tid\":3,\"p-test\":3.8805700005813266,\"n-agree\":49,\"repness\":23.18840579710145,\"n-trials\":67,\"n-success\":49,\"p-success\":0.7246376811594203,\"best-agree\":true,\"repful-for\":\"agree\",\"repness-test\":9.45742},{\"tid\":5,\"p-test\":7.276068751089989,\"repness\":6.293995859213251,\"n-trials\":67,\"n-success\":63,\"p-success\":0.927536231884058,\"repful-for\":\"agree\",\"repness-test\":9.959691},{\"tid\":2,\"p-test\":1.9694638556693238,\"repness\":8.217484008528785,\"n-trials\":65,\"n-success\":40,\"p-success\":0.6119402985074627,\"repful-for\":\"agree\",\"repness-test\":7.38886},{\"tid\":0,\"p-test\":3.1529631254723283,\"repness\":2.254872563718141,\"n-trials\":67,\"n-success\":46,\"p-success\":0.6811594202898551,\"repful-for\":\"agree\",\"repness-test\":4.87005},{\"tid\":1,\"p-test\":1.3438638879193578,\"repness\":55.05882352941176,\"n-trials\":66,\"n-success\":38,\"p-success\":0.573529411764706,\"repful-for\":\"disagree\",\"repness-test\":8.308279}],\"1\":[{\"tid\":1,\"p-test\":8.72081599272381,\"n-agree\":89,\"repness\":5.795454545454545,\"n-trials\":94,\"n-success\":89,\"p-success\":0.9375,\"best-agree\":true,\"repful-for\":\"agree\",\"repness-test\":10.132063},{\"tid\":4,\"p-test\":9.228870083100785,\"repness\":2.087433510638298,\"n-trials\":92,\"n-success\":90,\"p-success\":0.9680851063829787,\"repful-for\":\"agree\",\"repness-test\":7.496321},{\"tid\":3,\"p-test\":5.232489595634284,\"repness\":13.1171875,\"n-trials\":94,\"n-success\":72,\"p-success\":0.7604166666666667,\"repful-for\":\"disagree\",\"repness-test\":8.948032},{\"tid\":5,\"p-test\":1.8565582432658276,\"repness\":40.67368421052632,\"n-trials\":93,\"n-success\":55,\"p-success\":0.5894736842105263,\"repful-for\":\"disagree\",\"repness-test\":7.6427374},{\"tid\":2,\"p-test\":3.21455025366432,\"repness\":4.91016548463357,\"n-trials\":92,\"n-success\":61,\"p-success\":0.6595744680851064,\"repful-for\":\"disagree\",\"repness-test\":6.6277423}]},\"consensus\":{\"agree\":[{\"tid\":6,\"p-test\":7.027819284987273,\"n-trials\":163,\"n-success\":126,\"p-success\":0.7696969696969697},{\"tid\":4,\"p-test\":6.698938453032356,\"n-trials\":160,\"n-success\":122,\"p-success\":0.7592592592592593},{\"tid\":1,\"p-test\":3.036145882229939,\"n-trials\":164,\"n-success\":101,\"p-success\":0.6144578313253012},{\"tid\":7,\"p-test\":2.1998877636914824,\"n-trials\":161,\"n-success\":94,\"p-success\":0.5828220858895706}],\"disagree\":[]},\"meta-tids\":[],\"votes-base\":{\"0\":{\"A\":[0,1,1,1,0,0,2,0,1,1,0,0,1,0,0,0,0,1,1,0,0,0,0,0,1,1,1,0,0,0,1,1,1,2,1,1,1,0,0,2,0,1,1,0,0,0,0,0,0,2,0,1,0,0,1,1,0,1,0,1,1,2,0,1,0,1,0,0,1,0,1,0,2,0,0,0,1,1,1,0,0,3,0,4,0,2,1,0,5,1,1,3,3,1,0,0,0,0,3,3],\"D\":[0,0,0,0,1,1,0,0,0,0,0,0,0,1,0,1,2,0,0,1,1,0,1,1,0,0,0,0,1,0,0,0,0,0,0,0,0,0,0,0,1,0,0,0,0,0,0,1,0,0,0,0,2,10,0,0,1,0,0,0,0,0,1,0,0,0,0,0,0,0,0,1,0,0,2,0,0,0,0,0,1,0,0,0,0,0,0,1,0,0,0,0,0,0,0,2,1,1,0,0],\"S\":[1,1,1,1,2,1,2,1,1,1,2,3,1,1,1,1,2,1,1,1,1,2,1,1,1,1,1,1,1,1,1,1,1,2,1,1,1,4,6,2,1,1,1,1,1,1,1,1,1,2,1,1,2,10,2,2,1,1,2,1,1,2,1,2,1,1,1,1,1,1,1,1,2,4,2,2,1,2,1,1,1,3,1,4,1,2,1,1,5,3,1,3,3,1,1,2,1,1,3,3]},\"1\":{\"A\":[0,1,0,0,2,1,2,1,0,1,2,3,1,0,0,0,1,1,0,1,1,0,1,0,0,1,1,1,1,0,0,1,1,2,0,1,0,4,6,2,1,1,0,0,0,1,1,1,1,0,0,0,2,10,0,0,1,0,0,1,0,0,0,0,1,0,0,1,0,0,1,1,0,4,2,1,1,2,0,0,1,0,1,0,0,2,0,0,5,3,1,3,3,1,1,2,1,1,0,0],\"D\":[0,0,0,1,0,0,0,0,0,0,0,0,0,1,1,0,0,0,0,0,0,0,0,0,0,0,0,0,0,1,0,0,0,0,0,0,0,0,0,0,0,0,0,1,1,0,0,0,0,1,0,1,0,0,2,0,0,1,2,0,1,1,1,0,0,1,1,0,0,0,0,0,2,0,0,0,0,0,1,1,0,3,0,4,1,0,1,1,0,0,0,0,0,0,0,0,0,0,3,3],\"S\":[1,1,1,1,2,1,2,1,0,1,2,3,1,1,1,1,2,1,1,1,1,2,1,1,1,1,1,1,1,1,1,1,1,2,1,1,1,4,6,2,1,1,1,1,1,1,1,1,1,2,1,1,2,10,2,2,1,1,2,1,1,2,1,2,1,1,1,1,1,1,1,1,2,4,2,2,1,2,1,1,1,3,1,4,1,2,1,1,5,3,1,3,3,1,1,2,1,1,3,3]},\"2\":{\"A\":[0,0,0,1,0,0,0,0,0,0,0,0,0,0,0,0,0,1,0,0,0,0,0,0,0,0,1,0,0,0,0,1,0,2,1,0,1,0,0,0,0,1,0,1,0,0,1,0,0,2,0,1,0,0,1,0,0,0,0,0,1,2,0,2,1,1,1,0,1,1,0,0,2,0,0,0,0,0,0,0,0,3,0,4,1,0,1,0,0,0,0,0,3,0,1,0,0,0,3,3],\"D\":[0,1,0,0,2,1,0,0,0,1,0,3,0,1,0,1,2,0,0,1,1,0,1,1,0,1,0,1,1,0,0,0,0,0,0,0,0,0,6,2,1,0,1,0,0,1,0,1,1,0,1,0,2,10,0,2,1,0,0,1,0,0,1,0,0,0,0,0,0,0,0,0,0,0,2,0,1,2,0,0,1,0,1,0,0,0,0,1,5,1,1,0,0,0,0,2,1,1,0,0],\"S\":[1,1,1,1,2,1,2,0,0,1,2,3,1,1,1,1,2,1,1,1,1,2,1,1,1,1,1,1,1,1,1,1,1,2,1,0,1,4,6,2,1,1,1,1,1,1,1,1,1,2,1,1,2,10,1,2,1,1,2,1,1,2,1,2,1,1,1,1,1,1,1,1,2,4,2,2,1,2,1,1,1,3,1,4,1,2,1,1,5,3,1,3,3,1,1,2,1,1,3,3]},\"3\":{\"A\":[0,0,0,1,0,0,0,0,1,0,0,0,0,1,1,1,0,0,1,0,0,0,1,1,1,0,0,0,0,0,0,0,1,2,0,0,0,0,0,2,1,1,1,1,1,0,0,0,0,2,0,0,0,0,2,0,0,0,2,0,0,2,1,0,0,1,1,0,1,0,0,0,2,0,0,0,0,0,1,1,0,3,0,4,1,0,1,1,0,0,0,0,0,0,0,0,0,0,3,3],\"D\":[0,1,0,0,2,1,2,1,