{
  "user": {},
  "ptpt": null,
  "nextComment": {
    "txt": "「核のごみ」問題を解決しうる核融合発電を柱に据えて技術開発を推進",
    "tid": 6,
    "created": "1728980436175",
    "tweet_id": null,
    "quote_src_url": null,
    "is_seed": true,
    "is_meta": false,
    "lang": null,
    "pid": 0,
    "randomN": 5.280974077278409,
    "remaining": 8,
    "total": 8,
    "translations": []
  },
  "conversation": {
    "topic": "エネルギー政策",
    "description": "",
    "link_url": null,
    "parent_url": null,
    "upvotes": 1,
    "participant_count": 161,
    "is_anon": false,
    "is_active": true,
    "is_draft": true,
    "is_public": true,
    "is_data_open": false,
    "profanity_filter": true,
    "spam_filter": true,
    "strict_moderation": false,
    "prioritize_seed": false,
    "vis_type": 1,
    "write_type": 1,
    "help_type": 1,
    "write_hint_type": 1,
    "style_btn": null,
    "socialbtn_type": 0,
    "subscribe_type": 1,
    "branding_type": 1,
    "bgcolor": null,
    "help_bgcolor": null,
    "help_color": null,
    "email_domain": null,
    "use_xid_whitelist": false,
    "owner": 72,
    "org_id": 72,
    "context": null,
    "course_id": null,
    "owner_sees_participation_stats": false,
    "auth_needed_to_vote": false,
    "auth_needed_to_write": true,
    "auth_opt_fb": true,
    "auth_opt_tw": true,
    "auth_opt_allow_3rdparty": true,
    "modified": "1729345945181",
    "created": "1728980428991",
    "site_id": "polis_site_id_wlE61IMj5fRdvFgrn7",
    "auth_opt_fb_computed": true,
    "auth_opt_tw_computed": true,
    "translations": [],
    "ownername": "admin",
    "is_mod": false,
    "is_owner": false,
    "conversation_id": "3dzkftnmrm"
  },
  "votes": [],
  "pca": "{\"n\":161,\"pca\":{\"comps\":[[0.2472284635925145,-0.45378360568907034,0.378912190273583,0.4757709164722308,-0.35907078799669373,0.4583235367868201,-0.1368014411253063,-0.07293273366228493],[0.7317264993592156,0.23961803500783496,0.43139464806612204,-0.16549571379940897,0.35378454600449666,-0.0015173053604831497,0.2516074723115193,-0.07209179175374812]],\"center\":[-0.28104575163398704,-0.36184210526315785,0.12000000000000001,0.15032679738562088,-0.5578231292517007,-0.1233766233766233,-0.6800000000000004,-0.33108108108108103],\"comment-extremity\":[1.5706089396914882,0.926250716185349,1.818890456019649,1.6389530557079588,0.630433615128616,1.136403549736513,0.2592133597220008,0.19402255933887358],\"comment-projection\":[[-0.502741478220806,0.8190717390284299,-1.2003325788908068,-1.5479756359183818,0.4490772868761865,-1.136397322423739,0.12381853017061914,0.13798788712876575],[-1.4879729323866007,-0.4325065034873068,-1.366588522947823,0.5384594222571805,-0.44246596874342686,0.003762106046398055,-0.22772908783191245,0.13639683478052458]]},\"tids\":[0,1,2,3,4,5,6,7],\"mod-in\":[0,7,1,4,6,3,2,5],\"n-cmts\":8,\"in-conv\":[0,121,65,70,62,74,110,130,128,153,7,86,154,20,72,58,60,27,1,69,101,24,102,135,55,85,39,88,46,149,157,4,106,119,95,144,54,92,141,137,104,15,48,50,116,75,159,31,113,32,136,40,129,91,117,108,156,33,13,22,90,109,143,36,41,118,89,100,131,122,43,61,29,151,44,93,6,111,28,134,64,155,103,51,25,34,146,125,148,17,3,12,152,2,66,142,107,23,47,158,35,127,82,76,97,19,57,11,115,9,5,112,83,138,14,45,53,132,26,123,140,16,133,81,120,79,38,126,98,124,87,160,30,73,96,10,18,105,52,114,147,67,71,42,80,63,94,8,49],\"mod-out\":[],\"repness\":{\"0\":[{\"tid\":3,\"p-test\":4.409585518440985,\"n-agree\":48,\"repness\":22.71354166666667,\"n-trials\":62,\"n-success\":48,\"p-success\":0.765625,\"best-agree\":true,\"repful-for\":\"agree\",\"repness-test\":9.48355},{\"tid\":5,\"p-test\":6.929348671835833,\"repness\":5.794642857142857,\"n-trials\":62,\"n-success\":58,\"p-success\":0.921875,\"repful-for\":\"agree\",\"repness-test\":9.37994},{\"tid\":2,\"p-test\":2.176626958859232,\"repness\":6.840725806451613,\"n-trials\":60,\"n-success\":38,\"p-success\":0.6290322580645161,\"repful-for\":\"agree\",\"repness-test\":6.9979653},{\"tid\":0,\"p-test\":3.4016802570830453,\"repness\":2.0859375,\"n-trials\":62,\"n-success\":44,\"p-success\":0.703125,\"repful-for\":\"agree\",\"repness-test\":4.524908},{\"tid\":1,\"p-test\":1.7780017780026671,\"repness\":53.68253968253968,\"n-trials\":61,\"n-success\":37,\"p-success\":0.6031746031746033,\"repful-for\":\"disagree\",\"repness-test\":8.270908}],\"1\":[{\"tid\":1,\"p-test\":8.528028654224416,\"n-agree\":83,\"repness\":6.606741573033708,\"n-trials\":87,\"n-success\":83,\"p-success\":0.9438202247191011,\"best-agree\":true,\"repful-for\":\"agree\",\"repness-test\":10.056772},{\"tid\":4,\"p-test\":8.842287402681949,\"repness\":2.130796670630202,\"n-trials\":85,\"n-success\":83,\"p-success\":0.9655172413793103,\"repful-for\":\"agree\",\"repness-test\":7.2749643},{\"tid\":3,\"p-test\":5.756419341601481,\"repness\":17.0187265917603,\"n-trials\":87,\"n-success\":70,\"p-success\":0.797752808988764,\"repful-for\":\"disagree\",\"repness-test\":9.202261},{\"tid\":5,\"p-test\":1.8225913092242523,\"repness\":37.81818181818182,\"n-trials\":86,\"n-success\":51,\"p-success\":0.5909090909090909,\"repful-for\":\"disagree\",\"repness-test\":7.3577743},{\"tid\":2,\"p-test\":2.5879865568825204,\"repness\":4.899425287356322,\"n-trials\":85,\"n-success\":54,\"p-success\":0.632183908045977,\"repful-for\":\"disagree\",\"repness-test\":6.137021}]},\"consensus\":{\"agree\":[{\"tid\":6,\"p-test\":6.266171132537927,\"n-trials\":150,\"n-success\":113,\"p-success\":0.75},{\"tid\":4,\"p-test\":6.247161517603578,\"n-trials\":147,\"n-success\":111,\"p-success\":0.7516778523489933},{\"tid\":1,\"p-test\":2.829582292090552,\"n-trials\":152,\"n-success\":93,\"p-success\":0.6103896103896104},{\"tid\":7,\"p-test\":1.3926942648823681,\"n-trials\":148,\"n-success\":82,\"p-success\":0.5533333333333333}],\"disagree\":[]},\"meta-tids\":[],\"votes-base\":{\"0\":{\"A\":[0,1,1,1,0,0,1,0,1,1,0,0,1,0,0,0,0,1,1,0,0,0,0,0,1,1,1,0,0,0,1,1,1,2,1,1,1,0,0,0,2,0,1,1,0,0,0,0,0,0,1,0,0,1,0,2,0,1,1,0,1,0,0,1,1,1,3,0,1,0,0,0,1,0,0,1,0,1,0,0,2,0,5,1,0,0,4,0,3,2,1,1,3,1,1,0,3,0,5],\"D\":[0,0,0,0,0,1,0,0,0,0,0,0,0,1,0,1,1,0,0,1,1,0,1,1,0,0,0,0,1,0,0,0,0,0,0,0,0,0,0,0,0,1,0,0,0,0,0,0,1,0,0,0,0,0,2,0,2,0,0,1,0,0,10,0,0,0,0,1,0,0,1,0,0,0,0,0,0,0,1,1,0,0,0,0,2,0,0,0,0,0,0,0,0,0,0,0,0,2,0],\"S\":[1,1,1,1,1,2,2,1,1,1,1,2,1,1,1,1,1,1,1,1,1,1,1,1,1,1,1,1,1,1,1,1,1,2,1,1,1,1,4,3,2,1,1,1,1,1,1,1,1,1,1,1,2,1,2,2,2,3,1,1,1,2,10,1,1,1,3,1,1,2,1,1,1,1,1,1,1,1,1,1,2,1,5,1,2,1,4,1,3,2,1,1,3,1,1,1,3,2,5]},\"1\":{\"A\":[0,1,0,0,1,2,2,1,0,1,1,2,1,0,0,0,0,1,0,1,1,0,1,0,0,1,1,1,1,0,0,1,1,2,0,1,0,1,4,3,2,1,1,0,0,0,1,1,1,1,0,0,2,0,2,0,2,0,0,1,0,0,10,1,0,0,0,0,0,2,1,1,0,0,1,0,0,1,1,1,0,1,5,1,2,0,4,1,0,2,1,1,3,1,0,0,0,2,0],\"D\":[0,0,0,1,0,0,0,0,0,0,0,0,0,1,1,0,0,0,0,0,0,0,0,0,0,0,0,0,0,1,0,0,0,0,0,0,0,0,0,0,0,0,0,0,1,1,0,0,0,0,1,0,0,1,0,1,0,3,0,0,1,2,0,0,1,0,3,1,0,0,0,0,1,1,0,0,0,0,0,0,2,0,0,0,0,0,0,0,3,0,0,0,0,0,1,1,3,0,5],\"S\":[1,1,1,1,1,2,2,1,0,1,1,2,1,1,1,1,1,1,1,1,1,1,1,1,1,1,1,1,1,1,1,1,1,2,1,1,1,1,4,3,2,1,1,1,1,1,1,1,1,1,1,1,2,1,2,2,2,3,1,1,1,2,10,1,1,1,3,1,1,2,1,1,1,1,1,1,1,1,1,1,2,1,5,1,2,1,4,1,3,2,1,1,3,1,1,1,3,2,5]},\"2\":{\"A\":[0,0,0,1,0,0,1,0,0,0,0,0,0,0,0,0,0,1,0,0,0,0,0,0,0,0,1,0,0,0,0,1,0,2,1,0,1,0,0,0,0,0,1,0,1,0,0,1,0,0,1,0,0,1,0,2,0,2,0,0,0,0,0,0,1,1,3,0,1,0,0,1,1,1,0,1,1,0,0,0,2,0,0,0,0,0,0,0,3,0,0,0,3,0,0,0,3,0,5],\"D\":[0,1,0,0,1,2,1,0,0,1,0,2,0,1,0,1,1,0,0,1,1,0,1,1,0,1,0,1,1,0,0,0,0,0,0,0,0,0,4,0,2,1,0,1,0,0,1,0,1,1,0,1,0,0,2,0,2,0,1,1,0,0,10,1,0,0,0,1,0,0,1,0,0,0,0,0,0,0,0,1,0,0,5,1,2,0,0,0,0,0,0,0,0,1,0,0,0,2,0],\"S\":[1,1,1,1,1,2,2,0,0,1,1,2,1,1,1,1,1,1,1,1,1,1,1,1,1,1,1,1,1,1,1,1,1,2,1,0,1,1,4,3,2,1,1,1,1,1,1,1,1,1,1,1,2,1,2,2,2,2,1,1,1,2,10,1,1,1,3,1,1,2,1,1,1,1,1,1,1,1,1,1,2,1,5,1,2,1,4,1,3,2,1,1,3,1,1,1,3,2,5]},\"3\":{\"A\":[0,0,0,1,0,0,0,0,1,0,0,0,0,1,1,1,0,0,1,0,0,0,1,1,1,0,0,0,0,0,0,0,1,2,0,0,0,0,0,0,2,1,1,1,1,1,0,0,0,0,1,0,0,0,0,2,0,3,0,0,0,2,0,0,0,1,3,1,0,0,0,0,1,1,0,1,0,0,0,0,2,0,0,0,0,0,0,0,3,0,0,0,0,0,1,1,3,0,5],\"D\":[0,1,0,0,1,2,2,1,0,0,0,2,0,0,0,0,1,0,0,1,1,0,0,0,0,1,1,1,1,0,0,1,0,0,0,1,0,0,4,0,0,0,0,0,0,0,1,0,0,