{
  "user": {},
  "ptpt": null,
  "nextComment": {
    "txt": "2050年までのカーボンニュートラルの実現",
    "tid": 0,
    "created": "1728980431480",
    "tweet_id": null,
    "quote_src_url": null,
    "is_seed": true,
    "is_meta": false,
    "lang": null,
    "pid": 0,
    "randomN": 0.039220199554996,
    "remaining": 8,
    "total": 8,
    "translations": []
  },
  "conversation": {
    "topic": "エネルギー政策",
    "description": "",
    "link_url": null,
    "parent_url": null,
    "upvotes": 1,
    "participant_count": 191,
    "is_anon": false,
    "is_active": true,
    "is_draft": true,
    "is_public": true,
    "is_data_open": false,
    "profanity_filter": true,
    "spam_filter": true,
    "strict_moderation": false,
    "prioritize_seed": false,
    "vis_type": 1,
    "write_type": 1,
    "help_type": 1,
    "write_hint_type": 1,
    "style_btn": null,
    "socialbtn_type": 0,
    "subscribe_type": 1,
    "branding_type": 1,
    "bgcolor": null,
    "help_bgcolor": null,
    "help_color": null,
    "email_domain": null,
    "use_xid_whitelist": false,
    "owner": 72,
    "org_id": 72,
    "context": null,
    "course_id": null,
    "owner_sees_participation_stats": false,
    "auth_needed_to_vote": false,
    "auth_needed_to_write": true,
    "auth_opt_fb": true,
    "auth_opt_tw": true,
    "auth_opt_allow_3rdparty": true,
    "modified": "1729378957697",
    "created": "1728980428991",
    "site_id": "polis_site_id_wlE61IMj5fRdvFgrn7",
    "auth_opt_fb_computed": true,
    "auth_opt_tw_computed": true,
    "translations": [],
    "ownername": "admin",
    "is_mod": false,
    "is_owner": false,
    "conversation_id": "3dzkftnmrm"
  },
  "votes": [],
  "pca": "{\"n\":191,\"pca\":{\"comps\":[[0.23022078627449283,-0.4586847253038284,0.3715468662657348,0.46604618365123734,-0.3744397888259786,0.4572017507394237,-0.1454484488593584,-0.10472223069388852],[0.7350856607140114,0.16208365206417324,0.503825393396884,-0.20039024384140053,0.284465382292098,-0.0921472838388468,0.17731671988459002,0.13612049623678268]],\"center\":[-0.24725274725274715,-0.3611111111111113,0.14525139664804473,0.13186813186813184,-0.5454545454545456,-0.14207650273224048,-0.6888888888888891,-0.36158192090395497],\"comment-extremity\":[1.6400254035978703,0.879094001153804,2.0278055526583434,1.6240798573729265,0.6045635119362417,1.131742716986338,0.2018082033207884,0.31011895388835187],\"comment-projection\":[[-0.4901609459964089,0.8288665369830658,-1.2035369447228612,-1.4920032936706729,0.48139802513619684,-1.109433922534616,0.1279881051574434,0.1890989229266272],[-1.565064079028799,-0.2928933709292589,-1.6320215017208475,0.6415306343428419,-0.36572254696648376,0.2236022114852046,-0.15603075294880772,-0.2457953679563454]]},\"tids\":[0,1,2,3,4,5,6,7],\"mod-in\":[0,7,1,4,6,3,2,5],\"n-cmts\":8,\"in-conv\":[0,121,65,70,62,74,164,186,110,130,128,153,7,86,154,20,72,58,60,175,27,1,69,101,24,102,135,55,165,85,39,88,46,149,157,4,106,119,95,144,176,54,92,141,137,104,15,48,50,116,75,159,31,113,32,136,174,182,40,129,91,117,172,108,156,181,33,13,22,168,90,109,143,178,167,36,41,187,118,162,184,89,100,131,122,43,61,29,151,44,93,6,111,28,134,64,189,155,103,170,51,25,166,34,146,125,148,17,3,12,152,2,66,142,107,23,47,180,158,35,127,82,76,97,19,57,11,115,9,5,112,179,83,138,14,45,53,132,26,123,140,16,133,163,81,120,79,38,173,126,98,124,87,169,160,30,73,96,10,18,105,185,52,114,147,67,161,71,42,80,183,63,94,8,190,177,49],\"mod-out\":[],\"repness\":{\"0\":[{\"tid\":3,\"p-test\":4.714045207910317,\"n-agree\":55,\"repness\":16.56986301369863,\"n-trials\":71,\"n-success\":55,\"p-success\":0.767123287671233,\"best-agree\":true,\"repful-for\":\"agree\",\"repness-test\":10.118709},{\"tid\":5,\"p-test\":7.542472332656506,\"repness\":4.983561643835616,\"n-trials\":71,\"n-success\":67,\"p-success\":0.9315068493150686,\"repful-for\":\"agree\",\"repness-test\":9.898137},{\"tid\":2,\"p-test\":1.9123657749350305,\"repness\":6.419718309859155,\"n-trials\":69,\"n-success\":42,\"p-success\":0.6056338028169014,\"repful-for\":\"agree\",\"repness-test\":7.3206906},{\"tid\":0,\"p-test\":3.064129385141706,\"repness\":2.196762141967621,\"n-trials\":71,\"n-success\":48,\"p-success\":0.6712328767123288,\"repful-for\":\"agree\",\"repness-test\":4.900081},{\"tid\":1,\"p-test\":2.254885150568322,\"repness\":67.5,\"n-trials\":70,\"n-success\":44,\"p-success\":0.625,\"repful-for\":\"disagree\",\"repness-test\":9.318966}],\"1\":[{\"tid\":1,\"p-test\":9.183996645933805,\"n-agree\":100,\"repness\":7.481481481481481,\"n-trials\":106,\"n-success\":100,\"p-success\":0.9351851851851852,\"best-agree\":true,\"repful-for\":\"agree\",\"repness-test\":10.987271},{\"tid\":4,\"p-test\":9.856590736780186,\"repness\":2.445998698763826,\"n-trials\":104,\"n-success\":102,\"p-success\":0.9716981132075472,\"repful-for\":\"agree\",\"repness-test\":8.677874},{\"tid\":6,\"p-test\":7.830565561269876,\"repness\":1.477605512489233,\"n-trials\":106,\"n-success\":93,\"p-success\":0.8703703703703703,\"repful-for\":\"agree\",\"repness-test\":4.354541},{\"tid\":3,\"p-test\":5.123703391942019,\"repness\":18.02469135802469,\"n-trials\":106,\"n-success\":79,\"p-success\":0.7407407407407407,\"repful-for\":\"disagree\",\"repness-test\":9.287798},{\"tid\":2,\"p-test\":2.8301102115507453,\"repness\":4.487735849056604,\"n-trials\":104,\"n-success\":66,\"p-success\":0.6320754716981132,\"repful-for\":\"disagree\",\"repness-test\":6.4657416}]},\"consensus\":{\"agree\":[{\"tid\":6,\"p-test\":7.061294389348078,\"n-trials\":180,\"n-success\":137,\"p-success\":0.7582417582417582},{\"tid\":4,\"p-test\":6.539320443624611,\"n-trials\":176,\"n-success\":131,\"p-success\":0.7415730337078652},{\"tid\":1,\"p-test\":3.0475059996133815,\"n-trials\":180,\"n-success\":110,\"p-success\":0.6098901098901099},{\"tid\":7,\"p-test\":1.9487823913892386,\"n-trials\":177,\"n-success\":101,\"p-success\":0.5698324022346369}],\"disagree\":[]},\"meta-tids\":[],\"votes-base\":{\"0\":{\"A\":[0,1,1,1,0,0,0,1,1,0,0,1,0,0,0,0,1,1,0,0,0,0,0,1,0,1,0,0,1,1,1,2,1,1,1,1,2,0,1,1,0,0,0,0,0,0,0,1,0,2,0,1,0,1,1,3,0,1,0,0,6,1,0,1,0,2,0,0,1,0,0,0,7,0,0,1,1,0,0,4,2,2,0,0,5,4,0,0,1,1,0,1,0,0,3,2,1,0,1,0],\"D\":[0,0,0,0,2,1,0,0,0,0,0,0,1,0,2,2,0,0,1,1,0,1,1,0,0,0,1,0,0,0,0,0,0,0,0,0,0,1,0,0,0,0,0,0,1,0,0,0,2,0,1,0,0,0,0,0,1,0,0,0,0,0,0,0,1,0,2,0,0,0,1,0,0,0,1,0,0,4,0,0,0,0,0,0,0,0,0,0,0,0,1,0,10,1,0,0,0,0,0,0],\"S\":[1,2,2,1,2,1,1,1,1,2,3,1,1,1,2,2,1,1,1,1,2,1,1,1,1,1,1,1,1,1,1,2,1,1,1,4,2,1,1,1,2,1,6,2,1,1,1,1,2,2,1,1,2,1,1,3,1,1,1,1,6,1,1,1,1,2,2,2,1,1,1,1,7,1,1,1,2,4,1,4,2,2,1,2,5,4,2,1,1,1,1,5,10,1,3,2,1,1,4,1]},\"1\":{\"A\":[0,2,0,0,2,1,1,0,1,2,3,1,0,0,0,1,1,0,1,1,0,1,1,0,1,1,1,0,0,1,1,2,0,1,0,4,2,1,1,0,0,0,6,2,1,1,0,0,2,0,1,0,0,1,0,0,0,0,1,0,6,0,0,1,1,0,2,1,1,0,1,1,0,0,0,1,2,4,0,0,0,0,1,2,5,0,1,1,0,0,1,5,10,1,3,2,1,0,4,0],\"D\":[0,0,0,1,0,0,0,0,0,0,0,0,1,1,0,0,0,0,0,0,0,0,0,0,0,0,0,1,0,0,0,0,0,0,0,0,0,0,0,0,2,1,0,0,0,0,0,1,0,2,0,1,2,0,1,2,1,0,0,1,0,0,0,0,0,2,0,0,0,1,0,0,7,1,1,0,0,0,1,4,2,1,0,0,0,4,0,0,0,1,0,0,0,0,0,0,0,0,0,1],\"S\":[1,2,2,1,2,1,1,0,1,2,3,1,1,1,2,2,1,1,1,1,2,1,1,1,1,1,1,1,1,1,1,2,1,1,1,4,2,1,1,1,2,1,6,2,1,1,1,1,2,2,1,1,2,1,1,3,1,1,1,1,6,1,1,1,1,2,2,2,1,1,1,1,7,1,1,1,2,4,1,4,2,2,1,2,5,4,2,1,1,1,1,5,10,1,3,2,1,1,4,1]},\"2\":{\"A\":[0,0,1,0,0,0,0,0,0,0,0,0,0,0,0,0,1,0,0,0,0,0,0,0,0,1,0,0,0,1,0,2,1,0,1,0,0,0,1,0,2,0,0,2,0,0,0,1,0,0,0,0,0,0,1,3,0,1,1,1,0,1,1,0,0,2,0,0,0,0,0,0,7,1,0,0,1,0,0,4,2,2,0,0,0,4,0,0,0,1,0,0,0,0,3,0,0,0,0,1],\"D\":[0,1,0,0,2,1,0,0,1,0,3,0,1,0,2,2,0,0,1,1,0,1,1,0,0,0,1,0,0,0,0,0,0,0,0,1,2,1,0,1,0,0,6,0,1,1,1,0,2,0,1,0,0,1,0,0,1,0,0,0,6,0,0,0,0,0,2,0,1,0,1,1,0,0,1,1,0,4,0,0,0,0,1,2,0,0,2,1,1,0,1,1,10,1,0,0,0,0,1,0],\"S\":[1,2,2,1,2,1,0,0,1,2,3,1,1,1,2,2,1,1,1,1,2,1,1,1,1,1,1,1,1,1,1,2,1,0,1,4,2,1,1,1,2,1,6,2,1,1,1,1,2,1,1,1,2,1,1,3,1,1,1,1,6,1,1,1,1,2,2,2,1,1,1,1,7,1,1,1,2,4,1,4,2,2,1,2,5,4,2,1,1,1,1,5,10,1,3,2,1,1,4,1]},\"3\":{\"A\":[0,0,0,1,0,0,0,1,0,0,0,0,1,1,2,0,0,1,0,0,0,1,1,1,0,0,0,0,0,0,1,2,0,0,0,0,2,1,1,1,2,1,0,0,1,0,0,0,0,2,0,0,2,0,0,3,1,0,0,1,0,1,0,0,0,2,0,0,0,1,0,0,7,1,1,0,0,0,