{
  "user": {},
  "ptpt": null,
  "nextComment": {
    "txt": "2050年までのカーボンニュートラルの実現",
    "tid": 0,
    "created": "1728980431480",
    "tweet_id": null,
    "quote_src_url": null,
    "is_seed": true,
    "is_meta": false,
    "lang": null,
    "pid": 0,
    "randomN": 0.3462739449857908,
    "remaining": 8,
    "total": 8,
    "translations": []
  },
  "conversation": {
    "topic": "エネルギー政策",
    "description": "",
    "link_url": null,
    "parent_url": null,
    "upvotes": 1,
    "participant_count": 114,
    "is_anon": false,
    "is_active": true,
    "is_draft": true,
    "is_public": true,
    "is_data_open": false,
    "profanity_filter": true,
    "spam_filter": true,
    "strict_moderation": false,
    "prioritize_seed": false,
    "vis_type": 1,
    "write_type": 1,
    "help_type": 1,
    "write_hint_type": 1,
    "style_btn": null,
    "socialbtn_type": 0,
    "subscribe_type": 1,
    "branding_type": 1,
    "bgcolor": null,
    "help_bgcolor": null,
    "help_color": null,
    "email_domain": null,
    "use_xid_whitelist": false,
    "owner": 72,
    "org_id": 72,
    "context": null,
    "course_id": null,
    "owner_sees_participation_stats": false,
    "auth_needed_to_vote": false,
    "auth_needed_to_write": true,
    "auth_opt_fb": true,
    "auth_opt_tw": true,
    "auth_opt_allow_3rdparty": true,
    "modified": "1729332198902",
    "created": "1728980428991",
    "site_id": "polis_site_id_wlE61IMj5fRdvFgrn7",
    "auth_opt_fb_computed": true,
    "auth_opt_tw_computed": true,
    "translations": [],
    "ownername": "admin",
    "is_mod": false,
    "is_owner": false,
    "conversation_id": "3dzkftnmrm"
  },
  "votes": [],
  "pca": "{\"n\":114,\"pca\":{\"comps\":[[0.24989057251386196,-0.4438602475029339,0.3530498334885672,0.48046641084198,-0.3443606725896739,0.4750705275685756,-0.14827762216716978,-0.13706966606584362],[0.6306166187926148,0.13704164910444372,0.5252766672986637,-0.15640577359945404,0.17945811193518535,-0.10592244830074515,0.2524805535828843,0.4195148559452745]],\"center\":[-0.29906542056074786,-0.42056074766355134,0.14563106796116504,0.16666666666666669,-0.6116504854368933,-0.12962962962962962,-0.6952380952380953,-0.32038834951456324],\"comment-extremity\":[1.344804861281541,0.7613264360985599,2.050800602427262,1.667348271302422,0.4265336426452151,1.1982356265749807,0.25239391531018374,0.848357473423974],\"comment-projection\":[[-0.49541864966114135,0.7274433135074679,-1.1439993747601005,-1.585458267114054,0.3782520648731943,-1.1695187262610143,0.1278148414569112,0.2634797019770622],[-1.2502241704967938,-0.22459779147580752,-1.7020718379270954,0.5161127212682086,-0.1971200743895985,0.26075767624051144,-0.21763743884945178,-0.8064048917016732]]},\"tids\":[0,1,2,3,4,5,6,7],\"mod-in\":[0,7,1,4,6,3,2,5],\"n-cmts\":8,\"in-conv\":[0,65,70,62,74,110,7,86,20,72,58,60,27,1,69,101,24,102,55,85,39,88,46,4,106,95,54,92,104,15,48,50,75,31,113,32,40,91,108,33,13,22,90,109,36,41,89,100,43,61,29,44,93,6,111,28,64,103,51,25,34,17,3,12,2,66,107,23,47,35,82,76,97,19,57,11,9,5,112,83,14,45,53,26,16,81,79,38,98,87,30,73,96,10,18,105,52,67,71,42,80,63,94,8,49],\"mod-out\":[],\"repness\":{\"0\":[{\"tid\":3,\"p-test\":3.354894804451574,\"n-agree\":34,\"repness\":44.47916666666667,\"n-trials\":46,\"n-success\":34,\"p-success\":0.7291666666666667,\"best-agree\":true,\"repful-for\":\"agree\",\"repness-test\":7.9099884},{\"tid\":5,\"p-test\":5.9804646514136754,\"repness\":6.875,\"n-trials\":46,\"n-success\":43,\"p-success\":0.9166666666666667,\"repful-for\":\"agree\",\"repness-test\":8.190915},{\"tid\":0,\"p-test\":3.0631648214557847,\"repness\":2.057539682539683,\"n-trials\":46,\"n-success\":33,\"p-success\":0.7083333333333333,\"repful-for\":\"agree\",\"repness-test\":3.835418}],\"1\":[{\"tid\":1,\"p-test\":7.487767802667672,\"n-agree\":58,\"repness\":4.132637853949329,\"n-trials\":59,\"n-success\":58,\"p-success\":0.9672131147540984,\"best-agree\":true,\"repful-for\":\"agree\",\"repness-test\":8.0186},{\"tid\":4,\"p-test\":7.353160240144465,\"repness\":1.783572359843546,\"n-trials\":57,\"n-success\":56,\"p-success\":0.9661016949152542,\"repful-for\":\"agree\",\"repness-test\":5.378216},{\"tid\":6,\"p-test\":6.196773353931867,\"repness\":1.517564402810304,\"n-trials\":59,\"n-success\":53,\"p-success\":0.8852459016393442,\"repful-for\":\"agree\",\"repness-test\":3.691286},{\"tid\":3,\"p-test\":4.905778905196061,\"repness\":9.639344262295081,\"n-trials\":59,\"n-success\":48,\"p-success\":0.8032786885245902,\"repful-for\":\"disagree\",\"repness-test\":7.5115876},{\"tid\":5,\"p-test\":2.2132114866740067,\"repness\":30.4,\"n-trials\":58,\"n-success\":37,\"p-success\":0.6333333333333333,\"repful-for\":\"disagree\",\"repness-test\":6.605423}]},\"consensus\":{\"agree\":[{\"tid\":4,\"p-test\":5.883484054145522,\"n-trials\":103,\"n-success\":81,\"p-success\":0.780952380952381},{\"tid\":6,\"p-test\":5.439200829200678,\"n-trials\":105,\"n-success\":80,\"p-success\":0.7570093457943925},{\"tid\":1,\"p-test\":3.079201435678004,\"n-trials\":107,\"n-success\":69,\"p-success\":0.6422018348623852}],\"disagree\":[]},\"meta-tids\":[],\"votes-base\":{\"0\":{\"A\":[0,1,2,1,1,0,0,1,0,1,1,0,1,1,0,0,0,1,0,0,0,0,0,1,1,0,0,0,0,0,1,0,1,0,0,0,1,0,1,1,1,1,2,1,1,2,0,1,0,0,0,1,0,1,1,1,0,0,1,0,0,0,4,1,0,0,0,0,1,1,3,2,1,3,0,1,2,1,1,0,0],\"D\":[0,0,0,0,0,0,0,0,1,0,0,0,0,0,0,0,0,0,1,0,1,1,0,0,0,1,1,0,1,1,0,0,0,0,0,1,0,0,0,0,0,0,0,0,0,0,0,0,0,0,0,0,1,0,0,0,0,0,0,1,1,0,0,0,0,7,0,0,0,0,0,0,0,0,1,0,0,0,0,2,1],\"S\":[1,1,2,1,1,1,1,1,1,1,1,1,1,1,1,1,2,1,1,1,1,1,1,1,1,1,1,1,1,1,1,2,1,1,1,1,1,1,1,1,1,1,2,1,1,2,1,1,1,3,1,1,1,1,1,1,1,1,1,1,1,1,4,1,1,7,1,2,1,1,3,2,1,3,1,1,2,1,1,2,1]},\"1\":{\"A\":[0,1,0,0,0,1,0,1,1,0,1,1,0,1,1,1,2,1,0,0,0,1,0,1,0,1,1,0,1,0,0,2,1,0,1,1,0,0,0,1,1,1,2,1,0,0,1,0,1,3,1,1,1,1,0,0,0,1,0,1,1,1,4,0,1,7,0,2,0,1,3,2,1,0,1,1,0,1,0,2,1],\"D\":[0,0,2,0,1,0,1,0,0,1,0,0,0,0,0,0,0,0,1,1,0,0,1,0,0,0,0,0,0,0,0,0,0,1,0,0,1,1,0,0,0,0,0,0,0,2,0,0,0,0,0,0,0,0,0,1,1,0,1,0,0,0,0,1,0,0,0,0,1,0,0,0,0,3,0,0,2,0,0,0,0],\"S\":[1,1,2,1,1,1,1,1,1,1,1,1,0,1,1,1,2,1,1,1,1,1,1,1,1,1,1,1,1,1,1,2,1,1,1,1,1,1,1,1,1,1,2,1,1,2,1,1,1,3,1,1,1,1,1,1,1,1,1,1,1,1,4,1,1,7,1,2,1,1,3,2,1,3,1,1,2,1,1,2,1]},\"2\":{\"A\":[0,0,2,0,1,0,1,0,0,0,0,0,0,0,0,0,0,0,0,0,0,0,0,1,0,0,0,0,0,0,0,0,1,1,0,0,1,0,0,1,0,0,2,0,1,2,1,1,0,0,0,0,0,1,0,0,0,0,0,0,0,0,0,1,1,0,0,0,1,0,3,0,0,3,0,0,2,0,1,0,0],\"D\":[0,1,0,0,0,1,0,1,1,0,0,0,0,1,0,1,0,0,1,0,1,1,0,0,0,1,1,0,1,1,0,0,0,0,1,1,0,0,0,0,0,0,0,1,0,0,0,0,0,3,0,1,1,0,1,0,0,1,0,1,1,1,4,0,0,7,1,0,0,0,0,0,0,0,1,0,0,1,0,2,1],\"S\":[1,1,2,1,1,1,1,1,1,0,0,0,0,1,1,1,2,1,1,1,1,1,1,1,1,1,1,1,1,1,1,2,1,1,1,1,1,1,1,1,1,1,2,1,1,2,1,1,1,3,1,1,1,1,1,1,1,1,1,1,1,1,4,1,1,7,1,2,1,1,3,2,1,3,1,1,2,1,1,2,1]},\"3\":{\"A\":[0,0,2,0,1,0,1,0,0,1,0,0,1,0,0,0,0,0,1,1,1,0,1,0,1,0,0,0,1,1,1,0,0,1,0,0,1,0,0,0,1,0,2,0,0,2,0,0,0,0,0,1,1,1,1,1,1,0,0,0,0,0,0,1,0,0,0,0,0,0,0,0,0,3,0,0,2,0,1,0,0],\"D\":[0,1,0,0,0,1,0,0,1,0,1,1,0,0,0,1,0,0,0,0,0,1,0,0,0,1,1,0,0,0,0,2,1,0,1,1,0,0,0,1,0,0,0,1,0,0,0,0,0,3,1,0,0,0,0,0,0,1,1,0,1,0,4,0,1,7,1,2,1,0,3,2,1,0,1,1,0,1,0,2,1],\"S\":[1,1,2,1,1,1,1,1,1,1,1,1,1,1,1,1,2,1,1,1,1,1,1,1,1,1,1,1,1,1,1,2,1,1,1,1,1,1,1,1,1,1,2,1,1,2,1,1,1,3,1,1,1,1,1,1,1,1,1,1,1,1,4,1,1,7,1,2,1,1,3,2,1,3,1,1,2,1,1,2,1]},\"4\":{\"A\":[0,1,0,1,1,1,0,1,1,0,0,0,0,1,1,1,2,1,0,0,1,1,0,1,1,1,1,1,1,1,1,2,1,0,1,0,1,1,1,1,1,1,2,1,1,0,1,1,1,3,1,1,1,1,1,0,0,1,1,1,1,1,4,0,1,7,1,2,1,1,3,2,1,0,1,1,0,1,0,2,1],\"D\":[0,0,2,0,0,0,1,0,0,1,0,0,0,0,0,0,0,0,1,0,0,0,1,0,0,0,0,0,0,0,0,0,0,1,0,1,0,0,0,0,0,0,0,0,0,2,0,0,0,0,0,0,0,0,0,1,1,0,0,0,0,0,0,0,0,0,0,0,0,0,0,0,0,3,0,0,2,0,1,0,0],\"S\":[1,1,2,1,1,1,1,1,1,1,0,0,1,1,1,1,2,1,1,1,1,1,1,1,1,1,1,1,1,1,1,2,1,1,1,1,1,1,1,1,1,1,2,1,1,2,1,1,1,3,1,1,1,1,1,1,1,1,1,1,1,1,4,1,1,7,1,2,1,1,3,2,1,3,1,1,2,1,1,2,1]},\"5\":{\"A\":[0,0,2,1,1,0,1,0,0,1,0,0,1,1,1,0,0,1,1,1,1,0,1,1,1,1,0,1,1,1,1,0,1,1,0,0,1,1,1,1,1,0,2,1,1,2,0,1,0,0,1,1,1,0,0,1,1,0,1,0,1,0,0,1,0,0,0,0,1,0,0,0,0,3,0,0,2,0,1,0,0],\"D\":[0,1,0,0,0,1,0,1,0,0,0,1,0,0,0,0,0,0,0,0,0,1,0,0,0,0,0,0,0,0,0,0,0,0,1,1,0,0,0,0,0,0,0,