{
  "user": {},
  "ptpt": null,
  "nextComment": {
    "txt": "原子力発電は最大限活用",
    "tid": 1,
    "created": "1728980432094",
    "tweet_id": null,
    "quote_src_url": null,
    "is_seed": true,
    "is_meta": false,
    "lang": null,
    "pid": 0,
    "randomN": 1.0382149245644061,
    "remaining": 8,
    "total": 8,
    "translations": []
  },
  "conversation": {
    "topic": "エネルギー政策",
    "description": "",
    "link_url": null,
    "parent_url": null,
    "upvotes": 1,
    "participant_count": 180,
    "is_anon": false,
    "is_active": true,
    "is_draft": true,
    "is_public": true,
    "is_data_open": false,
    "profanity_filter": true,
    "spam_filter": true,
    "strict_moderation": false,
    "prioritize_seed": false,
    "vis_type": 1,
    "write_type": 1,
    "help_type": 1,
    "write_hint_type": 1,
    "style_btn": null,
    "socialbtn_type": 0,
    "subscribe_type": 1,
    "branding_type": 1,
    "bgcolor": null,
    "help_bgcolor": null,
    "help_color": null,
    "email_domain": null,
    "use_xid_whitelist": false,
    "owner": 72,
    "org_id": 72,
    "context": null,
    "course_id": null,
    "owner_sees_participation_stats": false,
    "auth_needed_to_vote": false,
    "auth_needed_to_write": true,
    "auth_opt_fb": true,
    "auth_opt_tw": true,
    "auth_opt_allow_3rdparty": true,
    "modified": "1729357442675",
    "created": "1728980428991",
    "site_id": "polis_site_id_wlE61IMj5fRdvFgrn7",
    "auth_opt_fb_computed": true,
    "auth_opt_tw_computed": true,
    "translations": [],
    "ownername": "admin",
    "is_mod": false,
    "is_owner": false,
    "conversation_id": "3dzkftnmrm"
  },
  "votes": [],
  "pca": "{\"n\":180,\"pca\":{\"comps\":[[0.23440199062501088,-0.4559932700460054,0.37572321646829493,0.46492410009976354,-0.36973414197282584,0.4584044944783458,-0.15054760690255609,-0.10149330999879226],[0.7005460686971992,0.17932030559901743,0.5059199618949629,-0.16144756921680034,0.3028135385020008,-0.06689732199812265,0.2015113212309877,0.24141459112505728]],\"center\":[-0.25,-0.3647058823529413,0.14285714285714285,0.13953488372093026,-0.5481927710843371,-0.13872832369942195,-0.6923076923076924,-0.37125748502994027],\"comment-extremity\":[1.567064419254138,0.8804463854935057,2.037039402990135,1.586270989010518,0.6107248960641668,1.1285220978146469,0.21890986634594262,0.46571751082958585],\"comment-projection\":[[-0.49724171128371225,0.8193666072916603,-1.2145208421209255,-1.4984928569267169,0.4724846729370633,-1.1166935967452583,0.13101936459348193,0.18049086977838358],[-1.4860826271280996,-0.3222176292258587,-1.6353802779134536,0.52036026781069,-0.386966578029865,0.16296483131065403,-0.17537233443482103,-0.4293202136167688]]},\"tids\":[0,1,2,3,4,5,6,7],\"mod-in\":[0,7,1,4,6,3,2,5],\"n-cmts\":8,\"in-conv\":[0,121,65,70,62,74,164,110,130,128,153,7,86,154,20,72,58,60,175,27,1,69,101,24,102,135,55,165,85,39,88,46,149,157,4,106,119,95,144,176,54,92,141,137,104,15,48,50,116,75,159,31,113,32,136,174,40,129,91,117,172,108,156,33,13,22,168,90,109,143,178,167,36,41,118,162,89,100,131,122,43,61,29,151,44,93,6,111,28,134,64,155,103,170,51,25,166,34,146,125,148,17,3,12,152,2,66,142,107,23,47,158,35,127,82,76,97,19,57,11,115,9,5,112,179,83,138,14,45,53,132,26,123,140,16,133,163,81,120,79,38,173,126,98,124,87,169,160,30,73,96,10,18,105,52,114,147,67,161,71,42,80,63,94,8,177,49],\"mod-out\":[],\"repness\":{\"0\":[{\"tid\":3,\"p-test\":3.8623578574723085,\"n-agree\":52,\"repness\":23.15765765765766,\"n-trials\":72,\"n-success\":52,\"p-success\":0.7162162162162162,\"best-agree\":true,\"repful-for\":\"agree\",\"repness-test\":9.505015},{\"tid\":5,\"p-test\":7.607674567748486,\"repness\":6.393822393822394,\"n-trials\":72,\"n-success\":68,\"p-success\":0.9324324324324323,\"repful-for\":\"agree\",\"repness-test\":10.252826},{\"tid\":2,\"p-test\":2.01752881892955,\"repness\":8.293650793650794,\"n-trials\":70,\"n-success\":43,\"p-success\":0.611111111111111,\"repful-for\":\"agree\",\"repness-test\":7.50401},{\"tid\":0,\"p-test\":2.926028679903264,\"repness\":2.214818266542404,\"n-trials\":72,\"n-success\":48,\"p-success\":0.6621621621621622,\"repful-for\":\"agree\",\"repness-test\":4.7684226},{\"tid\":1,\"p-test\":1.4142135623730936,\"repness\":55.80821917808219,\"n-trials\":71,\"n-success\":41,\"p-success\":0.5753424657534247,\"repful-for\":\"disagree\",\"repness-test\":8.420904}],\"1\":[{\"tid\":1,\"p-test\":8.777338244973055,\"n-agree\":90,\"repness\":5.268041237113402,\"n-trials\":95,\"n-success\":90,\"p-success\":0.9381443298969072,\"best-agree\":true,\"repful-for\":\"agree\",\"repness-test\":10.135604},{\"tid\":4,\"p-test\":9.28279121632914,\"repness\":2.171610845295056,\"n-trials\":93,\"n-success\":91,\"p-success\":0.9684210526315788,\"repful-for\":\"agree\",\"repness-test\":7.781107},{\"tid\":3,\"p-test\":5.307227776030217,\"repness\":14.11340206185567,\"n-trials\":95,\"n-success\":73,\"p-success\":0.7628865979381443,\"repful-for\":\"disagree\",\"repness-test\":9.249302},{\"tid\":5,\"p-test\":1.7441631985447608,\"repness\":43.16666666666667,\"n-trials\":94,\"n-success\":55,\"p-success\":0.5833333333333333,\"repful-for\":\"disagree\",\"repness-test\":7.8132515},{\"tid\":2,\"p-test\":3.3005479880281396,\"repness\":4.774736842105263,\"n-trials\":93,\"n-success\":62,\"p-success\":0.6631578947368421,\"repful-for\":\"disagree\",\"repness-test\":6.7785554}]},\"consensus\":{\"agree\":[{\"tid\":6,\"p-test\":6.902684899626336,\"n-trials\":169,\"n-success\":129,\"p-success\":0.760233918128655},{\"tid\":4,\"p-test\":6.4227328300333335,\"n-trials\":166,\"n-success\":124,\"p-success\":0.744047619047619},{\"tid\":1,\"p-test\":2.9824045403173005,\"n-trials\":170,\"n-success\":104,\"p-success\":0.6104651162790699},{\"tid\":7,\"p-test\":2.1602468994692847,\"n-trials\":167,\"n-success\":97,\"p-success\":0.5798816568047337}],\"disagree\":[]},\"meta-tids\":[],\"votes-base\":{\"0\":{\"A\":[0,1,1,1,0,0,0,1,1,0,0,1,0,0,0,0,1,1,0,0,0,0,0,1,1,1,0,0,0,1,1,1,2,1,1,1,0,0,2,0,1,1,0,0,0,0,0,0,0,1,0,0,1,1,0,1,0,1,1,3,0,1,0,0,0,1,0,1,0,2,0,0,0,1,1,0,0,0,4,0,0,5,1,1,0,0,0,0,3,2,2,0,3,4,1,3,3,1,3,1],\"D\":[0,0,0,0,2,1,0,0,0,0,0,0,1,0,1,2,0,0,1,1,0,1,2,0,0,0,0,1,0,0,0,0,0,0,0,0,0,0,0,1,0,0,0,0,0,0,1,0,0,0,2,10,0,0,1,0,0,0,0,0,1,0,0,0,0,0,0,0,1,0,0,2,0,0,0,0,1,0,0,0,1,0,0,0,0,2,1,1,0,0,0,0,0,0,0,0,0,0,0,0],\"S\":[1,1,1,1,3,1,1,1,1,2,3,1,1,1,1,2,1,1,1,1,2,1,2,1,2,1,1,1,1,1,1,1,2,1,1,1,3,6,2,1,1,1,1,1,1,2,1,1,1,1,2,10,2,2,1,1,2,1,1,3,1,2,1,1,1,1,1,1,1,2,4,2,2,1,2,1,1,1,4,1,1,5,3,1,1,2,1,1,3,2,2,1,3,4,1,3,3,1,3,1]},\"1\":{\"A\":[0,1,0,0,3,1,1,0,1,2,3,1,0,0,0,1,1,0,1,1,0,1,1,0,2,1,1,1,0,0,1,1,2,0,1,0,3,6,2,1,1,0,0,0,1,2,1,1,0,0,2,10,0,0,1,0,0,1,0,0,0,0,1,0,1,0,0,1,1,0,4,2,1,1,2,0,1,1,0,0,0,5,3,1,1,2,1,1,0,2,2,0,0,0,0,3,3,1,0,0],\"D\":[0,0,0,1,0,0,0,0,0,0,0,0,1,1,0,0,0,0,0,0,0,0,0,0,0,0,0,0,1,0,0,0,0,0,0,0,0,0,0,0,0,0,1,1,0,0,0,0,0,1,0,0,2,0,0,1,2,0,1,2,1,0,0,1,0,0,0,0,0,2,0,0,0,0,0,1,0,0,4,1,1,0,0,0,0,0,0,0,3,0,0,1,3,4,1,0,0,0,2,1],\"S\":[1,1,1,1,3,1,1,0,1,2,3,1,1,1,1,2,1,1,1,1,2,1,2,1,2,1,1,1,1,1,1,1,2,1,1,1,3,6,2,1,1,1,1,1,1,2,1,1,1,1,2,10,2,2,1,1,2,1,1,3,1,2,1,1,1,1,1,1,1,2,4,2,2,1,2,1,1,1,4,1,1,5,3,1,1,2,1,1,3,2,2,1,3,4,1,3,3,1,3,1]},\"2\":{\"A\":[0,0,0,0,0,0,0,0,0,0,0,0,0,0,0,0,1,0,0,0,0,0,0,0,0,1,0,0,0,0,1,0,2,1,0,1,0,0,0,0,1,0,1,0,0,2,0,0,0,1,0,0,1,0,0,0,0,0,1,3,0,2,1,1,0,1,1,0,0,2,0,0,0,0,0,0,0,0,4,1,0,0,0,0,1,0,0,0,3,0,0,0,3,4,1,0,3,0,3,1],\"D\":[0,1,0,0,3,1,0,0,1,0,3,0,1,0,1,2,0,0,1,1,0,1,2,0,1,0,1,1,0,0,0,0,0,0,0,0,0,6,2,1,0,1,0,0,1,0,1,1,1,0,2,10,0,2,1,0,0,1,0,0,1,0,0,0,0,0,0,0,0,0,0,2,0,1,2,0,1,1,0,0,1,5,1,1,0,2,1,1,0,0,0,0,0,0,0,0,0,0,0,0],\"S\":[1,1,1,1,3,1,0,0,1,2,3,1,1,1,1,2,1,1,1,1,2,1,2,1,2,1,1,1,1,1,1,1,2,1,0,1,3,6,2,1,1,1,1,1,1,2,1,1,1,1,2,10,1,2,1,1,2,1,1,3,1,2,1,1,1,1,1,1,1,2,4,2,2,1,2,1,1,1,4,1,1,5,3,1,1,2,1,1,3,2,2,1,3,4,1,3,3,1,3,1]},\"3\":{\"A\":[0,0,0,1,0,0,0,1,0,0,0,0,1,1,1,0,0,1,0,0,0,1,2,1,0,0,0,0,0,0,0,1,2,0,0,0,0,0,2,1,1,1,1,1,0,0,0,0,0,0,0,0,2,0,0,0,2,0,0,3,1,0,0,1,0,1,0,0,0,2,0,0,0,0,0,1,0,0,4,1,1,0,0,0,0,0,0,0,3,0,0,0,3,4,1,0,0,