{
  "user": {},
  "ptpt": null,
  "nextComment": {
    "txt": "基礎年金の受給額の底上げを図る",
    "tid": 0,
    "created": "1728978943196",
    "tweet_id": null,
    "quote_src_url": null,
    "is_seed": true,
    "is_meta": false,
    "lang": null,
    "pid": 0,
    "randomN": 0.36075624594542743,
    "remaining": 11,
    "total": 11,
    "translations": []
  },
  "conversation": {
    "topic": "社会保障（年金・医療）",
    "description": "",
    "link_url": null,
    "parent_url": null,
    "upvotes": 1,
    "participant_count": 103,
    "is_anon": false,
    "is_active": true,
    "is_draft": true,
    "is_public": true,
    "is_data_open": false,
    "profanity_filter": true,
    "spam_filter": true,
    "strict_moderation": false,
    "prioritize_seed": false,
    "vis_type": 1,
    "write_type": 1,
    "help_type": 1,
    "write_hint_type": 1,
    "style_btn": null,
    "socialbtn_type": 0,
    "subscribe_type": 1,
    "branding_type": 1,
    "bgcolor": null,
    "help_bgcolor": null,
    "help_color": null,
    "email_domain": null,
    "use_xid_whitelist": false,
    "owner": 72,
    "org_id": 72,
    "context": null,
    "course_id": null,
    "owner_sees_participation_stats": false,
    "auth_needed_to_vote": false,
    "auth_needed_to_write": true,
    "auth_opt_fb": true,
    "auth_opt_tw": true,
    "auth_opt_allow_3rdparty": true,
    "modified": "1729307305483",
    "created": "1728978940972",
    "site_id": "polis_site_id_wlE61IMj5fRdvFgrn7",
    "auth_opt_fb_computed": true,
    "auth_opt_tw_computed": true,
    "translations": [],
    "ownername": "admin",
    "is_mod": false,
    "is_owner": false,
    "conversation_id": "42pditmrma"
  },
  "votes": [],
  "pca": "{\"n\":103,\"pca\":{\"comps\":[[-0.4148333541970995,-0.5481855462893749,-0.28152688150050365,-0.2395235649985773,0.24804735770408115,-0.06937812034087737,-0.2512028849121904,-0.2084366643965187,0.2885563336242844,-0.06650821027422707,-0.3608314349948506],[0.21945074198301082,-0.21834476634804365,0.37133697513742975,-0.6733367782277335,-0.1805581924254424,-0.1682576938222344,-0.32597492587426596,-0.07033929514024112,-0.2946894346491425,-0.11988207128153609,0.1988985012581607]],\"center\":[-0.29032258064516114,0.03191489361702129,-0.07777777777777775,-0.24175824175824168,-0.5402298850574712,-0.7956989247311829,-0.4111111111111111,-0.3863636363636361,-0.6666666666666665,-0.41176470588235314,0.5862068965517239],\"comment-extremity\":[1.1046143825419055,2.0194972918485075,1.4253134273652448,1.7972558676701649,0.4678409499849098,0.12332133566124222,0.8037821994460116,0.44771409289276115,0.45596939788320195,0.26746637956749947,2.1675732397495295],\"comment-projection\":[[0.9764072548619491,1.8761510631507685,0.8610964427765494,0.6023546786247509,-0.3782436853993146,0.04700992132027383,0.49063025468837723,0.42421062785511454,-0.31901102983745516,0.12975457585745362,1.8982811790482057],[-0.5165286117645255,0.7472793989009049,-1.1357954404140007,1.6933096276268291,0.2753304722298773,0.11400973259653947,0.6366692841112143,0.14315464431710728,0.32579142813772133,0.233884617371468,-1.0463758000592451]]},\"tids\":[0,1,2,3,4,5,6,7,8,9,10],\"mod-in\":[0,7,1,4,6,3,2,9,5,10,8],\"n-cmts\":11,\"in-conv\":[0,65,70,62,74,7,59,86,20,72,27,1,69,101,24,102,55,85,39,88,46,4,77,95,54,92,48,50,75,21,31,40,91,56,33,13,22,36,41,89,100,43,61,44,6,28,64,51,25,34,17,3,12,2,23,47,35,82,76,97,19,57,68,11,9,5,83,14,45,53,78,26,16,81,38,98,87,30,73,96,10,18,52,67,42,37,63,94,8,84],\"mod-out\":[],\"repness\":{\"0\":[{\"tid\":8,\"p-test\":5.217491947499511,\"n-agree\":39,\"repness\":1.319340329835082,\"n-trials\":44,\"n-success\":39,\"p-success\":0.8695652173913043,\"best-agree\":true,\"repful-for\":\"agree\",\"repness-test\":2.444261},{\"tid\":4,\"p-test\":3.72677996249965,\"repness\":1.455576559546314,\"n-trials\":44,\"n-success\":34,\"p-success\":0.7608695652173914,\"repful-for\":\"agree\",\"repness-test\":2.4028358},{\"tid\":1,\"p-test\":1.937925580499817,\"repness\":29.6304347826087,\"n-trials\":44,\"n-success\":28,\"p-success\":0.6304347826086957,\"repful-for\":\"disagree\",\"repness-test\":6.3177567},{\"tid\":10,\"p-test\":5.515634344499481,\"repness\":1.782608695652174,\"n-trials\":44,\"n-success\":40,\"p-success\":0.891304347826087,\"repful-for\":\"disagree\",\"repness-test\":4.153747}],\"1\":[{\"tid\":0,\"p-test\":2.832352771499734,\"n-agree\":31,\"repness\":2.666666666666667,\"n-trials\":44,\"n-success\":31,\"p-success\":0.6956521739130435,\"best-agree\":true,\"repful-for\":\"agree\",\"repness-test\":4.2174115},{\"tid\":3,\"p-test\":2.412090756622108,\"repness\":2.358974358974359,\"n-trials\":43,\"n-success\":29,\"p-success\":0.6666666666666667,\"repful-for\":\"agree\",\"repness-test\":3.7087612},{\"tid\":5,\"p-test\":5.515634344499481,\"repness\":1.205882352941176,\"n-trials\":44,\"n-success\":40,\"p-success\":0.891304347826087,\"repful-for\":\"agree\",\"repness-test\":1.9798989},{\"tid\":6,\"p-test\":2.359071298478354,\"repness\":1.745932415519399,\"n-trials\":45,\"n-success\":30,\"p-success\":0.6595744680851064,\"repful-for\":\"agree\",\"repness-test\":2.7333405},{\"tid\":7,\"p-test\":2.2874785549890695,\"repness\":1.378099173553719,\"n-trials\":42,\"n-success\":28,\"p-success\":0.6590909090909091,\"repful-for\":\"agree\",\"repness-test\":1.7624197}]},\"consensus\":{\"agree\":[{\"tid\":5,\"p-test\":6.3948117268045195,\"n-trials\":93,\"n-success\":77,\"p-success\":0.8210526315789474},{\"tid\":8,\"p-test\":5.116817192534651,\"n-trials\":87,\"n-success\":67,\"p-success\":0.7640449438202247},{\"tid\":4,\"p-test\":2.9848100289785457,\"n-trials\":87,\"n-success\":57,\"p-success\":0.651685393258427},{\"tid\":7,\"p-test\":1.5899968200095396,\"n-trials\":88,\"n-success\":51,\"p-success\":0.5777777777777778}],\"disagree\":[{\"tid\":10,\"p-test\":3.8376128944009866,\"n-trials\":87,\"n-success\":61,\"p-success\":0.6966292134831461}]},\"meta-tids\":[],\"votes-base\":{\"0\":{\"A\":[0,1,0,1,0,1,0,0,0,1,0,1,0,0,0,0,1,0,0,0,1,1,0,0,0,1,0,0,1,1,1,0,0,0,1,0,1,0,0,1,0,1,0,1,0,0,1,1,0,1,0,0,1,1,1,1,0,1,0,1,1,1,1,1,0,1,1,1,0,1,1,1,0,1,2,0,0,1,0,0,0,0,1,0,0,0,1],\"D\":[0,0,0,0,0,0,0,0,0,0,0,0,1,1,0,0,0,1,1,0,0,0,1,0,1,0,0,1,0,0,0,1,1,0,0,0,0,1,0,0,1,0,0,0,0,0,0,0,1,0,1,0,0,0,0,0,1,0,0,0,0,0,0,0,0,0,0,0,0,0,0,0,0,0,0,1,0,0,0,0,0,1,0,0,0,0,0],\"S\":[1,1,1,1,1,1,1,0,1,1,0,1,1,1,1,1,1,1,1,1,1,1,1,1,1,1,1,1,1,1,1,1,1,1,1,1,1,1,1,1,1,1,1,1,1,1,1,1,1,1,1,3,1,1,1,1,1,1,1,1,1,1,1,1,1,1,1,1,1,1,1,1,1,1,2,1,1,1,1,1,1,1,1,1,1,1,1]},\"1\":{\"A\":[1,1,0,0,0,0,0,0,0,1,0,1,0,0,0,0,1,0,0,0,1,0,0,0,0,0,0,1,0,0,0,0,0,0,0,1,1,0,0,1,0,1,1,0,0,1,0,1,1,1,0,0,0,0,0,0,0,0,1,0,0,1,0,0,0,0,0,1,0,0,1,0,0,0,2,0,1,1,0,0,0,0,0,0,1,0,1],\"D\":[0,0,0,0,0,0,0,0,0,0,0,0,1,1,1,1,0,1,0,0,0,1,1,0,1,0,0,0,0,0,1,1,1,0,0,0,0,0,1,0,1,0,0,0,1,0,1,0,0,0,1,0,0,1,0,0,1,1,0,0,1,0,0,0,1,0,1,0,0,1,0,0,0,1,0,1,0,0,1,1,0,0,0,0,0,1,0],\"S\":[1,1,1,1,1,1,1,1,1,1,0,1,1,1,1,1,1,1,1,1,1,1,1,1,1,1,1,1,1,1,1,1,1,1,1,1,1,1,1,1,1,1,1,1,1,1,1,1,1,1,1,3,1,1,1,1,1,1,1,1,1,1,1,1,1,1,1,1,1,1,1,1,1,1,2,1,1,1,1,1,1,1,1,1,1,1,1]},\"2\":{\"A\":[0,0,0,1,0,1,0,0,0,0,1,1,0,0,0,0,1,0,0,1,1,0,1,0,0,0,0,0,0,0,0,1,0,0,1,0,0,1,0,1,0,0,0,0,0,1,1,1,0,0,0,0,0,1,1,1,0,0,0,1,1,1,0,1,0,1,1,1,1,0,1,1,0,1,0,0,0,0,0,0,0,0,0,0,0,0,0],\"D\":[0,0,0,0,0,0,0,0,0,0,0,0,0,1,0,1,0,1,1,0,0,1,0,0,1,0,0,1,1,0,0,0,1,0,0,0,1,0,0,0,1,1,0,0,0,0,0,0,0,0,1,0,0,0,0,0,1,1,0,0,0,0,0,0,0,0,0,0,0,1,0,0,0,0,0,0,0,1,0,1,0,1,0,0,0,0,1],\"S\":[1,1,1,1,1,1,1,0,0,0,1,1,1,1,1,1,1,1,1,1,1,1,1,1,1,1,1,1,1,1,1,1,1,1,1,1,1,1,1,1,1,1,1,1,1,1,1,1,1,1,1,3,1,1,1,1,1,1,1,1,1,1,1,1,1,1,1,1,1,1,1,1,1,1,2,1,1,1,1,1,1,1,1,1,1,1,1]},\"3\":{\"A\":[0,1,0,0,0,0,0,0,0,1,0,1,1,0,0,1,0,1,1,0,0,1,0,1,0,1,0,0,1,0,0,1,1,1,1,1,1,0,1,0,1,1,1,1,1,0,0,0,0,1,0,0,0,0,1,1,0,0,1,0,0,1,0,1,1,1,0,1,0,0,1,0,0,0,2,1,1,1,0,0,1,1,0,0,0,0,1],\"D\":[0,0,0,0,0,0,0,0,0,0,0,0,0,1,1,0,1,0,0,1,0,0,1,0,1,0,0,1,0,1,0,0,0,0,0,0,0,1,0,0,0,0,0,0,0,0,0,0,1,0,1,0,0,1,0,0,0,1,0,1,1,0,0,0,0,0,1,0,1,1,0,1,0,1,0,0,0,0,1,1,0,0,0,0,1,0,0],\"S\":[1,1,1,1,1,1,1,0,0,1,0,1,1,1,1,1,1,1,1,1,1,1,1,1,1,1,1,1,1,1,1,1,