{
  "user": {},
  "ptpt": null,
  "nextComment": {
    "txt": "社会保険制度は現役世代に過度な偏った負担を強いるため、年金制度は積立方式あるいは税方式へと抜本的に改革する",
    "tid": 4,
    "created": "1728978946881",
    "tweet_id": null,
    "quote_src_url": null,
    "is_seed": true,
    "is_meta": false,
    "lang": null,
    "pid": 0,
    "randomN": 1.5364212137712017,
    "remaining": 11,
    "total": 11,
    "translations": []
  },
  "conversation": {
    "topic": "社会保障（年金・医療）",
    "description": "",
    "link_url": null,
    "parent_url": null,
    "upvotes": 1,
    "participant_count": 52,
    "is_anon": false,
    "is_active": true,
    "is_draft": true,
    "is_public": true,
    "is_data_open": false,
    "profanity_filter": true,
    "spam_filter": true,
    "strict_moderation": false,
    "prioritize_seed": false,
    "vis_type": 1,
    "write_type": 1,
    "help_type": 1,
    "write_hint_type": 1,
    "style_btn": null,
    "socialbtn_type": 0,
    "subscribe_type": 1,
    "branding_type": 1,
    "bgcolor": null,
    "help_bgcolor": null,
    "help_color": null,
    "email_domain": null,
    "use_xid_whitelist": false,
    "owner": 72,
    "org_id": 72,
    "context": null,
    "course_id": null,
    "owner_sees_participation_stats": false,
    "auth_needed_to_vote": false,
    "auth_needed_to_write": true,
    "auth_opt_fb": true,
    "auth_opt_tw": true,
    "auth_opt_allow_3rdparty": true,
    "modified": "1729269945275",
    "created": "1728978940972",
    "site_id": "polis_site_id_wlE61IMj5fRdvFgrn7",
    "auth_opt_fb_computed": true,
    "auth_opt_tw_computed": true,
    "translations": [],
    "ownername": "admin",
    "is_mod": false,
    "is_owner": false,
    "conversation_id": "42pditmrma"
  },
  "votes": [],
  "pca": "{\"n\":52,\"pca\":{\"comps\":[[-0.42703488592462524,-0.3646650833321498,-0.28466710774451953,0.1293336177159113,0.33387813709416797,0.05734994593865539,-0.1290878389422876,-0.2338432940639734,0.48615442017455057,0.08197448160158773,-0.39714243960997453],[-0.20915481555520132,-0.3546717506601343,-0.27505142925380377,-0.3857381472537662,-0.36035004485647,-0.1845414147673961,-0.44251046077865686,-0.0763441875375231,-0.2517354911164539,-0.4114771003789353,0.08819984323570099]],\"center\":[-0.18367346938775517,0.08,-0.04255319148936171,-0.19148936170212771,-0.4347826086956522,-0.75,-0.42553191489361714,-0.37777777777777777,-0.5333333333333333,-0.4318181818181819,0.5909090909090909],\"comment-extremity\":[1.287404095202759,1.8221297738830295,1.2569840564563866,1.090959848074277,0.9209045202276468,0.16023226319524161,0.8782546090887331,0.5076442366548024,0.8473419802952992,0.7906440209940331,2.1465571211167616],\"comment-projection\":[[1.1561750930646548,1.3062138360009399,0.9039580722232134,-0.3468115137070576,-0.6258926340771543,-0.04755206310642161,0.24595042601646158,0.4825771789383638,-0.7524495075494926,-0.1544764760547491,2.0955016417246926],[0.5662759561572178,1.2704181703324027,0.8734235638268777,1.0343670354716787,0.6755172432911493,0.153013657766201,0.8431130092270693,0.15754979332492766,0.3896256795429238,0.7754063362388262,-0.46538193319702303]]},\"tids\":[0,1,2,3,4,5,6,7,8,9,10],\"mod-in\":[0,7,1,4,6,3,2,9,5,10,8],\"n-cmts\":11,\"in-conv\":[0,7,20,27,1,24,39,46,4,48,50,21,31,40,33,13,22,36,41,43,44,6,28,51,25,34,17,3,12,2,23,47,35,19,11,9,5,14,45,26,16,38,30,10,18,42,37,8],\"mod-out\":[],\"repness\":{\"0\":[{\"tid\":8,\"p-test\":5.385164807134504,\"n-agree\":28,\"repness\":4.591666666666667,\"n-trials\":28,\"n-success\":28,\"p-success\":0.9666666666666667,\"best-agree\":true,\"repful-for\":\"agree\",\"repness-test\":5.667855},{\"tid\":4,\"p-test\":3.401680257083045,\"repness\":3.96551724137931,\"n-trials\":27,\"n-success\":22,\"p-success\":0.7931034482758621,\"repful-for\":\"agree\",\"repness-test\":4.156996},{\"tid\":5,\"p-test\":4.1576092031015,\"repness\":1.392572944297082,\"n-trials\":27,\"n-success\":24,\"p-success\":0.8620689655172414,\"repful-for\":\"agree\",\"repness-test\":2.0425549},{\"tid\":9,\"p-test\":2.267786838055364,\"repness\":2.183908045977011,\"n-trials\":27,\"n-success\":19,\"p-success\":0.6896551724137931,\"repful-for\":\"agree\",\"repness-test\":2.5436842},{\"tid\":10,\"p-test\":5.196152422706632,\"repness\":3.214285714285714,\"n-trials\":26,\"n-success\":26,\"p-success\":0.9642857142857143,\"repful-for\":\"disagree\",\"repness-test\":5.0745635}],\"1\":[{\"tid\":0,\"p-test\":1.341640786499874,\"n-agree\":12,\"repness\":2.244047619047619,\"n-trials\":19,\"n-success\":12,\"p-success\":0.619047619047619,\"best-agree\":true,\"repful-for\":\"agree\",\"repness-test\":2.5082178}]},\"consensus\":{\"agree\":[{\"tid\":5,\"p-test\":3.8571428571428585,\"n-trials\":48,\"n-success\":37,\"p-success\":0.76},{\"tid\":8,\"p-test\":2.653955210788148,\"n-trials\":45,\"n-success\":31,\"p-success\":0.6808510638297872}],\"disagree\":[{\"tid\":10,\"p-test\":2.832352771499734,\"n-trials\":44,\"n-success\":31,\"p-success\":0.6956521739130435}]},\"meta-tids\":[],\"votes-base\":{\"0\":{\"A\":[0,1,0,1,0,1,0,1,0,1,0,0,1,0,1,1,0,0,0,0,1,0,0,0,1,1,0,0,0,0,1,0,0,1,1,1,0,0,1,0,1,0,1,0,0,1],\"D\":[0,0,0,0,0,0,0,0,0,0,0,0,0,0,0,0,1,1,0,0,0,1,1,0,0,0,1,0,0,1,0,0,1,0,0,0,1,1,0,0,0,0,0,1,0,0],\"S\":[3,1,1,1,1,1,1,1,1,1,0,1,1,0,1,1,1,1,1,1,1,1,1,1,1,1,1,1,1,1,1,1,1,1,1,1,1,1,1,1,1,1,1,1,1,1]},\"1\":{\"A\":[0,0,1,1,0,0,0,0,0,0,0,0,1,0,1,1,0,0,0,0,1,0,0,0,1,0,0,0,0,0,0,0,1,0,0,0,0,0,0,0,0,1,1,0,0,1],\"D\":[0,0,0,0,0,0,0,0,0,1,0,0,0,0,0,0,1,1,1,1,0,1,0,0,0,1,1,0,0,1,0,0,0,0,0,1,1,1,1,0,0,0,0,0,1,0],\"S\":[3,1,1,1,1,1,1,1,1,1,1,1,1,0,1,1,1,1,1,1,1,1,1,1,1,1,1,1,1,1,1,1,1,1,1,1,1,1,1,1,1,1,1,1,1,1]},\"2\":{\"A\":[0,0,0,0,0,1,0,1,0,1,0,0,0,1,1,0,0,0,0,0,1,0,0,1,1,0,1,0,1,0,0,0,0,0,0,0,1,0,0,0,1,0,0,1,0,1],\"D\":[0,0,0,0,0,0,0,0,0,0,0,0,0,0,0,0,0,1,0,1,0,1,1,0,0,1,0,0,0,1,0,0,1,1,0,0,0,1,1,0,0,0,1,0,0,0],\"S\":[3,1,1,1,1,1,1,1,1,1,0,0,0,1,1,1,1,1,1,1,1,1,1,1,1,1,1,1,1,1,1,1,1,1,1,1,1,1,1,1,1,1,1,1,1,1]},\"3\":{\"A\":[0,0,0,1,0,0,0,0,0,0,0,0,1,0,1,1,1,0,0,1,0,1,1,0,0,1,0,1,0,0,1,0,0,1,0,0,1,1,0,1,1,1,1,0,1,0],\"D\":[0,0,0,0,0,0,0,0,0,1,0,0,0,0,0,0,0,1,1,0,1,0,0,1,0,0,1,0,1,1,0,0,1,0,1,0,0,0,1,0,0,0,0,1,0,0],\"S\":[3,1,1,1,1,1,1,1,1,1,0,0,1,0,1,1,1,1,1,1,1,1,1,1,1,1,1,1,1,1,1,1,1,1,1,1,1,1,1,1,1,1,1,1,1,1]},\"4\":{\"A\":[0,0,0,0,1,0,0,0,0,1,0,0,0,1,1,1,1,1,1,0,0,1,1,0,1,0,0,1,1,0,0,1,1,1,1,1,1,1,0,1,1,1,0,1,1,0],\"D\":[0,1,0,1,0,0,0,0,0,0,0,0,0,0,0,0,0,0,0,0,1,0,0,0,0,1,0,0,0,0,0,0,0,0,0,0,0,0,1,0,0,0,1,0,0,0],\"S\":[3,1,1,1,1,1,1,1,1,1,0,0,0,1,1,1,1,1,1,1,1,1,1,1,1,1,1,1,1,1,1,1,1,1,1,1,1,1,1,1,1,1,1,1,1,1]},\"5\":{\"A\":[0,1,1,1,0,0,1,0,0,1,0,0,1,1,1,1,1,0,1,1,1,1,1,1,1,1,0,1,1,1,1,1,1,1,1,1,1,1,1,1,1,0,1,1,1,1],\"D\":[0,0,0,0,0,0,0,0,0,0,0,0,0,0,0,0,0,0,0,0,0,0,0,0,0,0,0,0,0,0,0,0,0,0,0,0,0,0,0,0,0,0,0,0,0,0],\"S\":[3,1,1,1,1,1,1,1,1,1,0,0,1,1,1,1,1,1,1,1,1,1,1,1,1,1,1,1,1,1,1,1,1,1,1,1,1,1,1,1,1,1,1,1,1,1]},\"6\":{\"A\":[0,0,1,0,0,0,0,0,0,1,0,1,1,1,1,1,1,0,0,0,1,0,1,1,1,0,0,1,1,0,1,0,1,0,0,0,1,1,1,1,1,0,1,1,1,1],\"D\":[0,0,0,0,0,0,0,0,0,0,0,0,0,0,0,0,0,1,0,1,0,1,0,0,0,1,1,0,0,0,0,0,0,0,0,0,0,0,0,0,0,0,0,0,0,0],\"S\":[3,1,1,1,1,1,1,1,1,1,0,1,1,1,1,1,1,1,1,1,1,1,1,1,1,1,1,1,1,1,1,1,1,1,1,1,1,1,1,1,1,1,1,1,1,1]},\"7\":{\"A\":[0,0,1,0,0,0,0,0,0,1,0,0,1,0,0,1,1,1,1,0,1,0,0,1,1,1,1,1,1,0,1,0,1,1,0,1,0,0,1,1,0,1,1,0,0,1],\"D\":[0,0,0,0,0,0,0,0,0,0,0,0,0,0,0,0,0,0,0,0,0,0,1,0,0,0,0,0,0,1,0,0,0,0,1,0,1,1,0,0,0,0,0,1,1,0],\"S\":[3,1,1,1,1,1,1,1,1,1,0,0,1,0,0,1,1,1,1,1,1,1,1,1,1,1,1,1,1,1,1,1,1,1,1,1,1,1,1,1,1,1,1,1,1,1]},\"8\":{\"A\":[0,0,0,0,1,0,1,0,0,1,0,1,0,1,0,1,1,1,1,1,0,1,1,0,1,1,1,1,1,1,0,1,1,1,1,1,1,1,0,1,1,1,1,1,1,0],\"D\":[0,0,0,0,0,1,0,1,1,0,0,0,0,0,0,0,0,0,0,0,1,0,0,1,0,0,0,0,0,0,1,0,0,0,0,0,0,0,1,0,0,0,0,0,0,0],\"S\":[3,1,1,1,1,1,1,1,1,1,0,1,0,1,0,1,1,1,1,1,1,1,1,1,1,1,1,1,1,1,1,1,1,1,1,1,1,1,1,1,1,1,1,1,1,1]},\"9\":{\"A\":[0,0,0,0,0,0,1,1,0,1,0,1,0,0,0,1,1,0,0,1,1,1,0,0,1,1,0,1,1,0,1,1,1,0,1,1,1,1,0,0,1,1,0,1,1,0],\"D\":[0,0,0,0,0,0,0,0,0,0,0,0,0,0,0,0,0,1,0,0,0,0,1,0,0,0,1,0,0,0,0,0,0,0,0,0,0,0,1,0,0,0,1,0,0,0],\"S\":[3,1,1,1,1,1,1,1,1,1,0,1,0,0,0,1,1,1,1,1,1,1,1,1,1,1,