{
  "user": {},
  "ptpt": null,
  "nextComment": {
    "txt": "高齢者と現役世代の「給付と負担」の公平性を確保するため、高齢者の医療費窓口負担を見直し（2割負担や3割負担といった現役世代の負担に近づける）",
    "tid": 8,
    "created": "1728978952072",
    "tweet_id": null,
    "quote_src_url": null,
    "is_seed": true,
    "is_meta": false,
    "lang": null,
    "pid": 0,
    "randomN": 3.5821526668880557,
    "remaining": 11,
    "total": 11,
    "translations": []
  },
  "conversation": {
    "topic": "社会保障（年金・医療）",
    "description": "",
    "link_url": null,
    "parent_url": null,
    "upvotes": 1,
    "participant_count": 42,
    "is_anon": false,
    "is_active": true,
    "is_draft": true,
    "is_public": true,
    "is_data_open": false,
    "profanity_filter": true,
    "spam_filter": true,
    "strict_moderation": false,
    "prioritize_seed": false,
    "vis_type": 1,
    "write_type": 1,
    "help_type": 1,
    "write_hint_type": 1,
    "style_btn": null,
    "socialbtn_type": 0,
    "subscribe_type": 1,
    "branding_type": 1,
    "bgcolor": null,
    "help_bgcolor": null,
    "help_color": null,
    "email_domain": null,
    "use_xid_whitelist": false,
    "owner": 72,
    "org_id": 72,
    "context": null,
    "course_id": null,
    "owner_sees_participation_stats": false,
    "auth_needed_to_vote": false,
    "auth_needed_to_write": true,
    "auth_opt_fb": true,
    "auth_opt_tw": true,
    "auth_opt_allow_3rdparty": true,
    "modified": "1729264450474",
    "created": "1728978940972",
    "site_id": "polis_site_id_wlE61IMj5fRdvFgrn7",
    "auth_opt_fb_computed": true,
    "auth_opt_tw_computed": true,
    "translations": [],
    "ownername": "admin",
    "is_mod": false,
    "is_owner": false,
    "conversation_id": "42pditmrma"
  },
  "votes": [],
  "pca": "{\"n\":42,\"pca\":{\"comps\":[[-0.39681966419372144,-0.3627438276043167,-0.36212963699391404,0.07377275941035927,0.2630538094898485,0.04507883519614945,-0.22842346225134716,-0.10619040491389453,0.5046532587351459,-0.04357791353196161,-0.4279179141512487],[-0.2595293608869932,-0.25870046508904376,-0.11909043104528633,-0.299759238582318,-0.33418052825114497,-0.2882437500615468,-0.45145208934888603,-0.21813421141714592,-0.30430993537319884,-0.40035166960553004,0.2502835274557829]],\"center\":[-0.175,0.07500000000000001,-0.05263157894736843,-0.13157894736842107,-0.4324324324324323,-0.717948717948718,-0.3157894736842105,-0.41666666666666663,-0.5,-0.457142857142857,0.5714285714285714],\"comment-extremity\":[1.29738553748554,1.5885281824235211,1.1977841066179327,0.8891368855168912,0.8005747774749216,0.2729175440371802,1.1481388896817113,0.4693743372413313,0.9772504709013022,0.7250721238111028,2.5837035754498707],\"comment-projection\":[[1.0857840968414563,1.2933165590194484,1.1378350718302899,-0.2124822781457798,-0.4951747702913683,-0.04216936937566263,0.5183544173063777,0.20544634217059196,-0.8368727542273112,0.07846000509455116,2.2302392550604653],[0.7101282475178881,0.9223633039751037,0.37418994558843816,0.8633745900017308,0.6290643219861629,0.2696400009823192,1.0244664992368069,0.4220237777062604,0.5046409378051004,0.7208145478058181,-1.3044374385074151]]},\"tids\":[0,1,2,3,4,5,6,7,8,9,10],\"mod-in\":[0,7,1,4,6,3,2,9,5,10,8],\"n-cmts\":11,\"in-conv\":[0,7,20,27,1,24,39,4,21,31,40,33,13,22,36,41,6,28,25,34,17,3,12,2,23,35,19,11,9,5,14,26,16,38,30,10,18,37,8],\"mod-out\":[],\"repness\":{\"0\":[{\"tid\":8,\"p-test\":3.1622776601683795,\"n-agree\":9,\"repness\":1.647727272727273,\"n-trials\":9,\"n-success\":9,\"p-success\":0.9090909090909091,\"best-agree\":true,\"repful-for\":\"agree\",\"repness-test\":2.5027456},{\"tid\":1,\"p-test\":1.897366596101028,\"repness\":4.509090909090909,\"n-trials\":9,\"n-success\":7,\"p-success\":0.7272727272727273,\"repful-for\":\"disagree\",\"repness-test\":3.7031338},{\"tid\":10,\"p-test\":3.1622776601683795,\"repness\":1.590909090909091,\"n-trials\":9,\"n-success\":9,\"p-success\":0.9090909090909091,\"repful-for\":\"disagree\",\"repness-test\":2.4078457}],\"1\":[{\"tid\":4,\"p-test\":3.5,\"n-agree\":14,\"repness\":3.382352941176471,\"n-trials\":15,\"n-success\":14,\"p-success\":0.8823529411764706,\"best-agree\":true,\"repful-for\":\"agree\",\"repness-test\":4.069136},{\"tid\":9,\"p-test\":3.356585566713095,\"repness\":2.875,\"n-trials\":14,\"n-success\":13,\"p-success\":0.875,\"repful-for\":\"agree\",\"repness-test\":3.708261},{\"tid\":8,\"p-test\":4,\"repness\":2.164705882352941,\"n-trials\":15,\"n-success\":15,\"p-success\":0.9411764705882353,\"repful-for\":\"agree\",\"repness-test\":3.5714486},{\"tid\":5,\"p-test\":4.123105625617661,\"repness\":1.670940170940171,\"n-trials\":16,\"n-success\":16,\"p-success\":0.9444444444444444,\"repful-for\":\"agree\",\"repness-test\":3.0068104},{\"tid\":10,\"p-test\":3.356585566713095,\"repness\":1.677083333333333,\"n-trials\":14,\"n-success\":13,\"p-success\":0.875,\"repful-for\":\"disagree\",\"repness-test\":2.5343747}],\"2\":[{\"tid\":8,\"p-test\":0.2773500981126152,\"repness\":13,\"n-trials\":12,\"n-success\":6,\"p-success\":0.5,\"repful-for\":\"disagree\",\"repness-test\":3.5756872}]},\"consensus\":{\"agree\":[{\"tid\":5,\"p-test\":3.1622776601683795,\"n-trials\":39,\"n-success\":29,\"p-success\":0.7317073170731707},{\"tid\":8,\"p-test\":2.1371868349696443,\"n-trials\":36,\"n-success\":24,\"p-success\":0.6578947368421053}],\"disagree\":[{\"tid\":10,\"p-test\":2.333333333333333,\"n-trials\":35,\"n-success\":24,\"p-success\":0.6756756756756757}]},\"meta-tids\":[],\"votes-base\":{\"0\":{\"A\":[0,1,0,1,0,1,0,1,0,1,0,0,1,0,1,1,0,0,0,0,1,0,0,0,1,1,0,0,0,0,1,0,0,1,1,1,0],\"D\":[0,0,0,0,0,0,0,0,0,0,0,0,0,0,0,0,1,1,0,0,0,1,1,0,0,0,1,0,0,1,0,0,1,0,0,0,1],\"S\":[3,1,1,1,1,1,1,1,1,1,0,1,1,0,1,1,1,1,1,1,1,1,1,1,1,1,1,1,1,1,1,1,1,1,1,1,1]},\"1\":{\"A\":[0,0,1,1,0,0,0,0,0,0,0,0,1,0,1,1,0,0,0,0,1,0,0,0,1,0,0,0,0,0,0,0,1,0,0,0,0],\"D\":[0,0,0,0,0,0,0,0,0,1,0,0,0,0,0,0,1,1,1,1,0,1,0,0,0,1,1,0,0,1,0,0,0,0,0,1,1],\"S\":[3,1,1,1,1,1,1,1,1,1,1,1,1,0,1,1,1,1,1,1,1,1,1,1,1,1,1,1,1,1,1,1,1,1,1,1,1]},\"2\":{\"A\":[0,0,0,0,0,1,0,1,0,1,0,0,0,1,1,0,0,0,0,0,1,0,0,1,1,0,1,0,1,0,0,0,0,0,0,0,1],\"D\":[0,0,0,0,0,0,0,0,0,0,0,0,0,0,0,0,0,1,0,1,0,1,1,0,0,1,0,0,0,1,0,0,1,1,0,0,0],\"S\":[3,1,1,1,1,1,1,1,1,1,0,0,0,1,1,1,1,1,1,1,1,1,1,1,1,1,1,1,1,1,1,1,1,1,1,1,1]},\"3\":{\"A\":[0,0,0,1,0,0,0,0,0,0,0,0,1,0,1,1,1,0,0,1,0,1,1,0,0,1,0,1,0,0,1,0,0,1,0,0,1],\"D\":[0,0,0,0,0,0,0,0,0,1,0,0,0,0,0,0,0,1,1,0,1,0,0,1,0,0,1,0,1,1,0,0,1,0,1,0,0],\"S\":[3,1,1,1,1,1,1,1,1,1,0,0,1,0,1,1,1,1,1,1,1,1,1,1,1,1,1,1,1,1,1,1,1,1,1,1,1]},\"4\":{\"A\":[0,0,0,0,1,0,0,0,0,1,0,0,0,1,1,1,1,1,1,0,0,1,1,0,1,0,0,1,1,0,0,1,1,1,1,1,1],\"D\":[0,1,0,1,0,0,0,0,0,0,0,0,0,0,0,0,0,0,0,0,1,0,0,0,0,1,0,0,0,0,0,0,0,0,0,0,0],\"S\":[3,1,1,1,1,1,1,1,1,1,0,0,0,1,1,1,1,1,1,1,1,1,1,1,1,1,1,1,1,1,1,1,1,1,1,1,1]},\"5\":{\"A\":[0,1,1,1,0,0,1,0,0,1,0,0,1,1,1,1,1,0,1,1,1,1,1,1,1,1,0,1,1,1,1,1,1,1,1,1,1],\"D\":[0,0,0,0,0,0,0,0,0,0,0,0,0,0,0,0,0,0,0,0,0,0,0,0,0,0,0,0,0,0,0,0,0,0,0,0,0],\"S\":[3,1,1,1,1,1,1,1,1,1,0,0,1,1,1,1,1,1,1,1,1,1,1,1,1,1,1,1,1,1,1,1,1,1,1,1,1]},\"6\":{\"A\":[0,0,1,0,0,0,0,0,0,1,0,1,1,1,1,1,1,0,0,0,1,0,1,1,1,0,0,1,1,0,1,0,1,0,0,0,1],\"D\":[0,0,0,0,0,0,0,0,0,0,0,0,0,0,0,0,0,1,0,1,0,1,0,0,0,1,1,0,0,0,0,0,0,0,0,0,0],\"S\":[3,1,1,1,1,1,1,1,1,1,0,1,1,1,1,1,1,1,1,1,1,1,1,1,1,1,1,1,1,1,1,1,1,1,1,1,1]},\"7\":{\"A\":[0,0,1,0,0,0,0,0,0,1,0,0,1,0,0,1,1,1,1,0,1,0,0,1,1,1,1,1,1,0,1,0,1,1,0,1,0],\"D\":[0,0,0,0,0,0,0,0,0,0,0,0,0,0,0,0,0,0,0,0,0,0,1,0,0,0,0,0,0,1,0,0,0,0,1,0,1],\"S\":[3,1,1,1,1,1,1,1,1,1,0,0,1,0,0,1,1,1,1,1,1,1,1,1,1,1,1,1,1,1,1,1,1,1,1,1,1]},\"8\":{\"A\":[0,0,0,0,1,0,1,0,0,1,0,1,0,1,0,1,1,1,1,1,0,1,1,0,1,1,1,1,1,1,0,1,1,1,1,1,1],\"D\":[0,0,0,0,0,1,0,1,1,0,0,0,0,0,0,0,0,0,0,0,1,0,0,1,0,0,0,0,0,0,1,0,0,0,0,0,0],\"S\":[3,1,1,1,1,1,1,1,1,1,0,1,0,1,0,1,1,1,1,1,1,1,1,1,1,1,1,1,1,1,1,1,1,1,1,1,1]},\"9\":{\"A\":[0,0,0,0,0,0,1,1,0,1,0,1,0,0,0,1,1,0,0,1,1,1,0,0,1,1,0,1,1,0,1,1,1,0,1,1,1],\"D\":[0,0,0,0,0,0,0,0,0,0,0,0,0,0,0,0,0,1,0,0,0,0,1,0,0,0,1,0,0,0,0,0,0,0,0,0,0],\"S\":[3,1,1,1,1,1,1,1,1,1,0,1,0,0,0,1,1,1,1,1,1,1,1,1,1,1,1,1,1,1,1,1,1,1,1,1,1]},