{
  "user": {},
  "ptpt": null,
  "nextComment": {
    "txt": "働き方に中立な社会保険制度として、「年収の壁」を見直す",
    "tid": 5,
    "created": "1728978948774",
    "tweet_id": null,
    "quote_src_url": null,
    "is_seed": true,
    "is_meta": false,
    "lang": null,
    "pid": 0,
    "randomN": 1.9373545111087733,
    "remaining": 11,
    "total": 11,
    "translations": []
  },
  "conversation": {
    "topic": "社会保障（年金・医療）",
    "description": "",
    "link_url": null,
    "parent_url": null,
    "upvotes": 1,
    "participant_count": 62,
    "is_anon": false,
    "is_active": true,
    "is_draft": true,
    "is_public": true,
    "is_data_open": false,
    "profanity_filter": true,
    "spam_filter": true,
    "strict_moderation": false,
    "prioritize_seed": false,
    "vis_type": 1,
    "write_type": 1,
    "help_type": 1,
    "write_hint_type": 1,
    "style_btn": null,
    "socialbtn_type": 0,
    "subscribe_type": 1,
    "branding_type": 1,
    "bgcolor": null,
    "help_bgcolor": null,
    "help_color": null,
    "email_domain": null,
    "use_xid_whitelist": false,
    "owner": 72,
    "org_id": 72,
    "context": null,
    "course_id": null,
    "owner_sees_participation_stats": false,
    "auth_needed_to_vote": false,
    "auth_needed_to_write": true,
    "auth_opt_fb": true,
    "auth_opt_tw": true,
    "auth_opt_allow_3rdparty": true,
    "modified": "1729288847781",
    "created": "1728978940972",
    "site_id": "polis_site_id_wlE61IMj5fRdvFgrn7",
    "auth_opt_fb_computed": true,
    "auth_opt_tw_computed": true,
    "translations": [],
    "ownername": "admin",
    "is_mod": false,
    "is_owner": false,
    "conversation_id": "42pditmrma"
  },
  "votes": [],
  "pca": "{\"n\":62,\"pca\":{\"comps\":[[-0.4263775284784152,-0.4462805484537871,-0.319600647919337,0.11853616336841197,0.25745647843819075,0.035323520587990154,-0.20986440173973903,-0.26995910907612486,0.39442098966256134,-0.016938056356120793,-0.40315392491834523],[-0.0996373332650867,-0.3028298756394839,-0.27253371468452015,-0.29842888001590423,-0.4335827736049345,-0.1819387901339448,-0.39499209673704827,-0.009155089966116707,-0.38003527094595463,-0.4419195927423236,0.13458824421483237]],\"center\":[-0.21052631578947373,0.051724137931034496,-0.05454545454545455,-0.25454545454545446,-0.4629629629629629,-0.7857142857142856,-0.41818181818181815,-0.37037037037037035,-0.5925925925925927,-0.4038461538461538,0.5769230769230772],\"comment-extremity\":[1.1464993721762107,1.8812622365821268,1.3170732239362604,0.7939062221253852,0.8981623674962084,0.13171935944192897,0.8631091943323039,0.5640649053561957,0.7400858011799893,0.8744132271032518,2.2229122927553466],\"comment-projection\":[[1.1164218007910347,1.55670436134085,1.0021774992536707,-0.2930679835860547,-0.4585686967767669,-0.025104613728162337,0.4049695868643627,0.563740824083343,-0.5329485464320362,0.033490240498953064,2.108520091163223],[0.2608891970146494,1.0563234041581975,0.8545888702759435,0.7378334815703375,0.7722761091234479,0.12930486464689503,0.762205428382576,0.019118073028609742,0.5135103114487639,0.8737716495311835,-0.7039048845148504]]},\"tids\":[0,1,2,3,4,5,6,7,8,9,10],\"mod-in\":[0,7,1,4,6,3,2,9,5,10,8],\"n-cmts\":11,\"in-conv\":[0,7,59,20,27,1,24,55,39,46,4,54,48,50,21,31,40,56,33,13,22,36,41,43,61,44,6,28,51,25,34,17,3,12,2,23,47,35,19,57,11,9,5,14,45,53,26,16,38,30,10,18,52,42,37,8],\"mod-out\":[],\"repness\":{\"0\":[{\"tid\":6,\"p-test\":3.4412360080584268,\"n-agree\":16,\"repness\":2.367857142857143,\"n-trials\":18,\"n-success\":16,\"p-success\":0.85,\"best-agree\":true,\"repful-for\":\"agree\",\"repness-test\":3.7608404},{\"tid\":8,\"p-test\":4.123105625617661,\"repness\":1.534722222222222,\"n-trials\":16,\"n-success\":16,\"p-success\":0.9444444444444444,\"repful-for\":\"agree\",\"repness-test\":2.8985853},{\"tid\":7,\"p-test\":3,\"repness\":2.007352941176471,\"n-trials\":15,\"n-success\":13,\"p-success\":0.823529411764706,\"repful-for\":\"agree\",\"repness-test\":3.0654054},{\"tid\":4,\"p-test\":3.1529631254723283,\"repness\":1.805555555555556,\"n-trials\":16,\"n-success\":14,\"p-success\":0.8333333333333333,\"repful-for\":\"agree\",\"repness-test\":2.8589115},{\"tid\":9,\"p-test\":2.5,\"repness\":1.754325259515571,\"n-trials\":15,\"n-success\":12,\"p-success\":0.7647058823529412,\"repful-for\":\"agree\",\"repness-test\":2.4656522}],\"1\":[{\"tid\":0,\"p-test\":1,\"n-agree\":9,\"repness\":1.607843137254902,\"n-trials\":15,\"n-success\":9,\"p-success\":0.5882352941176471,\"best-agree\":true,\"repful-for\":\"agree\",\"repness-test\":1.7000948}],\"2\":[{\"tid\":8,\"p-test\":4.795831523312719,\"n-agree\":22,\"repness\":1.756944444444444,\"n-trials\":22,\"n-success\":22,\"p-success\":0.9583333333333333,\"best-agree\":true,\"repful-for\":\"agree\",\"repness-test\":3.6740272},{\"tid\":4,\"p-test\":2.710687382741972,\"repness\":1.65,\"n-trials\":22,\"n-success\":17,\"p-success\":0.75,\"repful-for\":\"agree\",\"repness-test\":2.343614},{\"tid\":1,\"p-test\":1.8766297265136724,\"repness\":7.777777777777778,\"n-trials\":22,\"n-success\":15,\"p-success\":0.6666666666666667,\"repful-for\":\"disagree\",\"repness-test\":4.772644},{\"tid\":10,\"p-test\":4.795831523312719,\"repness\":1.916666666666667,\"n-trials\":22,\"n-success\":22,\"p-success\":0.9583333333333333,\"repful-for\":\"disagree\",\"repness-test\":3.9254847}]},\"consensus\":{\"agree\":[{\"tid\":5,\"p-test\":4.635863249727652,\"n-trials\":56,\"n-success\":45,\"p-success\":0.7931034482758621},{\"tid\":8,\"p-test\":3.3709993123162105,\"n-trials\":54,\"n-success\":39,\"p-success\":0.7142857142857143},{\"tid\":4,\"p-test\":1.4832396974191322,\"n-trials\":54,\"n-success\":32,\"p-success\":0.5892857142857143}],\"disagree\":[{\"tid\":10,\"p-test\":3.159292970819847,\"n-trials\":52,\"n-success\":37,\"p-success\":0.7037037037037037}]},\"meta-tids\":[],\"votes-base\":{\"0\":{\"A\":[0,1,0,1,0,1,0,1,0,0,1,0,1,1,0,0,0,0,1,0,0,0,1,1,0,0,0,0,1,0,0,1,1,1,0,0,1,0,1,0,1,0,0,1,0,1,0,1,0,0,1,0,1,1],\"D\":[0,0,0,0,0,0,0,0,0,0,0,0,0,0,1,1,0,0,0,1,1,0,0,0,1,0,0,1,0,0,1,0,0,0,1,1,0,0,0,0,0,1,0,0,1,0,0,0,0,0,0,0,0,0],\"S\":[1,1,1,1,1,1,1,1,0,1,1,0,1,1,1,1,1,1,1,1,1,1,1,1,1,1,1,1,1,1,1,1,1,1,1,1,1,1,1,1,1,1,1,1,1,1,1,1,1,1,1,3,1,1]},\"1\":{\"A\":[1,1,0,0,0,0,0,0,0,0,1,0,1,1,0,0,0,0,1,0,0,0,1,0,0,0,0,0,0,0,1,0,0,0,0,0,0,0,0,1,1,0,0,1,0,1,1,0,0,1,0,0,0,1],\"D\":[0,0,0,0,0,0,0,1,0,0,0,0,0,0,1,1,1,1,0,1,0,0,0,1,1,0,0,1,0,0,0,0,0,1,1,1,1,0,0,0,0,0,1,0,1,0,0,0,1,0,1,0,0,0],\"S\":[1,1,1,1,1,1,1,1,1,1,1,0,1,1,1,1,1,1,1,1,1,1,1,1,1,1,1,1,1,1,1,1,1,1,1,1,1,1,1,1,1,1,1,1,1,1,1,1,1,1,1,3,1,1]},\"2\":{\"A\":[0,0,0,1,0,1,0,1,0,0,0,1,1,0,0,0,0,0,1,0,0,1,1,0,1,0,1,0,0,0,0,0,0,0,1,0,0,0,1,0,0,1,0,1,0,0,0,0,0,1,1,0,0,1],\"D\":[0,0,0,0,0,0,0,0,0,0,0,0,0,0,0,1,0,1,0,1,1,0,0,1,0,0,0,1,0,0,1,1,0,0,0,1,1,0,0,0,1,0,0,0,1,1,0,0,0,0,0,0,0,0],\"S\":[1,1,1,1,1,1,1,1,0,0,0,1,1,1,1,1,1,1,1,1,1,1,1,1,1,1,1,1,1,1,1,1,1,1,1,1,1,1,1,1,1,1,1,1,1,1,1,1,1,1,1,3,1,1]},\"3\":{\"A\":[0,1,0,0,0,0,0,0,0,0,1,0,1,1,1,0,0,1,0,1,1,0,0,1,0,1,0,0,1,0,0,1,0,0,1,1,0,1,1,1,1,0,1,0,1,1,1,1,1,0,0,0,0,0],\"D\":[0,0,0,0,0,0,0,1,0,0,0,0,0,0,0,1,1,0,1,0,0,1,0,0,1,0,1,1,0,0,1,0,1,0,0,0,1,0,0,0,0,1,0,0,0,0,0,0,0,0,0,0,0,0],\"S\":[1,1,1,1,1,1,1,1,0,0,1,0,1,1,1,1,1,1,1,1,1,1,1,1,1,1,1,1,1,1,1,1,1,1,1,1,1,1,1,1,1,1,1,1,1,1,1,1,1,1,1,3,1,1]},\"4\":{\"A\":[0,0,1,0,0,0,0,1,0,0,0,1,1,1,1,1,1,0,0,1,1,0,1,0,0,1,1,0,0,1,1,1,1,1,1,1,0,1,1,1,0,1,1,0,1,0,0,1,1,1,1,0,0,1],\"D\":[0,1,0,0,0,0,0,0,0,0,0,0,0,0,0,0,0,0,1,0,0,0,0,1,0,0,0,0,0,0,0,0,0,0,0,0,1,0,0,0,1,0,0,0,0,1,0,0,0,0,0,0,1,0],\"S\":[1,1,1,1,1,1,1,1,0,0,0,1,1,1,1,1,1,1,1,1,1,1,1,1,1,1,1,1,1,1,1,1,1,1,1,1,1,1,1,1,1,1,1,1,1,1,1,1,1,1,1,3,1,1]},\"5\":{\"A\":[1,1,0,0,1,0,0,1,0,0,1,1,1,1,1,0,1,1,1,1,1,1,1,1,0,1,1,1,1,1,1,1,1,1,1,1,1,1,1,0,1,1,1,1,1,1,1,1,1,1,1,0,1,1],\"D\":[0,0,0,0,0,0,0,0,0,0,0,0,0,0,0,0,0,0,0,0,0,0,0,0,0,0,0,0,0,0,0,0,0,0,0,0,0,0,0,0,0,0,0,0,0,0,0,0,0,0,0,0,0,0],\"S\":[1,1,1,1,1,1,1,1,0,0,1,1,1,1,1,1,1,1,1,1,1,1,1,1,1,1,1,1,1,1,1,1,1,1,1,1,1,1,1,1,1,1,1,1,1,1,1,1,1,1,1,3,1,1]},\"6\":{\"A\":[1,0,0,0,0,