{
  "user": {},
  "ptpt": null,
  "nextComment": {
    "txt": "現役世代の社会保険料負担を引き下げるために公費投入を行う",
    "tid": 9,
    "created": "1728978952971",
    "tweet_id": null,
    "quote_src_url": null,
    "is_seed": true,
    "is_meta": false,
    "lang": null,
    "pid": 0,
    "randomN": 4.5990468348429046,
    "remaining": 11,
    "total": 11,
    "translations": []
  },
  "conversation": {
    "topic": "社会保障（年金・医療）",
    "description": "",
    "link_url": null,
    "parent_url": null,
    "upvotes": 1,
    "participant_count": 85,
    "is_anon": false,
    "is_active": true,
    "is_draft": true,
    "is_public": true,
    "is_data_open": false,
    "profanity_filter": true,
    "spam_filter": true,
    "strict_moderation": false,
    "prioritize_seed": false,
    "vis_type": 1,
    "write_type": 1,
    "help_type": 1,
    "write_hint_type": 1,
    "style_btn": null,
    "socialbtn_type": 0,
    "subscribe_type": 1,
    "branding_type": 1,
    "bgcolor": null,
    "help_bgcolor": null,
    "help_color": null,
    "email_domain": null,
    "use_xid_whitelist": false,
    "owner": 72,
    "org_id": 72,
    "context": null,
    "course_id": null,
    "owner_sees_participation_stats": false,
    "auth_needed_to_vote": false,
    "auth_needed_to_write": true,
    "auth_opt_fb": true,
    "auth_opt_tw": true,
    "auth_opt_allow_3rdparty": true,
    "modified": "1729300633197",
    "created": "1728978940972",
    "site_id": "polis_site_id_wlE61IMj5fRdvFgrn7",
    "auth_opt_fb_computed": true,
    "auth_opt_tw_computed": true,
    "translations": [],
    "ownername": "admin",
    "is_mod": false,
    "is_owner": false,
    "conversation_id": "42pditmrma"
  },
  "votes": [],
  "pca": "{\"n\":85,\"pca\":{\"comps\":[[-0.4082806671799771,-0.4757141026432576,-0.3109690488505731,-0.13754333494167875,0.2940253340425567,-0.0592411089211569,-0.241499029064624,-0.2159284447688748,0.37869096253213935,-0.05108303118045724,-0.38789105364892784],[0.1828488727674919,-0.2694914801437082,0.34249918391626105,-0.6807769767992209,-0.08837817602053251,-0.205589204478312,-0.3474763958501749,-0.2081857899719405,-0.23310363952154178,-0.09869398599782603,0.18692524519197956]],\"center\":[-0.2987012987012988,0.0779220779220779,-0.1066666666666667,-0.2133333333333334,-0.4931506849315069,-0.7532467532467534,-0.3733333333333334,-0.36986301369863017,-0.6164383561643832,-0.380281690140845,0.5915492957746479],\"comment-extremity\":[1.0405237977936892,1.9546461349858504,1.37064289187384,1.8120897099208106,0.5161103969705103,0.17509759390704846,0.8794966709536488,0.6268613952936541,0.5656962997554614,0.22841455734654265,2.27285592816889],\"comment-projection\":[[0.9496382368618899,1.7007079277105066,0.9213551064296046,0.3588613124070392,-0.49426511423957026,0.048482208813831335,0.5019359777626278,0.45127489194128073,-0.4817441555903285,0.10499468864088034,2.0475107964404153],[-0.4252963588661949,0.9634490425745194,-1.0147742137541607,1.7762003477249926,0.14856627715199147,0.16825172456937762,0.7222012658850894,0.4350933012732928,0.29653814613230156,0.2028529648908825,-0.986698337219843]]},\"tids\":[0,1,2,3,4,5,6,7,8,9,10],\"mod-in\":[0,7,1,4,6,3,2,9,5,10,8],\"n-cmts\":11,\"in-conv\":[0,65,70,62,74,7,59,20,72,27,1,69,24,55,39,46,4,77,54,48,50,75,21,31,40,56,33,13,22,36,41,43,61,44,6,28,64,51,25,34,17,3,12,2,23,47,35,82,76,19,57,68,11,9,5,83,14,45,53,78,26,16,81,38,30,73,10,18,52,67,42,37,63,8,84],\"mod-out\":[],\"repness\":{\"0\":[{\"tid\":0,\"p-test\":0.8944271909999157,\"n-agree\":11,\"repness\":1.230769230769231,\"n-trials\":19,\"n-success\":11,\"p-success\":0.5714285714285714,\"best-agree\":true,\"repful-for\":\"agree\",\"repness-test\":0.9749215},{\"tid\":3,\"p-test\":1.341640786499874,\"repness\":4.255952380952381,\"n-trials\":19,\"n-success\":12,\"p-success\":0.619047619047619,\"repful-for\":\"disagree\",\"repness-test\":4.252611}],\"1\":[{\"tid\":3,\"p-test\":3.2659863237109032,\"n-agree\":19,\"repness\":2.914285714285714,\"n-trials\":23,\"n-success\":19,\"p-success\":0.8,\"best-agree\":true,\"repful-for\":\"agree\",\"repness-test\":4.4711976},{\"tid\":5,\"p-test\":4.6,\"repness\":1.307692307692308,\"n-trials\":24,\"n-success\":23,\"p-success\":0.9230769230769231,\"repful-for\":\"agree\",\"repness-test\":2.4494898},{\"tid\":6,\"p-test\":2.353393621658209,\"repness\":1.888888888888889,\"n-trials\":25,\"n-success\":18,\"p-success\":0.7037037037037037,\"repful-for\":\"agree\",\"repness-test\":2.9014585},{\"tid\":7,\"p-test\":2.710687382741972,\"repness\":1.66304347826087,\"n-trials\":22,\"n-success\":17,\"p-success\":0.75,\"repful-for\":\"agree\",\"repness-test\":2.5805929},{\"tid\":0,\"p-test\":1.8000000000000005,\"repness\":1.587912087912088,\"n-trials\":24,\"n-success\":16,\"p-success\":0.6538461538461539,\"repful-for\":\"agree\",\"repness-test\":2.1230798}],\"2\":[{\"tid\":8,\"p-test\":4.69041575982343,\"n-agree\":21,\"repness\":1.491048593350384,\"n-trials\":21,\"n-success\":21,\"p-success\":0.9565217391304348,\"best-agree\":true,\"repful-for\":\"agree\",\"repness-test\":3.1722527},{\"tid\":4,\"p-test\":2.9848100289785466,\"repness\":1.481366459627329,\"n-trials\":21,\"n-success\":17,\"p-success\":0.782608695652174,\"repful-for\":\"agree\",\"repness-test\":2.2677486},{\"tid\":9,\"p-test\":1.705605730844883,\"repness\":1.41304347826087,\"n-trials\":21,\"n-success\":14,\"p-success\":0.6521739130434783,\"repful-for\":\"agree\",\"repness-test\":1.660128},{\"tid\":1,\"p-test\":2.1320071635561044,\"repness\":3.826086956521739,\"n-trials\":21,\"n-success\":15,\"p-success\":0.6956521739130435,\"repful-for\":\"disagree\",\"repness-test\":4.517652},{\"tid\":10,\"p-test\":4.69041575982343,\"repness\":1.604488078541374,\"n-trials\":21,\"n-success\":21,\"p-success\":0.9565217391304348,\"repful-for\":\"disagree\",\"repness-test\":3.4471862}],\"3\":[{\"tid\":10,\"p-test\":1.897366596101028,\"n-agree\":7,\"repness\":15.51515151515152,\"n-trials\":9,\"n-success\":7,\"p-success\":0.7272727272727273,\"best-agree\":true,\"repful-for\":\"agree\",\"repness-test\":6.178418},{\"tid\":2,\"p-test\":2.529822128134704,\"repness\":2.799043062200957,\"n-trials\":9,\"n-success\":8,\"p-success\":0.8181818181818182,\"repful-for\":\"agree\",\"repness-test\":3.657255},{\"tid\":0,\"p-test\":1.897366596101028,\"repness\":1.6,\"n-trials\":9,\"n-success\":7,\"p-success\":0.7272727272727273,\"repful-for\":\"agree\",\"repness-test\":1.9929848}]},\"consensus\":{\"agree\":[{\"tid\":5,\"p-test\":5.208474357065142,\"n-trials\":77,\"n-success\":61,\"p-success\":0.7848101265822786},{\"tid\":8,\"p-test\":4.184914994777493,\"n-trials\":73,\"n-success\":54,\"p-success\":0.7333333333333333},{\"tid\":4,\"p-test\":2.0924574973887466,\"n-trials\":73,\"n-success\":45,\"p-success\":0.6133333333333333}],\"disagree\":[{\"tid\":10,\"p-test\":3.771236166328253,\"n-trials\":71,\"n-success\":51,\"p-success\":0.7123287671232877}]},\"meta-tids\":[],\"votes-base\":{\"0\":{\"A\":[0,1,0,1,0,1,0,0,0,1,0,1,1,0,0,0,0,1,0,0,0,1,1,0,0,0,0,1,0,0,1,1,1,0,0,0,1,0,1,0,0,1,0,1,0,1,0,0,1,1,0,1,0,0,1,1,1,1,1,0,1,0,1,1,1,1,1,1,0,1,1,1],\"D\":[0,0,0,0,0,0,0,0,0,0,0,0,0,1,1,0,0,0,1,1,0,0,0,1,0,0,1,0,0,1,0,0,0,1,1,0,0,0,0,1,0,0,1,0,0,0,0,0,0,0,1,0,0,1,0,0,0,0,0,1,0,0,0,0,0,0,0,0,0,0,0,0],\"S\":[1,1,1,1,1,1,1,0,1,1,0,1,1,1,1,1,1,1,1,1,1,1,1,1,1,1,1,1,1,1,1,1,1,1,1,1,1,1,1,1,1,1,1,1,1,1,1,1,1,1,1,1,1,1,1,1,1,1,1,1,1,1,1,1,1,1,1,1,1,1,1,4]},\"1\":{\"A\":[1,1,0,0,0,0,0,0,0,1,0,1,1,0,0,0,0,1,0,0,0,1,0,0,0,0,0,0,0,1,0,0,0,0,0,0,0,1,1,0,0,1,0,1,1,0,0,1,0,1,1,1,0,0,0,0,0,0,0,0,0,1,0,0,0,1,0,0,0,0,0,0],\"D\":[0,0,0,0,0,0,0,0,0,0,0,0,0,1,1,1,1,0,1,0,0,0,1,1,0,0,1,0,0,0,0,0,1,1,1,0,0,0,0,0,1,0,1,0,0,0,1,0,1,0,0,0,0,1,0,0,1,0,0,1,1,0,0,1,1,0,0,0,1,0,1,1],\"S\":[1,1,1,1,1,1,1,1,1,1,0,1,1,1,1,1,1,1,1,1,1,1,1,1,1,1,1,1,1,1,1,1,1,1,1,1,1,1,1,1,1,1,1,1,1,1,1,1,1,1,1,1,1,1,1,1,1,1,1,1,1,1,1,1,1,1,1,1,1,1,1,4]},\"2\":{\"A\":[0,0,0,1,0,1,0,0,0,0,1,1,0,0,0,0,0,1,0,0,1,1,0,1,0,1,0,0,0,0,0,0,0,1,0,0,1,0,0,1,0,1,0,0,0,0,0,1,1,1,0,0,0,0,0,0,1,1,1,0,0,0,1,1,1,1,0,1,0,1,1,0],\"D\":[0,0,0,0,0,0,