{
  "user": {},
  "ptpt": null,
  "nextComment": {
    "txt": "高齢者と現役世代の「給付と負担」の公平性を確保するため、高齢者の医療費窓口負担を見直し（2割負担や3割負担といった現役世代の負担に近づける）",
    "tid": 8,
    "created": "1728978952072",
    "tweet_id": null,
    "quote_src_url": null,
    "is_seed": true,
    "is_meta": false,
    "lang": null,
    "pid": 0,
    "randomN": 3.45421091071102,
    "remaining": 11,
    "total": 11,
    "translations": []
  },
  "conversation": {
    "topic": "社会保障（年金・医療）",
    "description": "",
    "link_url": null,
    "parent_url": null,
    "upvotes": 1,
    "participant_count": 59,
    "is_anon": false,
    "is_active": true,
    "is_draft": true,
    "is_public": true,
    "is_data_open": false,
    "profanity_filter": true,
    "spam_filter": true,
    "strict_moderation": false,
    "prioritize_seed": false,
    "vis_type": 1,
    "write_type": 1,
    "help_type": 1,
    "write_hint_type": 1,
    "style_btn": null,
    "socialbtn_type": 0,
    "subscribe_type": 1,
    "branding_type": 1,
    "bgcolor": null,
    "help_bgcolor": null,
    "help_color": null,
    "email_domain": null,
    "use_xid_whitelist": false,
    "owner": 72,
    "org_id": 72,
    "context": null,
    "course_id": null,
    "owner_sees_participation_stats": false,
    "auth_needed_to_vote": false,
    "auth_needed_to_write": true,
    "auth_opt_fb": true,
    "auth_opt_tw": true,
    "auth_opt_allow_3rdparty": true,
    "modified": "1729283217321",
    "created": "1728978940972",
    "site_id": "polis_site_id_wlE61IMj5fRdvFgrn7",
    "auth_opt_fb_computed": true,
    "auth_opt_tw_computed": true,
    "translations": [],
    "ownername": "admin",
    "is_mod": false,
    "is_owner": false,
    "conversation_id": "42pditmrma"
  },
  "votes": [],
  "pca": "{\"n\":59,\"pca\":{\"comps\":[[-0.4408040580160436,-0.41038365642869296,-0.3094476793397632,0.1364569237370728,0.3070984626843591,0.04741419334677233,-0.1642978256944084,-0.23759668241730986,0.4416423360392883,0.008521619616996181,-0.3844145902117586],[-0.16212085647407273,-0.36183823412394334,-0.2476441118687159,-0.3575210470182936,-0.35683969968801305,-0.18968160007664123,-0.4269127027892361,-0.025434069595851413,-0.32634929526757456,-0.42238490771557885,0.150043706466661]],\"center\":[-0.1818181818181818,0.05357142857142857,-0.018867924528301896,-0.26415094339622636,-0.4423076923076923,-0.7777777777777778,-0.43396226415094324,-0.3725490196078431,-0.576923076923077,-0.37999999999999995,0.6000000000000001],\"comment-extremity\":[1.2745017765618052,1.9118063668369154,1.2897092890006445,0.9339370316471957,0.8708012078785431,0.1441020500058873,0.8587616180383973,0.4972681947620841,0.7705425991430858,0.8687299447833691,2.1898176588622276],\"comment-projection\":[[1.1961668180497667,1.43400406963603,1.006957281510241,-0.3330279288150654,-0.5680265549644301,-0.03494557534857982,0.30844202360352757,0.4944433236150267,-0.6197069662293119,-0.017523069222939225,2.0399343354730095],[0.4399314967763667,1.26437174618285,0.8058455704091531,0.8725427082447728,0.6600307390553647,0.13980059935299266,0.8014580679557023,0.05292879419057276,0.45792922280746035,0.8685531987209094,-0.7962218824066186]]},\"tids\":[0,1,2,3,4,5,6,7,8,9,10],\"mod-in\":[0,7,1,4,6,3,2,9,5,10,8],\"n-cmts\":11,\"in-conv\":[0,7,20,27,1,24,55,39,46,4,54,48,50,21,31,40,56,33,13,22,36,41,43,44,6,28,51,25,34,17,3,12,2,23,47,35,19,57,11,9,5,14,45,53,26,16,38,30,10,18,52,42,37,8],\"mod-out\":[],\"repness\":{\"0\":[{\"tid\":6,\"p-test\":3.1529631254723283,\"n-agree\":14,\"repness\":2.166666666666667,\"n-trials\":16,\"n-success\":14,\"p-success\":0.8333333333333333,\"best-agree\":true,\"repful-for\":\"agree\",\"repness-test\":3.3561783},{\"tid\":8,\"p-test\":3.872983346207417,\"repness\":1.5234375,\"n-trials\":14,\"n-success\":14,\"p-success\":0.9375,\"repful-for\":\"agree\",\"repness-test\":2.7404602},{\"tid\":4,\"p-test\":2.8401877872187726,\"repness\":1.760416666666667,\"n-trials\":14,\"n-success\":12,\"p-success\":0.8125,\"repful-for\":\"agree\",\"repness-test\":2.6155097},{\"tid\":7,\"p-test\":2.6726124191242433,\"repness\":1.835294117647059,\"n-trials\":13,\"n-success\":11,\"p-success\":0.8,\"repful-for\":\"agree\",\"repness-test\":2.6390002},{\"tid\":9,\"p-test\":2.1380899352993947,\"repness\":1.682352941176471,\"n-trials\":13,\"n-success\":10,\"p-success\":0.7333333333333333,\"repful-for\":\"agree\",\"repness-test\":2.1708696}],\"1\":[{\"tid\":0,\"p-test\":1,\"n-agree\":9,\"repness\":1.764705882352941,\"n-trials\":15,\"n-success\":9,\"p-success\":0.5882352941176471,\"best-agree\":true,\"repful-for\":\"agree\",\"repness-test\":1.9196796}],\"2\":[{\"tid\":8,\"p-test\":4.795831523312719,\"n-agree\":22,\"repness\":1.856770833333333,\"n-trials\":22,\"n-success\":22,\"p-success\":0.9583333333333333,\"best-agree\":true,\"repful-for\":\"agree\",\"repness-test\":3.8192048},{\"tid\":4,\"p-test\":2.710687382741972,\"repness\":1.788461538461538,\"n-trials\":22,\"n-success\":17,\"p-success\":0.75,\"repful-for\":\"agree\",\"repness-test\":2.5576332},{\"tid\":10,\"p-test\":4.795831523312719,\"repness\":1.916666666666667,\"n-trials\":22,\"n-success\":22,\"p-success\":0.9583333333333333,\"repful-for\":\"disagree\",\"repness-test\":3.8979728},{\"tid\":1,\"p-test\":1.4596008983995232,\"repness\":6.875,\"n-trials\":22,\"n-success\":14,\"p-success\":0.625,\"repful-for\":\"disagree\",\"repness-test\":4.353586}]},\"consensus\":{\"agree\":[{\"tid\":5,\"p-test\":4.449719092257398,\"n-trials\":54,\"n-success\":43,\"p-success\":0.7857142857142857},{\"tid\":8,\"p-test\":3.159292970819847,\"n-trials\":52,\"n-success\":37,\"p-success\":0.7037037037037037}],\"disagree\":[{\"tid\":10,\"p-test\":3.2206441932644223,\"n-trials\":50,\"n-success\":36,\"p-success\":0.7115384615384615}]},\"meta-tids\":[],\"votes-base\":{\"0\":{\"A\":[0,1,0,1,0,1,0,1,0,0,1,0,1,1,0,0,0,0,1,0,0,0,1,1,0,0,0,0,1,0,0,1,1,1,0,0,1,0,1,0,1,0,0,1,0,1,0,1,0,0,0,1],\"D\":[0,0,0,0,0,0,0,0,0,0,0,0,0,0,1,1,0,0,0,1,1,0,0,0,1,0,0,1,0,0,1,0,0,0,1,1,0,0,0,0,0,1,0,0,1,0,0,0,0,0,0,0],\"S\":[1,1,1,1,1,1,1,1,0,1,1,0,1,1,1,1,1,1,1,1,1,1,1,1,1,1,1,1,1,1,1,1,1,1,1,1,1,1,1,1,1,1,1,1,1,1,1,1,1,1,3,1]},\"1\":{\"A\":[1,1,0,0,0,0,0,0,0,0,1,0,1,1,0,0,0,0,1,0,0,0,1,0,0,0,0,0,0,0,1,0,0,0,0,0,0,0,0,1,1,0,0,1,0,1,1,0,0,1,0,0],\"D\":[0,0,0,0,0,0,0,1,0,0,0,0,0,0,1,1,1,1,0,1,0,0,0,1,1,0,0,1,0,0,0,0,0,1,1,1,1,0,0,0,0,0,1,0,1,0,0,0,1,0,0,0],\"S\":[1,1,1,1,1,1,1,1,1,1,1,0,1,1,1,1,1,1,1,1,1,1,1,1,1,1,1,1,1,1,1,1,1,1,1,1,1,1,1,1,1,1,1,1,1,1,1,1,1,1,3,1]},\"2\":{\"A\":[0,0,0,1,0,1,0,1,0,0,0,1,1,0,0,0,0,0,1,0,0,1,1,0,1,0,1,0,0,0,0,0,0,0,1,0,0,0,1,0,0,1,0,1,0,0,0,0,0,1,0,0],\"D\":[0,0,0,0,0,0,0,0,0,0,0,0,0,0,0,1,0,1,0,1,1,0,0,1,0,0,0,1,0,0,1,1,0,0,0,1,1,0,0,0,1,0,0,0,1,1,0,0,0,0,0,0],\"S\":[1,1,1,1,1,1,1,1,0,0,0,1,1,1,1,1,1,1,1,1,1,1,1,1,1,1,1,1,1,1,1,1,1,1,1,1,1,1,1,1,1,1,1,1,1,1,1,1,1,1,3,1]},\"3\":{\"A\":[0,1,0,0,0,0,0,0,0,0,1,0,1,1,1,0,0,1,0,1,1,0,0,1,0,1,0,0,1,0,0,1,0,0,1,1,0,1,1,1,1,0,1,0,1,1,1,1,1,0,0,0],\"D\":[0,0,0,0,0,0,0,1,0,0,0,0,0,0,0,1,1,0,1,0,0,1,0,0,1,0,1,1,0,0,1,0,1,0,0,0,1,0,0,0,0,1,0,0,0,0,0,0,0,0,0,0],\"S\":[1,1,1,1,1,1,1,1,0,0,1,0,1,1,1,1,1,1,1,1,1,1,1,1,1,1,1,1,1,1,1,1,1,1,1,1,1,1,1,1,1,1,1,1,1,1,1,1,1,1,3,1]},\"4\":{\"A\":[0,0,1,0,0,0,0,1,0,0,0,1,1,1,1,1,1,0,0,1,1,0,1,0,0,1,1,0,0,1,1,1,1,1,1,1,0,1,1,1,0,1,1,0,1,0,0,1,1,1,0,0],\"D\":[0,1,0,0,0,0,0,0,0,0,0,0,0,0,0,0,0,0,1,0,0,0,0,1,0,0,0,0,0,0,0,0,0,0,0,0,1,0,0,0,1,0,0,0,0,1,0,0,0,0,0,1],\"S\":[1,1,1,1,1,1,1,1,0,0,0,1,1,1,1,1,1,1,1,1,1,1,1,1,1,1,1,1,1,1,1,1,1,1,1,1,1,1,1,1,1,1,1,1,1,1,1,1,1,1,3,1]},\"5\":{\"A\":[1,1,0,0,1,0,0,1,0,0,1,1,1,1,1,0,1,1,1,1,1,1,1,1,0,1,1,1,1,1,1,1,1,1,1,1,1,1,1,0,1,1,1,1,1,1,1,1,1,1,0,1],\"D\":[0,0,0,0,0,0,0,0,0,0,0,0,0,0,0,0,0,0,0,0,0,0,0,0,0,0,0,0,0,0,0,0,0,0,0,0,0,0,0,0,0,0,0,0,0,0,0,0,0,0,0,0],\"S\":[1,1,1,1,1,1,1,1,0,0,1,1,1,1,1,1,1,1,1,1,1,1,1,1,1,1,1,1,1,1,1,1,1,1,1,1,1,1,1,1,1,1,1,1,1,1,1,1,1,1,3,1]},\"6\":{\"A\":[1,0,0,0,0,0,0,1,0,1,1,1,1,1,1,0,0,0,1,0,1,1,1,0,0,1,1,0,1,0,1,0,0,0,1,1,1,1,1,0,1,1,1,1,0,1,1,0,0,1,0,0],\"D\":[0,0,0,0,0,0,0,0,0,0,0,0,0,0,0,1,0,1,0,1,0,0,0,1,1,0,0,0,0,0,0,