{
  "user": {},
  "ptpt": null,
  "nextComment": {
    "txt": "医療・介護・障がい福祉等に関する社会保障サービスの自己負担の合計額について、所得に応じて上限を設ける総合合算制度を創設する",
    "tid": 6,
    "created": "1728978950676",
    "tweet_id": null,
    "quote_src_url": null,
    "is_seed": true,
    "is_meta": false,
    "lang": null,
    "pid": 0,
    "randomN": 2.366396304891667,
    "remaining": 11,
    "total": 11,
    "translations": []
  },
  "conversation": {
    "topic": "社会保障（年金・医療）",
    "description": "",
    "link_url": null,
    "parent_url": null,
    "upvotes": 1,
    "participant_count": 56,
    "is_anon": false,
    "is_active": true,
    "is_draft": true,
    "is_public": true,
    "is_data_open": false,
    "profanity_filter": true,
    "spam_filter": true,
    "strict_moderation": false,
    "prioritize_seed": false,
    "vis_type": 1,
    "write_type": 1,
    "help_type": 1,
    "write_hint_type": 1,
    "style_btn": null,
    "socialbtn_type": 0,
    "subscribe_type": 1,
    "branding_type": 1,
    "bgcolor": null,
    "help_bgcolor": null,
    "help_color": null,
    "email_domain": null,
    "use_xid_whitelist": false,
    "owner": 72,
    "org_id": 72,
    "context": null,
    "course_id": null,
    "owner_sees_participation_stats": false,
    "auth_needed_to_vote": false,
    "auth_needed_to_write": true,
    "auth_opt_fb": true,
    "auth_opt_tw": true,
    "auth_opt_allow_3rdparty": true,
    "modified": "1729274011188",
    "created": "1728978940972",
    "site_id": "polis_site_id_wlE61IMj5fRdvFgrn7",
    "auth_opt_fb_computed": true,
    "auth_opt_tw_computed": true,
    "translations": [],
    "ownername": "admin",
    "is_mod": false,
    "is_owner": false,
    "conversation_id": "42pditmrma"
  },
  "votes": [],
  "pca": "{\"n\":56,\"pca\":{\"comps\":[[-0.4553674953471878,-0.39249654313333915,-0.3094871205289801,0.11809544800797493,0.31690365438527945,0.047913619839588785,-0.15118864014785838,-0.20232132206540432,0.4544414458213975,0.023778253794870908,-0.394030580997693],[-0.23053844213024086,-0.3661492461366368,-0.15197017848997874,-0.4791032574643225,-0.285114024200869,-0.2003628737143162,-0.4119533248462262,-0.004792136678192536,-0.30562708356592,-0.39585423293054606,0.13740308390868491]],\"center\":[-0.18867924528301888,0.055555555555555546,0,-0.2549019607843137,-0.42000000000000004,-0.7692307692307692,-0.4313725490196078,-0.3877551020408163,-0.5714285714285714,-0.375,0.5833333333333333],\"comment-extremity\":[1.3734064048882393,1.879157762050407,1.1435249635051916,1.2194027676358283,0.8200177065896743,0.15767652110079533,0.8275823172163712,0.4109461919339658,0.7784412636544373,0.8220415159043936,2.1913795335285204],\"comment-projection\":[[1.225324043830053,1.3740839742562097,1.026452656242125,-0.2918387262484769,-0.6096092994472937,-0.0366718844666872,0.2851302699235442,0.4108309667630198,-0.6459478992755131,-0.04928971625464451,2.0691816890672254],[0.6203435665822647,1.2818452037459724,0.5040280613745984,1.183965061806971,0.548457419630703,0.1533527247756345,0.7769126211759887,0.009730848554488617,0.4344215836966079,0.8205624764403562,-0.7215479177411436]]},\"tids\":[0,1,2,3,4,5,6,7,8,9,10],\"mod-in\":[0,7,1,4,6,3,2,9,5,10,8],\"n-cmts\":11,\"in-conv\":[0,7,20,27,1,24,55,39,46,4,54,48,50,21,31,40,33,13,22,36,41,43,44,6,28,51,25,34,17,3,12,2,23,47,35,19,11,9,5,14,45,53,26,16,38,30,10,18,52,42,37,8],\"mod-out\":[],\"repness\":{\"0\":[{\"tid\":8,\"p-test\":5.656854249492381,\"n-agree\":31,\"repness\":3.878787878787879,\"n-trials\":31,\"n-success\":31,\"p-success\":0.9696969696969697,\"best-agree\":true,\"repful-for\":\"agree\",\"repness-test\":5.7009397},{\"tid\":4,\"p-test\":3.053290134455173,\"repness\":3.15,\"n-trials\":30,\"n-success\":23,\"p-success\":0.75,\"repful-for\":\"agree\",\"repness-test\":3.690305},{\"tid\":5,\"p-test\":4.490132550669372,\"repness\":1.375,\"n-trials\":30,\"n-success\":27,\"p-success\":0.875,\"repful-for\":\"agree\",\"repness-test\":2.1237688},{\"tid\":9,\"p-test\":1.9756583222945245,\"repness\":2.1875,\"n-trials\":30,\"n-success\":20,\"p-success\":0.65625,\"repful-for\":\"agree\",\"repness-test\":2.4903543},{\"tid\":10,\"p-test\":5.477225575051661,\"repness\":3.387096774193548,\"n-trials\":29,\"n-success\":29,\"p-success\":0.967741935483871,\"repful-for\":\"disagree\",\"repness-test\":5.400617}],\"1\":[{\"tid\":0,\"p-test\":1.5275252316519472,\"n-agree\":13,\"repness\":2.262626262626263,\"n-trials\":20,\"n-success\":13,\"p-success\":0.6363636363636364,\"best-agree\":true,\"repful-for\":\"agree\",\"repness-test\":2.6811082}]},\"consensus\":{\"agree\":[{\"tid\":5,\"p-test\":4.258177482409359,\"n-trials\":52,\"n-success\":41,\"p-success\":0.7777777777777778},{\"tid\":8,\"p-test\":3.1112698372208087,\"n-trials\":49,\"n-success\":35,\"p-success\":0.7058823529411765}],\"disagree\":[{\"tid\":10,\"p-test\":3,\"n-trials\":48,\"n-success\":34,\"p-success\":0.7}]},\"meta-tids\":[],\"votes-base\":{\"0\":{\"A\":[0,1,0,1,0,1,0,1,0,0,1,0,1,1,0,0,0,0,1,0,0,0,1,1,0,0,0,0,1,0,0,1,1,1,0,0,1,0,1,0,1,0,0,1,0,1,0,1,0,1],\"D\":[0,0,0,0,0,0,0,0,0,0,0,0,0,0,1,1,0,0,0,1,1,0,0,0,1,0,0,1,0,0,1,0,0,0,1,1,0,0,0,0,0,1,0,0,1,0,0,0,0,0],\"S\":[1,1,1,1,1,1,1,1,0,1,1,0,1,1,1,1,1,1,1,1,1,1,1,1,1,1,1,1,1,1,1,1,1,1,1,1,1,1,1,1,1,1,1,1,1,1,3,1,1,1]},\"1\":{\"A\":[1,1,0,0,0,0,0,0,0,0,1,0,1,1,0,0,0,0,1,0,0,0,1,0,0,0,0,0,0,0,1,0,0,0,0,0,0,0,0,1,1,0,0,1,0,1,0,0,1,0],\"D\":[0,0,0,0,0,0,0,1,0,0,0,0,0,0,1,1,1,1,0,1,0,0,0,1,1,0,0,1,0,0,0,0,0,1,1,1,1,0,0,0,0,0,1,0,1,0,0,0,0,0],\"S\":[1,1,1,1,1,1,1,1,1,1,1,0,1,1,1,1,1,1,1,1,1,1,1,1,1,1,1,1,1,1,1,1,1,1,1,1,1,1,1,1,1,1,1,1,1,1,3,1,1,1]},\"2\":{\"A\":[0,0,0,1,0,1,0,1,0,0,0,1,1,0,0,0,0,0,1,0,0,1,1,0,1,0,1,0,0,0,0,0,0,0,1,0,0,0,1,0,0,1,0,1,0,0,0,0,0,0],\"D\":[0,0,0,0,0,0,0,0,0,0,0,0,0,0,0,1,0,1,0,1,1,0,0,1,0,0,0,1,0,0,1,1,0,0,0,1,1,0,0,0,1,0,0,0,1,1,0,0,0,0],\"S\":[1,1,1,1,1,1,1,1,0,0,0,1,1,1,1,1,1,1,1,1,1,1,1,1,1,1,1,1,1,1,1,1,1,1,1,1,1,1,1,1,1,1,1,1,1,1,3,1,1,1]},\"3\":{\"A\":[0,1,0,0,0,0,0,0,0,0,1,0,1,1,1,0,0,1,0,1,1,0,0,1,0,1,0,0,1,0,0,1,0,0,1,1,0,1,1,1,1,0,1,0,1,1,0,0,1,1],\"D\":[0,0,0,0,0,0,0,1,0,0,0,0,0,0,0,1,1,0,1,0,0,1,0,0,1,0,1,1,0,0,1,0,1,0,0,0,1,0,0,0,0,1,0,0,0,0,0,0,0,0],\"S\":[1,1,1,1,1,1,1,1,0,0,1,0,1,1,1,1,1,1,1,1,1,1,1,1,1,1,1,1,1,1,1,1,1,1,1,1,1,1,1,1,1,1,1,1,1,1,3,1,1,1]},\"4\":{\"A\":[0,0,1,0,0,0,0,1,0,0,0,1,1,1,1,1,1,0,0,1,1,0,1,0,0,1,1,0,0,1,1,1,1,1,1,1,0,1,1,1,0,1,1,0,1,0,0,0,0,1],\"D\":[0,1,0,0,0,0,0,0,0,0,0,0,0,0,0,0,0,0,1,0,0,0,0,1,0,0,0,0,0,0,0,0,0,0,0,0,1,0,0,0,1,0,0,0,0,1,0,1,0,0],\"S\":[1,1,1,1,1,1,1,1,0,0,0,1,1,1,1,1,1,1,1,1,1,1,1,1,1,1,1,1,1,1,1,1,1,1,1,1,1,1,1,1,1,1,1,1,1,1,3,1,1,1]},\"5\":{\"A\":[1,1,0,0,1,0,0,1,0,0,1,1,1,1,1,0,1,1,1,1,1,1,1,1,0,1,1,1,1,1,1,1,1,1,1,1,1,1,1,0,1,1,1,1,1,1,0,1,1,1],\"D\":[0,0,0,0,0,0,0,0,0,0,0,0,0,0,0,0,0,0,0,0,0,0,0,0,0,0,0,0,0,0,0,0,0,0,0,0,0,0,0,0,0,0,0,0,0,0,0,0,0,0],\"S\":[1,1,1,1,1,1,1,1,0,0,1,1,1,1,1,1,1,1,1,1,1,1,1,1,1,1,1,1,1,1,1,1,1,1,1,1,1,1,1,1,1,1,1,1,1,1,3,1,1,1]},\"6\":{\"A\":[1,0,0,0,0,0,0,1,0,1,1,1,1,1,1,0,0,0,1,0,1,1,1,0,0,1,1,0,1,0,1,0,0,0,1,1,1,1,1,0,1,1,1,1,0,1,0,0,1,0],\"D\":[0,0,0,0,0,0,0,0,0,0,0,0,0,0,0,1,0,1,0,1,0,0,0,1,1,0,0,0,0,0,0,0,0,0,0,0,0,0,0,0,0,0,0,0,0,0,0,0,0,0],\"S\":[1,1,1,1,1,1,1,1,0,1,1,1,1,1,1,1,1,1,1,1,1,1,1,1,1,1,1,1,1,1,1,1,1,1,1,1,1,1,1,1,1,1,1,1,1,1,3,1,1,1]},\"7\":{\"A\":[1,0,0,0,0,0,0,1,0,0,1,0,0,1,1,1,1,0,1,0,0,1,1,1,1,1,1,0,1,0,1,1,0,1,0,0,1,1,0,1,1,0,0,1,1,0,0,0,1,1],\"D\":[0,0,0,0,0,0,0,0,0,0,0,0,0,0,0,0,0,0,0,0,1,0,0,0,0,0,0,1,0,0,0,0,1,0,1,1,0,0,0,0,0,1,1,0,0,1,0,0,0,0],\"S\":[1,1,1,1,1,1,1,1,0,0,1,0,0,1,1,1,1,1,1,1,1,1,1,1,1,1,1,1,1,1,1,1,1,1,1,1,1,1,1,1,1,1,1,1,1,1,3,1,1,1]},\"8\":{\"A\":[0,0,1,0,1,0,0,1,0,1,0,1,0,1,1,1,1,1,0,1,1,0,1,1,1,1,1,1,0,1,1,1,1,1,1,1,0,1,1,1,1,1,1,0,1,1,0,0,1,1],\"D\":[0,0,0,1,0,1,1,0,0,0,0,0,0,0,0,0,0,0,1,0,0,1,0,0,0,0,0,0,1,0,0,0,0,0,0,0,1,0,0,0,0,0,0,0,0,0,0,0,0,0],\"S\":[1,1,1,1,1,1,1,1,0,1,0,1,0,1,1,1,1,1,1,1,1,1,1,1,1,1,1,1,1,1,1,1,1,1,1,1,1,1,1,1,1,1,1,1,1,1,3,1,1,1]},\"9\":{\"A\":[0,0,0,0,1,1,0,1,0,1,0,0,0,1,1,0,0,1,1,1,0,0,1,1,0,1,1,0,1,1,1,0,1,1,1,1,0,0,1,1,0,1,1,0,0,1,0,0,0,0],