{
  "user": {},
  "ptpt": null,
  "nextComment": {
    "txt": "社会保険制度は現役世代に過度な偏った負担を強いるため、年金制度は積立方式あるいは税方式へと抜本的に改革する",
    "tid": 4,
    "created": "1728978946881",
    "tweet_id": null,
    "quote_src_url": null,
    "is_seed": true,
    "is_meta": false,
    "lang": null,
    "pid": 0,
    "randomN": 1.6058154684492956,
    "remaining": 11,
    "total": 11,
    "translations": []
  },
  "conversation": {
    "topic": "社会保障（年金・医療）",
    "description": "",
    "link_url": null,
    "parent_url": null,
    "upvotes": 1,
    "participant_count": 49,
    "is_anon": false,
    "is_active": true,
    "is_draft": true,
    "is_public": true,
    "is_data_open": false,
    "profanity_filter": true,
    "spam_filter": true,
    "strict_moderation": false,
    "prioritize_seed": false,
    "vis_type": 1,
    "write_type": 1,
    "help_type": 1,
    "write_hint_type": 1,
    "style_btn": null,
    "socialbtn_type": 0,
    "subscribe_type": 1,
    "branding_type": 1,
    "bgcolor": null,
    "help_bgcolor": null,
    "help_color": null,
    "email_domain": null,
    "use_xid_whitelist": false,
    "owner": 72,
    "org_id": 72,
    "context": null,
    "course_id": null,
    "owner_sees_participation_stats": false,
    "auth_needed_to_vote": false,
    "auth_needed_to_write": true,
    "auth_opt_fb": true,
    "auth_opt_tw": true,
    "auth_opt_allow_3rdparty": true,
    "modified": "1729266993273",
    "created": "1728978940972",
    "site_id": "polis_site_id_wlE61IMj5fRdvFgrn7",
    "auth_opt_fb_computed": true,
    "auth_opt_tw_computed": true,
    "translations": [],
    "ownername": "admin",
    "is_mod": false,
    "is_owner": false,
    "conversation_id": "42pditmrma"
  },
  "votes": [],
  "pca": "{\"n\":49,\"pca\":{\"comps\":[[-0.4364118023039433,-0.3287611265355606,-0.2781110656884647,0.11096030555266438,0.3445489889827446,0.06585377517362091,-0.13065667746469395,-0.18943874216498888,0.5131760242127662,0.05881999706092461,-0.4110773071191048],[-0.21876515670752253,-0.36454046976173843,-0.26517562364481284,-0.38219247724049304,-0.35746649949575454,-0.18063216379377964,-0.4321047332078483,-0.11480513231750956,-0.2523785041142703,-0.41378058870765294,0.08745610571102368]],\"center\":[-0.17021276595744678,0.06382978723404255,-0.022222222222222213,-0.17777777777777776,-0.4318181818181818,-0.7391304347826086,-0.4,-0.3953488372093023,-0.5348837209302325,-0.42857142857142855,0.5952380952380951],\"comment-extremity\":[1.3434990792832293,1.7320213898217824,1.2461595142478765,1.0852760471455571,0.935597129585011,0.16634637449860135,0.8983269140985847,0.4442189878495488,0.8821883838390435,0.792086543220613,2.223606467407967],\"comment-projection\":[[1.2010458274611189,1.1599758535883073,0.9018924981581985,-0.30258904233846523,-0.6492839308818523,-0.05697711215982316,0.26000350530292415,0.3799006498016702,-0.7916336389395737,-0.11147649166908247,2.174930370605527],[0.60206203698051,1.2862169777655157,0.8599438683521543,1.042239881200377,0.6736262806529463,0.15628411627147482,0.8598775621122335,0.23023033129096243,0.3893231643247448,0.7842028333003733,-0.4627133074769352]]},\"tids\":[0,1,2,3,4,5,6,7,8,9,10],\"mod-in\":[0,7,1,4,6,3,2,9,5,10,8],\"n-cmts\":11,\"in-conv\":[0,7,20,27,1,24,39,46,4,48,21,31,40,33,13,22,36,41,43,44,6,28,25,34,17,3,12,2,23,47,35,19,11,9,5,14,45,26,16,38,30,10,18,42,37,8],\"mod-out\":[],\"repness\":{\"0\":[{\"tid\":8,\"p-test\":5.291502622129181,\"n-agree\":27,\"repness\":4.344827586206897,\"n-trials\":27,\"n-success\":27,\"p-success\":0.9655172413793103,\"best-agree\":true,\"repful-for\":\"agree\",\"repness-test\":5.4872847},{\"tid\":4,\"p-test\":3.271651525407879,\"repness\":3.732142857142857,\"n-trials\":26,\"n-success\":21,\"p-success\":0.7857142857142857,\"repful-for\":\"agree\",\"repness-test\":3.9429126},{\"tid\":5,\"p-test\":4.0414518843273814,\"repness\":1.428571428571429,\"n-trials\":26,\"n-success\":23,\"p-success\":0.8571428571428571,\"repful-for\":\"agree\",\"repness-test\":2.0832572},{\"tid\":9,\"p-test\":2.116950987028628,\"repness\":2.035714285714286,\"n-trials\":26,\"n-success\":18,\"p-success\":0.6785714285714286,\"repful-for\":\"agree\",\"repness-test\":2.2871733},{\"tid\":10,\"p-test\":5.0990195135927845,\"repness\":3.049382716049383,\"n-trials\":25,\"n-success\":25,\"p-success\":0.962962962962963,\"repful-for\":\"disagree\",\"repness-test\":4.8819394}],\"1\":[{\"tid\":0,\"p-test\":1.1470786693528097,\"n-agree\":11,\"repness\":2.1,\"n-trials\":18,\"n-success\":11,\"p-success\":0.6,\"best-agree\":true,\"repful-for\":\"agree\",\"repness-test\":2.25864}]},\"consensus\":{\"agree\":[{\"tid\":5,\"p-test\":3.646624787447364,\"n-trials\":46,\"n-success\":35,\"p-success\":0.75},{\"tid\":8,\"p-test\":2.7136021011998714,\"n-trials\":43,\"n-success\":30,\"p-success\":0.6888888888888889}],\"disagree\":[{\"tid\":10,\"p-test\":2.897472836319488,\"n-trials\":42,\"n-success\":30,\"p-success\":0.7045454545454545}]},\"meta-tids\":[],\"votes-base\":{\"0\":{\"A\":[0,1,0,1,0,1,0,1,0,1,0,0,1,0,1,1,0,0,0,0,1,0,0,0,1,1,0,0,0,0,1,0,0,1,1,1,0,0,1,0,1,0,1,0],\"D\":[0,0,0,0,0,0,0,0,0,0,0,0,0,0,0,0,1,1,0,0,0,1,1,0,0,0,1,0,0,1,0,0,1,0,0,0,1,1,0,0,0,0,0,1],\"S\":[3,1,1,1,1,1,1,1,1,1,0,1,1,0,1,1,1,1,1,1,1,1,1,1,1,1,1,1,1,1,1,1,1,1,1,1,1,1,1,1,1,1,1,1]},\"1\":{\"A\":[0,0,1,1,0,0,0,0,0,0,0,0,1,0,1,1,0,0,0,0,1,0,0,0,1,0,0,0,0,0,0,0,1,0,0,0,0,0,0,0,0,1,1,0],\"D\":[0,0,0,0,0,0,0,0,0,1,0,0,0,0,0,0,1,1,1,1,0,1,0,0,0,1,1,0,0,1,0,0,0,0,0,1,1,1,1,0,0,0,0,0],\"S\":[3,1,1,1,1,1,1,1,1,1,1,1,1,0,1,1,1,1,1,1,1,1,1,1,1,1,1,1,1,1,1,1,1,1,1,1,1,1,1,1,1,1,1,1]},\"2\":{\"A\":[0,0,0,0,0,1,0,1,0,1,0,0,0,1,1,0,0,0,0,0,1,0,0,1,1,0,1,0,1,0,0,0,0,0,0,0,1,0,0,0,1,0,0,1],\"D\":[0,0,0,0,0,0,0,0,0,0,0,0,0,0,0,0,0,1,0,1,0,1,1,0,0,1,0,0,0,1,0,0,1,1,0,0,0,1,1,0,0,0,1,0],\"S\":[3,1,1,1,1,1,1,1,1,1,0,0,0,1,1,1,1,1,1,1,1,1,1,1,1,1,1,1,1,1,1,1,1,1,1,1,1,1,1,1,1,1,1,1]},\"3\":{\"A\":[0,0,0,1,0,0,0,0,0,0,0,0,1,0,1,1,1,0,0,1,0,1,1,0,0,1,0,1,0,0,1,0,0,1,0,0,1,1,0,1,1,1,1,0],\"D\":[0,0,0,0,0,0,0,0,0,1,0,0,0,0,0,0,0,1,1,0,1,0,0,1,0,0,1,0,1,1,0,0,1,0,1,0,0,0,1,0,0,0,0,1],\"S\":[3,1,1,1,1,1,1,1,1,1,0,0,1,0,1,1,1,1,1,1,1,1,1,1,1,1,1,1,1,1,1,1,1,1,1,1,1,1,1,1,1,1,1,1]},\"4\":{\"A\":[0,0,0,0,1,0,0,0,0,1,0,0,0,1,1,1,1,1,1,0,0,1,1,0,1,0,0,1,1,0,0,1,1,1,1,1,1,1,0,1,1,1,0,1],\"D\":[0,1,0,1,0,0,0,0,0,0,0,0,0,0,0,0,0,0,0,0,1,0,0,0,0,1,0,0,0,0,0,0,0,0,0,0,0,0,1,0,0,0,1,0],\"S\":[3,1,1,1,1,1,1,1,1,1,0,0,0,1,1,1,1,1,1,1,1,1,1,1,1,1,1,1,1,1,1,1,1,1,1,1,1,1,1,1,1,1,1,1]},\"5\":{\"A\":[0,1,1,1,0,0,1,0,0,1,0,0,1,1,1,1,1,0,1,1,1,1,1,1,1,1,0,1,1,1,1,1,1,1,1,1,1,1,1,1,1,0,1,1],\"D\":[0,0,0,0,0,0,0,0,0,0,0,0,0,0,0,0,0,0,0,0,0,0,0,0,0,0,0,0,0,0,0,0,0,0,0,0,0,0,0,0,0,0,0,0],\"S\":[3,1,1,1,1,1,1,1,1,1,0,0,1,1,1,1,1,1,1,1,1,1,1,1,1,1,1,1,1,1,1,1,1,1,1,1,1,1,1,1,1,1,1,1]},\"6\":{\"A\":[0,0,1,0,0,0,0,0,0,1,0,1,1,1,1,1,1,0,0,0,1,0,1,1,1,0,0,1,1,0,1,0,1,0,0,0,1,1,1,1,1,0,1,1],\"D\":[0,0,0,0,0,0,0,0,0,0,0,0,0,0,0,0,0,1,0,1,0,1,0,0,0,1,1,0,0,0,0,0,0,0,0,0,0,0,0,0,0,0,0,0],\"S\":[3,1,1,1,1,1,1,1,1,1,0,1,1,1,1,1,1,1,1,1,1,1,1,1,1,1,1,1,1,1,1,1,1,1,1,1,1,1,1,1,1,1,1,1]},\"7\":{\"A\":[0,0,1,0,0,0,0,0,0,1,0,0,1,0,0,1,1,1,1,0,1,0,0,1,1,1,1,1,1,0,1,0,1,1,0,1,0,0,1,1,0,1,1,0],\"D\":[0,0,0,0,0,0,0,0,0,0,0,0,0,0,0,0,0,0,0,0,0,0,1,0,0,0,0,0,0,1,0,0,0,0,1,0,1,1,0,0,0,0,0,1],\"S\":[3,1,1,1,1,1,1,1,1,1,0,0,1,0,0,1,1,1,1,1,1,1,1,1,1,1,1,1,1,1,1,1,1,1,1,1,1,1,1,1,1,1,1,1]},\"8\":{\"A\":[0,0,0,0,1,0,1,0,0,1,0,1,0,1,0,1,1,1,1,1,0,1,1,0,1,1,1,1,1,1,0,1,1,1,1,1,1,1,0,1,1,1,1,1],\"D\":[0,0,0,0,0,1,0,1,1,0,0,0,0,0,0,0,0,0,0,0,1,0,0,1,0,0,0,0,0,0,1,0,0,0,0,0,0,0,1,0,0,0,0,0],\"S\":[3,1,1,1,1,1,1,1,1,1,0,1,0,1,0,1,1,1,1,1,1,1,1,1,1,1,1,1,1,1,1,1,1,1,1,1,1,1,1,1,1,1,1,1]},\"9\":{\"A\":[0,0,0,0,0,0,1,1,0,1,0,1,0,0,0,1,1,0,0,1,1,1,0,0,1,1,0,1,1,0,1,1,1,0,1,1,1,1,0,0,1,1,0,1],\"D\":[0,0,0,0,0,0,0,0,0,0,0,0,0,0,0,0,0,1,0,0,0,0,1,0,0,0,1,0,0,0,0,0,0,0,0,0,0,0,1,0,0,0,1,0],\"S\":[3,1,1,1,1,1,1,1,1,1,0,1,0,0,0,1,1,1,1,1,1,1,1,1,1,1,1,1,1,1,1,1,1,1,1,1,1,1,1,1,1,1,1,1]},\"10\":{\"A\":[0,0,0,0,0,1,0,0,1,0,0,0,0,0,0,0,0,0,0,0,1,0,0,1,0,0,0,0,0,0,0,0,0,0,0,0,0,