{
  "user": {},
  "ptpt": null,
  "nextComment": {
    "txt": "社会保険制度は現役世代に過度な偏った負担を強いるため、年金制度は積立方式あるいは税方式へと抜本的に改革する",
    "tid": 4,
    "created": "1728978946881",
    "tweet_id": null,
    "quote_src_url": null,
    "is_seed": true,
    "is_meta": false,
    "lang": null,
    "pid": 0,
    "randomN": 1.314735385457435,
    "remaining": 11,
    "total": 11,
    "translations": []
  },
  "conversation": {
    "topic": "社会保障（年金・医療）",
    "description": "",
    "link_url": null,
    "parent_url": null,
    "upvotes": 1,
    "participant_count": 58,
    "is_anon": false,
    "is_active": true,
    "is_draft": true,
    "is_public": true,
    "is_data_open": false,
    "profanity_filter": true,
    "spam_filter": true,
    "strict_moderation": false,
    "prioritize_seed": false,
    "vis_type": 1,
    "write_type": 1,
    "help_type": 1,
    "write_hint_type": 1,
    "style_btn": null,
    "socialbtn_type": 0,
    "subscribe_type": 1,
    "branding_type": 1,
    "bgcolor": null,
    "help_bgcolor": null,
    "help_color": null,
    "email_domain": null,
    "use_xid_whitelist": false,
    "owner": 72,
    "org_id": 72,
    "context": null,
    "course_id": null,
    "owner_sees_participation_stats": false,
    "auth_needed_to_vote": false,
    "auth_needed_to_write": true,
    "auth_opt_fb": true,
    "auth_opt_tw": true,
    "auth_opt_allow_3rdparty": true,
    "modified": "1729278120885",
    "created": "1728978940972",
    "site_id": "polis_site_id_wlE61IMj5fRdvFgrn7",
    "auth_opt_fb_computed": true,
    "auth_opt_tw_computed": true,
    "translations": [],
    "ownername": "admin",
    "is_mod": false,
    "is_owner": false,
    "conversation_id": "42pditmrma"
  },
  "votes": [],
  "pca": "{\"n\":58,\"pca\":{\"comps\":[[-0.44142974069361707,-0.4111921404720804,-0.3100672527509362,0.13665577263976122,0.3071209157268119,0.04715001559659813,-0.16476191402787807,-0.23798553761931157,0.4393389312408206,0.008171156513945328,-0.3844851839025172],[-0.16115351590824362,-0.36099910354610226,-0.246743445027445,-0.3588719223098001,-0.35771159493778093,-0.1897253256148646,-0.42683288831410954,-0.024601906581830583,-0.32546906660945707,-0.422644214839789,0.1507803333302535]],\"center\":[-0.1818181818181818,0.05357142857142858,-0.018867924528301896,-0.26415094339622636,-0.4423076923076923,-0.7777777777777778,-0.4339622641509433,-0.3725490196078431,-0.5882352941176472,-0.38,0.6000000000000001],\"comment-extremity\":[1.2751928340569527,1.9119905377498694,1.289457031419532,0.9371904925759453,0.8720512591168428,0.14408623183763808,0.8589351426760442,0.49789177021428094,0.746696087236943,0.8692488226833575,2.191590747872908],\"comment-projection\":[[1.1978646718783144,1.4368291563330555,1.0089734024879193,-0.3335132265661496,-0.5680680853721093,-0.03475086902073802,0.3093132727761881,0.4952525388638534,-0.5999915726500507,-0.01680240936121555,2.0403089479287098],[0.437306519384357,1.2614395712662079,0.8029147582086299,0.8758395669756985,0.6616434454515037,0.1398328262872245,0.8013082294650417,0.05119704675093772,0.44448302492207675,0.8690864138715213,-0.800130866273871]]},\"tids\":[0,1,2,3,4,5,6,7,8,9,10],\"mod-in\":[0,7,1,4,6,3,2,9,5,10,8],\"n-cmts\":11,\"in-conv\":[0,7,20,27,1,24,55,39,46,4,54,48,50,21,31,40,56,33,13,22,36,41,43,44,6,28,51,25,34,17,3,12,2,23,47,35,19,57,11,9,5,14,45,53,26,16,38,30,10,18,52,42,37,8],\"mod-out\":[],\"repness\":{\"0\":[{\"tid\":8,\"p-test\":4.795831523312719,\"n-agree\":22,\"repness\":1.856770833333333,\"n-trials\":22,\"n-success\":22,\"p-success\":0.9583333333333333,\"best-agree\":true,\"repful-for\":\"agree\",\"repness-test\":3.8192048},{\"tid\":4,\"p-test\":2.710687382741972,\"repness\":1.788461538461538,\"n-trials\":22,\"n-success\":17,\"p-success\":0.75,\"repful-for\":\"agree\",\"repness-test\":2.5576332},{\"tid\":10,\"p-test\":4.795831523312719,\"repness\":1.916666666666667,\"n-trials\":22,\"n-success\":22,\"p-success\":0.9583333333333333,\"repful-for\":\"disagree\",\"repness-test\":3.8979728},{\"tid\":1,\"p-test\":1.4596008983995232,\"repness\":6.875,\"n-trials\":22,\"n-success\":14,\"p-success\":0.625,\"repful-for\":\"disagree\",\"repness-test\":4.353586}],\"1\":[{\"tid\":0,\"p-test\":1,\"n-agree\":9,\"repness\":1.764705882352941,\"n-trials\":15,\"n-success\":9,\"p-success\":0.5882352941176471,\"best-agree\":true,\"repful-for\":\"agree\",\"repness-test\":1.9196796}],\"2\":[{\"tid\":6,\"p-test\":3.1529631254723283,\"n-agree\":14,\"repness\":2.166666666666667,\"n-trials\":16,\"n-success\":14,\"p-success\":0.8333333333333333,\"best-agree\":true,\"repful-for\":\"agree\",\"repness-test\":3.3561783},{\"tid\":8,\"p-test\":3.872983346207417,\"repness\":1.5234375,\"n-trials\":14,\"n-success\":14,\"p-success\":0.9375,\"repful-for\":\"agree\",\"repness-test\":2.7404602},{\"tid\":4,\"p-test\":2.8401877872187726,\"repness\":1.760416666666667,\"n-trials\":14,\"n-success\":12,\"p-success\":0.8125,\"repful-for\":\"agree\",\"repness-test\":2.6155097},{\"tid\":7,\"p-test\":2.6726124191242433,\"repness\":1.835294117647059,\"n-trials\":13,\"n-success\":11,\"p-success\":0.8,\"repful-for\":\"agree\",\"repness-test\":2.6390002},{\"tid\":9,\"p-test\":2.1380899352993947,\"repness\":1.682352941176471,\"n-trials\":13,\"n-success\":10,\"p-success\":0.7333333333333333,\"repful-for\":\"agree\",\"repness-test\":2.1708696}]},\"consensus\":{\"agree\":[{\"tid\":5,\"p-test\":4.449719092257398,\"n-trials\":54,\"n-success\":43,\"p-success\":0.7857142857142857},{\"tid\":8,\"p-test\":3.3282011773513758,\"n-trials\":51,\"n-success\":37,\"p-success\":0.7169811320754716}],\"disagree\":[{\"tid\":10,\"p-test\":3.2206441932644223,\"n-trials\":50,\"n-success\":36,\"p-success\":0.7115384615384615}]},\"meta-tids\":[],\"votes-base\":{\"0\":{\"A\":[0,1,0,1,0,1,0,1,0,0,1,0,1,1,0,0,0,0,1,0,0,0,1,1,0,0,0,0,1,0,0,1,1,1,0,0,1,0,1,0,1,0,0,1,0,1,0,1,0,0,0,1],\"D\":[0,0,0,0,0,0,0,0,0,0,0,0,0,0,1,1,0,0,0,1,1,0,0,0,1,0,0,1,0,0,1,0,0,0,1,1,0,0,0,0,0,1,0,0,1,0,0,0,0,0,0,0],\"S\":[1,1,1,1,1,1,1,1,0,1,1,0,1,1,1,1,1,1,1,1,1,1,1,1,1,1,1,1,1,1,1,1,1,1,1,1,1,1,1,1,1,1,1,1,1,1,1,1,1,3,1,1]},\"1\":{\"A\":[1,1,0,0,0,0,0,0,0,0,1,0,1,1,0,0,0,0,1,0,0,0,1,0,0,0,0,0,0,0,1,0,0,0,0,0,0,0,0,1,1,0,0,1,0,1,1,0,0,0,1,0],\"D\":[0,0,0,0,0,0,0,1,0,0,0,0,0,0,1,1,1,1,0,1,0,0,0,1,1,0,0,1,0,0,0,0,0,1,1,1,1,0,0,0,0,0,1,0,1,0,0,0,1,0,0,0],\"S\":[1,1,1,1,1,1,1,1,1,1,1,0,1,1,1,1,1,1,1,1,1,1,1,1,1,1,1,1,1,1,1,1,1,1,1,1,1,1,1,1,1,1,1,1,1,1,1,1,1,3,1,1]},\"2\":{\"A\":[0,0,0,1,0,1,0,1,0,0,0,1,1,0,0,0,0,0,1,0,0,1,1,0,1,0,1,0,0,0,0,0,0,0,1,0,0,0,1,0,0,1,0,1,0,0,0,0,0,0,1,0],\"D\":[0,0,0,0,0,0,0,0,0,0,0,0,0,0,0,1,0,1,0,1,1,0,0,1,0,0,0,1,0,0,1,1,0,0,0,1,1,0,0,0,1,0,0,0,1,1,0,0,0,0,0,0],\"S\":[1,1,1,1,1,1,1,1,0,0,0,1,1,1,1,1,1,1,1,1,1,1,1,1,1,1,1,1,1,1,1,1,1,1,1,1,1,1,1,1,1,1,1,1,1,1,1,1,1,3,1,1]},\"3\":{\"A\":[0,1,0,0,0,0,0,0,0,0,1,0,1,1,1,0,0,1,0,1,1,0,0,1,0,1,0,0,1,0,0,1,0,0,1,1,0,1,1,1,1,0,1,0,1,1,1,1,1,0,0,0],\"D\":[0,0,0,0,0,0,0,1,0,0,0,0,0,0,0,1,1,0,1,0,0,1,0,0,1,0,1,1,0,0,1,0,1,0,0,0,1,0,0,0,0,1,0,0,0,0,0,0,0,0,0,0],\"S\":[1,1,1,1,1,1,1,1,0,0,1,0,1,1,1,1,1,1,1,1,1,1,1,1,1,1,1,1,1,1,1,1,1,1,1,1,1,1,1,1,1,1,1,1,1,1,1,1,1,3,1,1]},\"4\":{\"A\":[0,0,1,0,0,0,0,1,0,0,0,1,1,1,1,1,1,0,0,1,1,0,1,0,0,1,1,0,0,1,1,1,1,1,1,1,0,1,1,1,0,1,1,0,1,0,0,1,1,0,1,0],\"D\":[0,1,0,0,0,0,0,0,0,0,0,0,0,0,0,0,0,0,1,0,0,0,0,1,0,0,0,0,0,0,0,0,0,0,0,0,1,0,0,0,1,0,0,0,0,1,0,0,0,0,0,1],\"S\":[1,1,1,1,1,1,1,1,0,0,0,1,1,1,1,1,1,1,1,1,1,1,1,1,1,1,1,1,1,1,1,1,1,1,1,1,1,1,1,1,1,1,1,1,1,1,1,1,1,3,1,1]},\"5\":{\"A\":[1,1,0,0,1,0,0,1,0,0,1,1,1,1,1,0,1,1,1,1,1,1,1,1,0,1,1,1,1,1,1,1,1,1,1,1,1,1,1,0,1,1,1,1,1,1,1,1,1,0,1,1],\"D\":[0,0,0,0,0,0,0,0,0,0,0,0,0,0,0,0,0,0,0,0,0,0,0,0,0,0,0,0,0,0,0,0,0,0,0,0,0,0,0,0,0,0,0,0,0,0,0,0,0,0,0,0],\"S\":[1,1,1,1,1,1,1,1,0,0,1,1,1,1,1,1,1,1,1,1,1,1,1,1,1,1,1,1,1,1,1,1,1,1,1,1,1,1,1,1,1,1,1,1,1,1,1,1,1,3,1,1]},\"6\":{\"A\":[1,0,0,0,0,0,0,1,0,1,1,1,1,1,1,0,0,0,1,0,1,1,1,0,0,1,1,0,1,0,1,0,0,0,1,1,1,1,1,0,1,1,1,1,0,1,1,0,0,0,1,0],\"D\":[0,0,0,0,0,0,0,0,0,0,0,0,0,0,0,1,0,1,0,1,0,0,0,1,1,0,0,0,0,0,0,0,0,0,0,0,0,0,0,0,0,0,0,0,0,0,