{
  "user": {},
  "ptpt": null,
  "nextComment": {
    "txt": "社会保険料負担の上限額を見直し、富裕層に応分の負担を求める",
    "tid": 7,
    "created": "1728978951172",
    "tweet_id": null,
    "quote_src_url": null,
    "is_seed": true,
    "is_meta": false,
    "lang": null,
    "pid": 0,
    "randomN": 2.863972725027295,
    "remaining": 11,
    "total": 11,
    "translations": []
  },
  "conversation": {
    "topic": "社会保障（年金・医療）",
    "description": "",
    "link_url": null,
    "parent_url": null,
    "upvotes": 1,
    "participant_count": 66,
    "is_anon": false,
    "is_active": true,
    "is_draft": true,
    "is_public": true,
    "is_data_open": false,
    "profanity_filter": true,
    "spam_filter": true,
    "strict_moderation": false,
    "prioritize_seed": false,
    "vis_type": 1,
    "write_type": 1,
    "help_type": 1,
    "write_hint_type": 1,
    "style_btn": null,
    "socialbtn_type": 0,
    "subscribe_type": 1,
    "branding_type": 1,
    "bgcolor": null,
    "help_bgcolor": null,
    "help_color": null,
    "email_domain": null,
    "use_xid_whitelist": false,
    "owner": 72,
    "org_id": 72,
    "context": null,
    "course_id": null,
    "owner_sees_participation_stats": false,
    "auth_needed_to_vote": false,
    "auth_needed_to_write": true,
    "auth_opt_fb": true,
    "auth_opt_tw": true,
    "auth_opt_allow_3rdparty": true,
    "modified": "1729291694676",
    "created": "1728978940972",
    "site_id": "polis_site_id_wlE61IMj5fRdvFgrn7",
    "auth_opt_fb_computed": true,
    "auth_opt_tw_computed": true,
    "translations": [],
    "ownername": "admin",
    "is_mod": false,
    "is_owner": false,
    "conversation_id": "42pditmrma"
  },
  "votes": [],
  "pca": "{\"n\":66,\"pca\":{\"comps\":[[-0.4646747382341233,-0.4598182543826456,-0.31223735842719885,0.035656669924882756,0.27577705122091856,0.034583371851659855,-0.21017084642284445,-0.24459543030324582,0.3763769036468054,0.0078040845664115,-0.3884749880508163],[-0.13932156348084215,-0.3153703488244992,-0.17437427120739635,-0.41493405232617686,-0.3749331357498186,-0.20806125397614117,-0.39603377826386477,-0.004976935598787941,-0.39261306164073345,-0.3858324211854921,0.18657666595971273]],\"center\":[-0.180327868852459,0.03225806451612903,-0.033898305084745756,-0.2203389830508475,-0.4655172413793103,-0.7833333333333332,-0.40677966101694907,-0.41379310344827597,-0.6206896551724138,-0.4107142857142857,0.5892857142857143],\"comment-extremity\":[1.3187972393764147,1.9089251522800494,1.1459139452051488,1.0769086881818624,0.8250631219828205,0.1515645583318914,0.8821168329551698,0.4756477985103273,0.684216406948827,0.7542404048436776,2.2716004659435214],\"comment-projection\":[[1.2632391444911473,1.5742396093351514,1.0004699545047413,-0.09220255235697887,-0.48886412319659817,-0.02485168149041376,0.41350888781287154,0.47554936385426383,-0.47349347105773126,-0.015252611985476458,2.0476766794001717],[0.37875192727183166,1.079705927281924,0.5587294872735012,1.0729543382737396,0.6646360088855101,0.14951324111743525,0.7791922142081638,0.009676299164759325,0.49391904640706485,0.7540861662478467,-0.9834576216164628]]},\"tids\":[0,1,2,3,4,5,6,7,8,9,10],\"mod-in\":[0,7,1,4,6,3,2,9,5,10,8],\"n-cmts\":11,\"in-conv\":[0,65,62,7,59,20,27,1,24,55,39,46,4,54,48,50,21,31,40,56,33,13,22,36,41,43,61,44,6,28,64,51,25,34,17,3,12,2,23,47,35,19,57,11,9,5,14,45,53,26,16,38,30,10,18,52,42,37,63,8],\"mod-out\":[],\"repness\":{\"0\":[{\"tid\":6,\"p-test\":3.577708763999664,\"n-agree\":17,\"repness\":2.4,\"n-trials\":19,\"n-success\":17,\"p-success\":0.8571428571428571,\"best-agree\":true,\"repful-for\":\"agree\",\"repness-test\":3.9300323},{\"tid\":8,\"p-test\":4.242640687119285,\"repness\":1.473684210526316,\"n-trials\":17,\"n-success\":17,\"p-success\":0.9473684210526316,\"repful-for\":\"agree\",\"repness-test\":2.838756},{\"tid\":7,\"p-test\":3.1529631254723283,\"repness\":1.842105263157895,\"n-trials\":16,\"n-success\":14,\"p-success\":0.8333333333333333,\"repful-for\":\"agree\",\"repness-test\":2.9487326},{\"tid\":5,\"p-test\":3.900067475799551,\"repness\":1.219354838709677,\"n-trials\":18,\"n-success\":17,\"p-success\":0.9,\"repful-for\":\"agree\",\"repness-test\":1.781143},{\"tid\":3,\"p-test\":1.8856180831641265,\"repness\":2.052631578947368,\"n-trials\":17,\"n-success\":12,\"p-success\":0.6842105263157895,\"repful-for\":\"agree\",\"repness-test\":2.7030077}],\"1\":[{\"tid\":10,\"p-test\":-1.5,\"n-agree\":4,\"repness\":3.161764705882353,\"n-trials\":15,\"n-success\":4,\"p-success\":0.2941176470588235,\"best-agree\":true,\"repful-for\":\"agree\",\"repness-test\":2.042504}],\"2\":[{\"tid\":8,\"p-test\":5.0990195135927845,\"n-agree\":25,\"repness\":1.723196881091618,\"n-trials\":25,\"n-success\":25,\"p-success\":0.962962962962963,\"best-agree\":true,\"repful-for\":\"agree\",\"repness-test\":3.8028874},{\"tid\":4,\"p-test\":3.1378581622109443,\"repness\":1.888888888888889,\"n-trials\":25,\"n-success\":20,\"p-success\":0.7777777777777778,\"repful-for\":\"agree\",\"repness-test\":2.9767244},{\"tid\":9,\"p-test\":1.5689290811054721,\"repness\":1.385185185185185,\"n-trials\":25,\"n-success\":16,\"p-success\":0.6296296296296297,\"repful-for\":\"agree\",\"repness-test\":1.4096503},{\"tid\":10,\"p-test\":5.0990195135927845,\"repness\":1.986111111111111,\"n-trials\":25,\"n-success\":25,\"p-success\":0.962962962962963,\"repful-for\":\"disagree\",\"repness-test\":4.237025},{\"tid\":1,\"p-test\":1.5689290811054721,\"repness\":7.555555555555556,\"n-trials\":25,\"n-success\":16,\"p-success\":0.6296296296296297,\"repful-for\":\"disagree\",\"repness-test\":4.6744213}]},\"consensus\":{\"agree\":[{\"tid\":5,\"p-test\":4.737364557517151,\"n-trials\":60,\"n-success\":48,\"p-success\":0.7903225806451613},{\"tid\":8,\"p-test\":3.775478418443892,\"n-trials\":58,\"n-success\":43,\"p-success\":0.7333333333333333},{\"tid\":4,\"p-test\":1.432078020789062,\"n-trials\":58,\"n-success\":34,\"p-success\":0.5833333333333333},{\"tid\":7,\"p-test\":1.432078020789062,\"n-trials\":58,\"n-success\":34,\"p-success\":0.5833333333333333}],\"disagree\":[{\"tid\":10,\"p-test\":3.31133089266261,\"n-trials\":56,\"n-success\":40,\"p-success\":0.7068965517241379}]},\"meta-tids\":[],\"votes-base\":{\"0\":{\"A\":[0,1,0,1,0,1,0,1,0,0,1,0,1,1,0,0,0,0,1,0,0,0,1,1,0,0,0,0,1,0,0,1,1,1,0,0,1,0,1,0,1,0,0,1,0,1,0,1,0,0,1,0,1,1,0,1,0,0],\"D\":[0,0,0,0,0,0,0,0,0,0,0,0,0,0,1,1,0,0,0,1,1,0,0,0,1,0,0,1,0,0,1,0,0,0,1,1,0,0,0,0,0,1,0,0,1,0,0,0,0,0,0,0,0,0,1,0,0,1],\"S\":[1,1,1,1,1,1,1,1,0,1,1,0,1,1,1,1,1,1,1,1,1,1,1,1,1,1,1,1,1,1,1,1,1,1,1,1,1,1,1,1,1,1,1,1,1,1,1,1,1,1,1,3,1,1,1,1,1,1]},\"1\":{\"A\":[1,1,0,0,0,0,0,0,0,0,1,0,1,1,0,0,0,0,1,0,0,0,1,0,0,0,0,0,0,0,1,0,0,0,0,0,0,0,0,1,1,0,0,1,0,1,1,0,0,1,0,0,0,1,1,1,0,0],\"D\":[0,0,0,0,0,0,0,1,0,0,0,0,0,0,1,1,1,1,0,1,0,0,0,1,1,0,0,1,0,0,0,0,0,1,1,1,1,0,0,0,0,0,1,0,1,0,0,0,1,0,1,0,0,0,0,0,0,1],\"S\":[1,1,1,1,1,1,1,1,1,1,1,0,1,1,1,1,1,1,1,1,1,1,1,1,1,1,1,1,1,1,1,1,1,1,1,1,1,1,1,1,1,1,1,1,1,1,1,1,1,1,1,3,1,1,1,1,1,1]},\"2\":{\"A\":[0,0,0,1,0,1,0,1,0,0,0,1,1,0,0,0,0,0,1,0,0,1,1,0,1,0,1,0,0,0,0,0,0,0,1,0,0,0,1,0,0,1,0,1,0,0,0,0,0,1,1,0,0,1,0,0,0,0],\"D\":[0,0,0,0,0,0,0,0,0,0,0,0,0,0,0,1,0,1,0,1,1,0,0,1,0,0,0,1,0,0,1,1,0,0,0,1,1,0,0,0,1,0,0,0,1,1,0,0,0,0,0,0,0,0,0,0,0,1],\"S\":[1,1,1,1,1,1,1,1,0,0,0,1,1,1,1,1,1,1,1,1,1,1,1,1,1,1,1,1,1,1,1,1,1,1,1,1,1,1,1,1,1,1,1,1,1,1,1,1,1,1,1,3,1,1,1,1,1,1]},\"3\":{\"A\":[0,1,0,0,0,0,0,0,0,0,1,0,1,1,1,0,0,1,0,1,1,0,0,1,0,1,0,0,1,0,0,1,0,0,1,1,0,1,1,1,1,0,1,0,1,1,1,1,1,0,0,0,0,0,0,1,0,0],\"D\":[0,0,0,0,0,0,0,1,0,0,0,0,0,0,0,1,1,0,1,0,0,1,0,0,1,0,1,1,0,0,1,0,1,0,0,0,1,0,0,0,0,1,0,0,0,0,0,0,0,0,0,0,0,0,1,0,0,1],\"S\":[1,1,1,1,1,1,1,1,0,0,1,0,1,1,1,1,1,1,1,1,1,1,1,1,1,1,1,1,1,1,1,1,1,1,1,1,1,1,1,1,1,1,1,1,1,1,1,1,1,1,1,3,1,1,1,1,1,1]},\"4\":{\"A\":[0,0,1,0,0,0,0,1,0,0,0,1,1,1,1,1,1,0,0,1,1,0,1,0,0,1,1,0,0,1,1,1,1,1,1,1,0,1,1,1,0,1,1,0,1,0,0,1,1,1,1,0,0,1,1,0,0,1],\"D\":[0,1,0,0,0,0,0,0,0,0,0,0,0,0,0,0,0,0,1,0,0,0,0,1,0,0,0,0,0,0,0,0,0,0,0,0,1,0,0,0,1,0,0,0,0,1,0,0,0,0,0,0,1,0,0,0,0,0],\"S\":[1,1,1,1,1,1,1,1,0,0,