{
  "user": {},
  "ptpt": null,
  "nextComment": {
    "txt": "医療費の70歳以上の窓口負担を一律1割に引き下げ、軽減・無料化を進める",
    "tid": 10,
    "created": "1728978953294",
    "tweet_id": null,
    "quote_src_url": null,
    "is_seed": true,
    "is_meta": false,
    "lang": null,
    "pid": 0,
    "randomN": 4.303903547613686,
    "remaining": 11,
    "total": 11,
    "translations": []
  },
  "conversation": {
    "topic": "社会保障（年金・医療）",
    "description": "",
    "link_url": null,
    "parent_url": null,
    "upvotes": 1,
    "participant_count": 49,
    "is_anon": false,
    "is_active": true,
    "is_draft": true,
    "is_public": true,
    "is_data_open": false,
    "profanity_filter": true,
    "spam_filter": true,
    "strict_moderation": false,
    "prioritize_seed": false,
    "vis_type": 1,
    "write_type": 1,
    "help_type": 1,
    "write_hint_type": 1,
    "style_btn": null,
    "socialbtn_type": 0,
    "subscribe_type": 1,
    "branding_type": 1,
    "bgcolor": null,
    "help_bgcolor": null,
    "help_color": null,
    "email_domain": null,
    "use_xid_whitelist": false,
    "owner": 72,
    "org_id": 72,
    "context": null,
    "course_id": null,
    "owner_sees_participation_stats": false,
    "auth_needed_to_vote": false,
    "auth_needed_to_write": true,
    "auth_opt_fb": true,
    "auth_opt_tw": true,
    "auth_opt_allow_3rdparty": true,
    "modified": "1729266993273",
    "created": "1728978940972",
    "site_id": "polis_site_id_wlE61IMj5fRdvFgrn7",
    "auth_opt_fb_computed": true,
    "auth_opt_tw_computed": true,
    "translations": [],
    "ownername": "admin",
    "is_mod": false,
    "is_owner": false,
    "conversation_id": "42pditmrma"
  },
  "votes": [],
  "pca": "{\"n\":48,\"pca\":{\"comps\":[[-0.4073336929801089,-0.3250978869207382,-0.33172142945896477,0.15777293287827307,0.3108498190112069,0.06803540591064068,-0.1471195565090976,-0.16416248377634127,0.516431433218497,0.02666429437496138,-0.4197581448133484],[-0.22551999914160928,-0.35384535569377346,-0.2415015319247083,-0.4071811171797628,-0.35724548539182205,-0.18173128813035078,-0.4177484922736041,-0.13347319892722864,-0.25742542839120364,-0.4147999908027752,0.09224078833089885]],\"center\":[-0.17777777777777773,0.08888888888888886,-0.023255813953488375,-0.186046511627907,-0.4523809523809524,-0.7272727272727272,-0.372093023255814,-0.38095238095238093,-0.5121951219512195,-0.44999999999999996,0.575],\"comment-extremity\":[1.2696825951538615,1.7353510169851505,1.329227568825267,1.1788498139487253,0.8600882194178178,0.17552407187580235,0.922347609947509,0.434397043947283,0.9335650028821986,0.7582164805973053,2.245000986177057],\"comment-projection\":[[1.1108000420253166,1.1740701742582302,1.074609574193041,-0.4259203887230364,-0.5645800229436032,-0.061540340145033616,0.3063811614681968,0.33704998682886117,-0.8355167287469446,-0.04863950285773203,2.19268392374043],[0.614993625229725,1.2778898145257458,0.7823427591393565,1.09921731532803,0.6488460085985832,0.16438213510809316,0.8699745384051656,0.2740403221586236,0.4164797841317681,0.7566547628946219,-0.48183673428479007]]},\"tids\":[0,1,2,3,4,5,6,7,8,9,10],\"mod-in\":[0,7,1,4,6,3,2,9,5,10,8],\"n-cmts\":11,\"in-conv\":[0,7,20,27,1,24,39,46,4,21,31,40,33,13,22,36,41,43,44,6,28,25,34,17,3,12,2,23,35,19,11,9,5,14,45,26,16,38,30,10,18,42,37,8],\"mod-out\":[],\"repness\":{\"0\":[{\"tid\":8,\"p-test\":4.358898943540674,\"n-agree\":18,\"repness\":2.159090909090909,\"n-trials\":18,\"n-success\":18,\"p-success\":0.95,\"best-agree\":true,\"repful-for\":\"agree\",\"repness-test\":3.8407538},{\"tid\":4,\"p-test\":2.0647416048350555,\"repness\":1.590909090909091,\"n-trials\":18,\"n-success\":13,\"p-success\":0.7,\"repful-for\":\"agree\",\"repness-test\":1.8384392},{\"tid\":10,\"p-test\":4.358898943540674,\"repness\":2.072727272727273,\"n-trials\":18,\"n-success\":18,\"p-success\":0.95,\"repful-for\":\"disagree\",\"repness-test\":3.7253537}],\"1\":[{\"tid\":0,\"p-test\":0.5345224838248486,\"n-agree\":7,\"repness\":1.503030303030303,\"n-trials\":13,\"n-success\":7,\"p-success\":0.5333333333333333,\"best-agree\":true,\"repful-for\":\"agree\",\"repness-test\":1.2771837}],\"2\":[{\"tid\":6,\"p-test\":3.05085107923876,\"n-agree\":11,\"repness\":2.571428571428571,\"n-trials\":12,\"n-success\":11,\"p-success\":0.8571428571428571,\"best-agree\":true,\"repful-for\":\"agree\",\"repness-test\":3.5237198},{\"tid\":4,\"p-test\":3.3166247903554,\"repness\":2.160714285714286,\"n-trials\":10,\"n-success\":10,\"p-success\":0.9166666666666667,\"repful-for\":\"agree\",\"repness-test\":3.2622845},{\"tid\":8,\"p-test\":3.3166247903554,\"repness\":1.592105263157895,\"n-trials\":10,\"n-success\":10,\"p-success\":0.9166666666666667,\"repful-for\":\"agree\",\"repness-test\":2.5308514},{\"tid\":7,\"p-test\":2.529822128134704,\"repness\":1.928571428571429,\"n-trials\":9,\"n-success\":8,\"p-success\":0.8181818181818182,\"repful-for\":\"agree\",\"repness-test\":2.5649014},{\"tid\":9,\"p-test\":2.529822128134704,\"repness\":1.8,\"n-trials\":9,\"n-success\":8,\"p-success\":0.8181818181818182,\"repful-for\":\"agree\",\"repness-test\":2.4053977}]},\"consensus\":{\"agree\":[{\"tid\":5,\"p-test\":3.428637565499679,\"n-trials\":44,\"n-success\":33,\"p-success\":0.7391304347826086},{\"tid\":8,\"p-test\":2.4688535993934706,\"n-trials\":41,\"n-success\":28,\"p-success\":0.6744186046511628}],\"disagree\":[{\"tid\":10,\"p-test\":2.6549539521063026,\"n-trials\":40,\"n-success\":28,\"p-success\":0.6904761904761905}]},\"meta-tids\":[],\"votes-base\":{\"0\":{\"A\":[0,1,0,1,0,1,0,1,0,1,0,0,1,0,1,1,0,0,0,0,1,0,0,0,1,1,0,0,0,0,1,0,0,1,1,1,0,0,1,0,1,0],\"D\":[0,0,0,0,0,0,0,0,0,0,0,0,0,0,0,0,1,1,0,0,0,1,1,0,0,0,1,0,0,1,0,0,1,0,0,0,1,1,0,0,0,0],\"S\":[3,1,1,1,1,1,1,1,1,1,0,1,1,0,1,1,1,1,1,1,1,1,1,1,1,1,1,1,1,1,1,1,1,1,1,1,1,1,1,1,1,1]},\"1\":{\"A\":[0,0,1,1,0,0,0,0,0,0,0,0,1,0,1,1,0,0,0,0,1,0,0,0,1,0,0,0,0,0,0,0,1,0,0,0,0,0,0,0,0,1],\"D\":[0,0,0,0,0,0,0,0,0,1,0,0,0,0,0,0,1,1,1,1,0,1,0,0,0,1,1,0,0,1,0,0,0,0,0,1,1,1,1,0,0,0],\"S\":[3,1,1,1,1,1,1,1,1,1,1,1,1,0,1,1,1,1,1,1,1,1,1,1,1,1,1,1,1,1,1,1,1,1,1,1,1,1,1,1,1,1]},\"2\":{\"A\":[0,0,0,0,0,1,0,1,0,1,0,0,0,1,1,0,0,0,0,0,1,0,0,1,1,0,1,0,1,0,0,0,0,0,0,0,1,0,0,0,1,0],\"D\":[0,0,0,0,0,0,0,0,0,0,0,0,0,0,0,0,0,1,0,1,0,1,1,0,0,1,0,0,0,1,0,0,1,1,0,0,0,1,1,0,0,0],\"S\":[3,1,1,1,1,1,1,1,1,1,0,0,0,1,1,1,1,1,1,1,1,1,1,1,1,1,1,1,1,1,1,1,1,1,1,1,1,1,1,1,1,1]},\"3\":{\"A\":[0,0,0,1,0,0,0,0,0,0,0,0,1,0,1,1,1,0,0,1,0,1,1,0,0,1,0,1,0,0,1,0,0,1,0,0,1,1,0,1,1,1],\"D\":[0,0,0,0,0,0,0,0,0,1,0,0,0,0,0,0,0,1,1,0,1,0,0,1,0,0,1,0,1,1,0,0,1,0,1,0,0,0,1,0,0,0],\"S\":[3,1,1,1,1,1,1,1,1,1,0,0,1,0,1,1,1,1,1,1,1,1,1,1,1,1,1,1,1,1,1,1,1,1,1,1,1,1,1,1,1,1]},\"4\":{\"A\":[0,0,0,0,1,0,0,0,0,1,0,0,0,1,1,1,1,1,1,0,0,1,1,0,1,0,0,1,1,0,0,1,1,1,1,1,1,1,0,1,1,1],\"D\":[0,1,0,1,0,0,0,0,0,0,0,0,0,0,0,0,0,0,0,0,1,0,0,0,0,1,0,0,0,0,0,0,0,0,0,0,0,0,1,0,0,0],\"S\":[3,1,1,1,1,1,1,1,1,1,0,0,0,1,1,1,1,1,1,1,1,1,1,1,1,1,1,1,1,1,1,1,1,1,1,1,1,1,1,1,1,1]},\"5\":{\"A\":[0,1,1,1,0,0,1,0,0,1,0,0,1,1,1,1,1,0,1,1,1,1,1,1,1,1,0,1,1,1,1,1,1,1,1,1,1,1,1,1,1,0],\"D\":[0,0,0,0,0,0,0,0,0,0,0,0,0,0,0,0,0,0,0,0,0,0,0,0,0,0,0,0,0,0,0,0,0,0,0,0,0,0,0,0,0,0],\"S\":[3,1,1,1,1,1,1,1,1,1,0,0,1,1,1,1,1,1,1,1,1,1,1,1,1,1,1,1,1,1,1,1,1,1,1,1,1,1,1,1,1,1]},\"6\":{\"A\":[0,0,1,0,0,0,0,0,0,1,0,1,1,1,1,1,1,0,0,0,1,0,1,1,1,0,0,1,1,0,1,0,1,0,0,0,1,1,1,1,1,0],\"D\":[0,0,0,0,0,0,0,0,0,0,0,0,0,0,0,0,0,1,0,1,0,1,0,0,0,1,1,0,0,0,0,0,0,0,0,0,0,0,0,0,0,0],\"S\":[3,1,1,1,1,1,1,1,1,1,0,1,1,1,1,1,1,1,1,1,1,1,1,1,1,1,1,1,1,1,1,1,1,1,1,1,1,1,1,1,1,1]},\"7\":{\"A\":[0,0,1,0,0,0,0,0,0,1,0,0,1,0,0,1,1,1,1,0,1,0,0,1,1,1,1,1,1,0,1,0,1,1,0,1,0,0,1,1,0,1],\"D\":[0,0,0,0,0,0,0,0,0,0,0,0,0,0,0,0,0,0,0,0,0,0,1,0,0,0,0,0,0,1,0,0,0,0,1,0,1,1,0,0,0,0],\"S\":[3,1,1,1,1,1,1,1,1,1,0,0,1,0,0,1,1,1,1,1,1,1,1,1,1,1,1,1,1,1,1,1,1,1,1,1,1,1,1,1,1,1]},\"8\":{\"A\":[0,0,0,0,1,0,1,0,0,1,0,1,0,1,0,1,1,1,1,1,0,1,1,0,1,1,1,1,1,1,0,1,1,1,1,1,1,1,0,1,1,1],\"D\":[0,0,0,0,0,1,0,1,1,0,0,0,0,0,0,0,0,0,0,0,1,0,0,1,0,0,0,0,0,0,1,0,0,0,0,0,0,0,1,0,0,0],\"S\":[3,1,1,1,1,1,1,1,1,1,0,