{
  "user": {},
  "ptpt": null,
  "nextComment": {
    "txt": "現役世代の社会保険料負担を引き下げるために公費投入を行う",
    "tid": 9,
    "created": "1728978952971",
    "tweet_id": null,
    "quote_src_url": null,
    "is_seed": true,
    "is_meta": false,
    "lang": null,
    "pid": 0,
    "randomN": 4.53811975365124,
    "remaining": 11,
    "total": 11,
    "translations": []
  },
  "conversation": {
    "topic": "社会保障（年金・医療）",
    "description": "",
    "link_url": null,
    "parent_url": null,
    "upvotes": 1,
    "participant_count": 75,
    "is_anon": false,
    "is_active": true,
    "is_draft": true,
    "is_public": true,
    "is_data_open": false,
    "profanity_filter": true,
    "spam_filter": true,
    "strict_moderation": false,
    "prioritize_seed": false,
    "vis_type": 1,
    "write_type": 1,
    "help_type": 1,
    "write_hint_type": 1,
    "style_btn": null,
    "socialbtn_type": 0,
    "subscribe_type": 1,
    "branding_type": 1,
    "bgcolor": null,
    "help_bgcolor": null,
    "help_color": null,
    "email_domain": null,
    "use_xid_whitelist": false,
    "owner": 72,
    "org_id": 72,
    "context": null,
    "course_id": null,
    "owner_sees_participation_stats": false,
    "auth_needed_to_vote": false,
    "auth_needed_to_write": true,
    "auth_opt_fb": true,
    "auth_opt_tw": true,
    "auth_opt_allow_3rdparty": true,
    "modified": "1729297248236",
    "created": "1728978940972",
    "site_id": "polis_site_id_wlE61IMj5fRdvFgrn7",
    "auth_opt_fb_computed": true,
    "auth_opt_tw_computed": true,
    "translations": [],
    "ownername": "admin",
    "is_mod": false,
    "is_owner": false,
    "conversation_id": "42pditmrma"
  },
  "votes": [],
  "pca": "{\"n\":75,\"pca\":{\"comps\":[[-0.45509203725641795,-0.48971668757150544,-0.34849852791357144,-0.06502517448066167,0.2304315372148474,-0.042957932411318046,-0.2477129800779301,-0.24739721273882412,0.35376510099838887,-0.008181698209989511,-0.35307427083454845],[-0.006434605297549005,-0.26011761635060066,-0.026108305633578674,-0.5649288991052295,-0.3207246260353646,-0.2944563790338502,-0.3817963081882625,-0.0591397362482366,-0.39091667037406996,-0.24288816348314723,0.24864802324959157]],\"center\":[-0.2318840579710145,0.057971014492753645,-0.04545454545454547,-0.21212121212121218,-0.523076923076923,-0.7313432835820898,-0.41791044776119407,-0.4153846153846153,-0.6153846153846153,-0.3809523809523809,0.6031746031746029],\"comment-extremity\":[1.1594866824547683,1.9457233755943177,1.1063925265475647,1.4859615926480547,0.6246768919975443,0.26514789781961545,0.8786335809636429,0.49320607770514474,0.6725406092387167,0.49896835673501017,2.296158029740507],\"comment-projection\":[[1.159370800447433,1.718363405163451,1.1033007272132183,0.1699171741719225,-0.36449082173846836,0.038276957976122426,0.47822790170375773,0.4796907953185799,-0.4512715784360918,0.016798242877902332,1.8773413147323568],[0.016392494009248842,0.9127248556543287,0.08265547853038882,1.4762147569871302,0.5073141632796464,0.26237050559515146,0.7370855063213597,0.11466898435026605,0.4986630461253196,0.49868551218082463,-1.3220935237496598]]},\"tids\":[0,1,2,3,4,5,6,7,8,9,10],\"mod-in\":[0,7,1,4,6,3,2,9,5,10,8],\"n-cmts\":11,\"in-conv\":[0,65,70,62,74,7,59,20,72,27,1,69,24,55,39,46,4,54,48,50,21,31,40,56,33,13,22,36,41,43,61,44,6,28,64,51,25,34,17,3,12,2,23,47,35,19,57,68,11,9,5,14,45,53,26,16,38,30,73,10,18,52,67,42,37,63,8],\"mod-out\":[],\"repness\":{\"0\":[{\"tid\":0,\"p-test\":0.7276068751089991,\"n-agree\":9,\"repness\":1.349206349206349,\"n-trials\":16,\"n-success\":9,\"p-success\":0.5555555555555556,\"best-agree\":true,\"repful-for\":\"agree\",\"repness-test\":1.2017992}],\"1\":[{\"tid\":6,\"p-test\":3.0000000000000004,\"n-agree\":19,\"repness\":1.990950226244344,\"n-trials\":24,\"n-success\":19,\"p-success\":0.7692307692307692,\"best-agree\":true,\"repful-for\":\"agree\",\"repness-test\":3.230411},{\"tid\":5,\"p-test\":4.490731195102492,\"repness\":1.349333333333333,\"n-trials\":23,\"n-success\":22,\"p-success\":0.92,\"repful-for\":\"agree\",\"repness-test\":2.5162158},{\"tid\":3,\"p-test\":2.2936585546278216,\"repness\":2.397435897435897,\"n-trials\":22,\"n-success\":16,\"p-success\":0.7083333333333333,\"repful-for\":\"agree\",\"repness-test\":3.395828},{\"tid\":7,\"p-test\":2.9848100289785466,\"repness\":1.721739130434783,\"n-trials\":21,\"n-success\":17,\"p-success\":0.782608695652174,\"repful-for\":\"agree\",\"repness-test\":2.7332785},{\"tid\":8,\"p-test\":3.9617738670844207,\"repness\":1.327586206896552,\"n-trials\":22,\"n-success\":20,\"p-success\":0.875,\"repful-for\":\"agree\",\"repness-test\":2.1554642}],\"2\":[{\"tid\":8,\"p-test\":5.196152422706632,\"n-agree\":26,\"repness\":1.677018633540373,\"n-trials\":26,\"n-success\":26,\"p-success\":0.9642857142857143,\"best-agree\":true,\"repful-for\":\"agree\",\"repness-test\":3.823812},{\"tid\":4,\"p-test\":3.271651525407879,\"repness\":1.571428571428571,\"n-trials\":26,\"n-success\":21,\"p-success\":0.7857142857142857,\"repful-for\":\"agree\",\"repness-test\":2.507579},{\"tid\":9,\"p-test\":1.347150628109127,\"repness\":1.392857142857143,\"n-trials\":26,\"n-success\":16,\"p-success\":0.6071428571428571,\"repful-for\":\"agree\",\"repness-test\":1.4497874},{\"tid\":1,\"p-test\":2.116950987028628,\"repness\":7.125,\"n-trials\":26,\"n-success\":18,\"p-success\":0.6785714285714286,\"repful-for\":\"disagree\",\"repness-test\":5.169315},{\"tid\":10,\"p-test\":5.196152422706632,\"repness\":1.880357142857143,\"n-trials\":26,\"n-success\":26,\"p-success\":0.9642857142857143,\"repful-for\":\"disagree\",\"repness-test\":4.2056594}]},\"consensus\":{\"agree\":[{\"tid\":5,\"p-test\":4.608176875690327,\"n-trials\":67,\"n-success\":52,\"p-success\":0.7681159420289855},{\"tid\":8,\"p-test\":3.9389277113386476,\"n-trials\":65,\"n-success\":48,\"p-success\":0.7313432835820896},{\"tid\":4,\"p-test\":2.215646837627989,\"n-trials\":65,\"n-success\":41,\"p-success\":0.626865671641791},{\"tid\":7,\"p-test\":1.4770978917519935,\"n-trials\":65,\"n-success\":38,\"p-success\":0.582089552238806}],\"disagree\":[{\"tid\":10,\"p-test\":3.5,\"n-trials\":63,\"n-success\":45,\"p-success\":0.7076923076923077}]},\"meta-tids\":[],\"votes-base\":{\"0\":{\"A\":[0,1,0,1,0,1,0,1,0,0,1,0,1,1,0,0,0,0,1,0,0,0,1,1,0,0,0,0,1,0,0,1,1,1,0,0,1,0,1,0,1,0,0,1,0,1,0,1,0,0,1,0,1,0,1,0,0,1,1,1,1,1,0,1,0],\"D\":[0,0,0,0,0,0,0,0,0,0,0,0,0,0,1,1,0,0,0,1,1,0,0,0,1,0,0,1,0,0,1,0,0,0,1,1,0,0,0,0,0,1,0,0,1,0,0,0,0,0,0,0,0,1,0,0,1,0,0,0,0,0,1,0,0],\"S\":[1,1,1,1,1,1,1,1,0,1,1,0,1,1,1,1,1,1,1,1,1,1,1,1,1,1,1,1,1,1,1,1,1,1,1,1,1,1,1,1,1,1,1,1,1,1,1,1,1,1,1,3,1,1,1,1,1,1,1,1,1,1,1,1,1]},\"1\":{\"A\":[1,1,0,0,0,0,0,0,0,0,1,0,1,1,0,0,0,0,1,0,0,0,1,0,0,0,0,0,0,0,1,0,0,0,0,0,0,0,0,1,1,0,0,1,0,1,1,0,0,1,0,0,1,1,1,0,0,0,0,0,0,0,0,0,1],\"D\":[0,0,0,0,0,0,0,1,0,0,0,0,0,0,1,1,1,1,0,1,0,0,0,1,1,0,0,1,0,0,0,0,0,1,1,1,1,0,0,0,0,0,1,0,1,0,0,0,1,0,1,0,0,0,0,0,1,0,0,1,0,0,1,1,0],\"S\":[1,1,1,1,1,1,1,1,1,1,1,0,1,1,1,1,1,1,1,1,1,1,1,1,1,1,1,1,1,1,1,1,1,1,1,1,1,1,1,1,1,1,1,1,1,1,1,1,1,1,1,3,1,1,1,1,1,1,1,1,1,1,1,1,1]},\"2\":{\"A\":[0,0,0,1,0,1,0,1,0,0,0,1,1,0,0,0,0,0,1,0,0,1,1,0,1,0,1,0,0,0,0,0,0,0,1,0,0,0,1,0,0,1,0,1,0,0,0,0,0,1,1,0,1,0,0,0,0,0,0,1,1,1,0,0,0],\"D\":[0,0,0,0,0,0,0,0,0,0,0,0,0,0,0,1,0,1,0,1,1,0,0,1,0,0,0,1,0,0,1,1,0,0,0,1,1,0,0,0,1,0,0,0,1,1,0,0,0,0,0,0,0,0,0,0,1,0,0,0,0,0,1,1,0],\"S\":[1,1,1,1,1,1,1,1,0,0,0,1,1,1,1,1,1,1,1,1,1,1,1,1,1,1,1,1,1,1,1,1,1,1,1,1,1,1,1,1,1,1,1,1,1,1,1,1,1,1,1,3,1,1,1,1,1,1,1,1,1,1,1,1,1]},\"3\":{\"A\":[0,1,0,0,0,0,0,0,0,0,1,0,1,1,1,0,0,1,0,1,1,0,0,1,0,1,0,0,1,0,0,1,0,0,1,1,0,1,1,1,1,0,1,0,1,1,1,1,1,0,0,0,0,0,1,0,0,0,0,0,1,1,0,0,1],\"D\":[0,0,0,0,0,0,0,1,0,0,0,0,0,0,0,1,1,0,1,0,0,1,0,0,1,0,1,1,0,0,1,0,1,0,0,0,1,0,0,0,0,1,0,0,0,0,0,0,0,0,0,0,0,1,0,0,1,0,0,1,0,0,0,1,0],\"S\":[1,1,1,1,1,1,1,1,0,0,1,0,1,1,1,1,1,1,1,1,1,1,1,1,1,1,1,1,1,1,1,1,1,1,1,1,1,1,1,1,1,1,1,1,1,1,1,1,1,1,1,3,1,1,1,1,1,1,1,1,1,1,1,1,1]},\"4\":{\"A\":[0,0,1,0,0,0,0,1,0,0,0,1,1,1,1,1,1,0,0,1,1,0,1,0,0,1,1,0,0,1,1,1,1,1,1,1,0,1,1,1,0,1,1,0,1,