{
  "user": {},
  "ptpt": null,
  "nextComment": {
    "txt": "電気・ガス代、燃料費高騰対策のため、政府による補助金施策を継続",
    "tid": 1,
    "created": "1728979602801",
    "tweet_id": null,
    "quote_src_url": null,
    "is_seed": true,
    "is_meta": false,
    "lang": null,
    "pid": 0,
    "randomN": 1.0401480178313234,
    "remaining": 7,
    "total": 7,
    "translations": []
  },
  "conversation": {
    "topic": "経済政策・物価高対策",
    "description": "",
    "link_url": null,
    "parent_url": null,
    "upvotes": 1,
    "participant_count": 113,
    "is_anon": false,
    "is_active": true,
    "is_draft": true,
    "is_public": true,
    "is_data_open": false,
    "profanity_filter": true,
    "spam_filter": true,
    "strict_moderation": false,
    "prioritize_seed": false,
    "vis_type": 1,
    "write_type": 1,
    "help_type": 1,
    "write_hint_type": 1,
    "style_btn": null,
    "socialbtn_type": 0,
    "subscribe_type": 1,
    "branding_type": 1,
    "bgcolor": null,
    "help_bgcolor": null,
    "help_color": null,
    "email_domain": null,
    "use_xid_whitelist": false,
    "owner": 72,
    "org_id": 72,
    "context": null,
    "course_id": null,
    "owner_sees_participation_stats": false,
    "auth_needed_to_vote": false,
    "auth_needed_to_write": true,
    "auth_opt_fb": true,
    "auth_opt_tw": true,
    "auth_opt_allow_3rdparty": true,
    "modified": "1729289015836",
    "created": "1728979601778",
    "site_id": "polis_site_id_wlE61IMj5fRdvFgrn7",
    "auth_opt_fb_computed": true,
    "auth_opt_tw_computed": true,
    "translations": [],
    "ownername": "admin",
    "is_mod": false,
    "is_owner": false,
    "conversation_id": "69rmeiumcr"
  },
  "votes": [],
  "pca": "{\"n\":113,\"pca\":{\"comps\":[[0.4316570572070013,0.4546117755478647,-0.041828665328579415,0.5166153294159398,0.36785006007379856,0.42301101192768437,0.1552652561184197],[0.606846630044016,0.4224465946591087,0.2843524754413917,-0.4198876971470394,-0.24404269822842278,-0.3562119526005682,0.09833737857973683]],\"center\":[-0.04,-0.4807692307692309,-0.41176470588235314,-0.39603960396039606,-0.5728155339805825,-0.4200000000000002,-0.7184466019417478],\"comment-extremity\":[1.8915007757640006,0.8525400737569041,0.44730711863772865,1.0637900523651092,0.4989275979238587,0.8486208511835563,0.13690641563498668],\"comment-projection\":[[-1.0963749360342785,-0.624525421767143,0.06509896831362996,-0.8255146217051047,-0.4157529151794117,-0.6491255248534094,-0.11566023682722867],[-1.5413426563719204,-0.5803383279846333,-0.44254466747266097,0.6709507320675935,0.2758228806496889,0.5466199795537019,-0.07325350680403701]]},\"tids\":[0,1,2,3,4,5,6],\"mod-in\":[0,1,4,6,3,2,5],\"n-cmts\":7,\"in-conv\":[0,70,62,74,110,7,59,86,20,72,58,60,27,1,101,102,55,85,39,88,4,77,106,54,92,104,48,50,75,99,21,31,32,40,91,108,56,33,13,22,90,109,36,41,89,61,29,44,93,6,111,28,64,103,51,25,34,17,3,12,2,66,107,23,47,35,82,76,19,57,11,9,5,83,14,53,78,26,16,81,79,38,98,87,30,73,10,18,105,52,67,71,42,37,63,94,8,49,84],\"mod-out\":[],\"repness\":{\"0\":[{\"tid\":3,\"p-test\":3.5355339059327378,\"n-agree\":25,\"repness\":1.469287469287469,\"n-trials\":31,\"n-success\":25,\"p-success\":0.7878787878787878,\"best-agree\":true,\"repful-for\":\"agree\",\"repness-test\":2.593058},{\"tid\":5,\"p-test\":1.914854215512677,\"repness\":1.294117647058824,\"n-trials\":32,\"n-success\":21,\"p-success\":0.6470588235294118,\"repful-for\":\"agree\",\"repness-test\":1.5080924},{\"tid\":0,\"p-test\":1.7677669529663689,\"repness\":4.327272727272727,\"n-trials\":31,\"n-success\":20,\"p-success\":0.6363636363636364,\"repful-for\":\"disagree\",\"repness-test\":5.087442}],\"1\":[{\"tid\":1,\"p-test\":1.7320508075688772,\"repness\":8.802197802197801,\"n-trials\":11,\"n-success\":8,\"p-success\":0.6923076923076923,\"repful-for\":\"disagree\",\"repness-test\":5.9429445},{\"tid\":0,\"p-test\":2.3094010767585025,\"repness\":3.223443223443223,\"n-trials\":11,\"n-success\":9,\"p-success\":0.7692307692307692,\"repful-for\":\"disagree\",\"repness-test\":4.144962}],\"2\":[{\"tid\":1,\"p-test\":5.692099788303082,\"n-agree\":37,\"repness\":2.174484052532833,\"n-trials\":39,\"n-success\":37,\"p-success\":0.9268292682926829,\"best-agree\":true,\"repful-for\":\"agree\",\"repness-test\":5.273207},{\"tid\":0,\"p-test\":2.529822128134703,\"repness\":4.552845528455285,\"n-trials\":39,\"n-success\":27,\"p-success\":0.6829268292682927,\"repful-for\":\"agree\",\"repness-test\":5.524938},{\"tid\":4,\"p-test\":4.743416490252569,\"repness\":1.627286585365854,\"n-trials\":39,\"n-success\":34,\"p-success\":0.853658536585366,\"repful-for\":\"agree\",\"repness-test\":3.5597038},{\"tid\":3,\"p-test\":4.216691570992364,\"repness\":1.67487684729064,\"n-trials\":40,\"n-success\":33,\"p-success\":0.8095238095238095,\"repful-for\":\"agree\",\"repness-test\":3.4405904},{\"tid\":5,\"p-test\":3.478505426185218,\"repness\":1.844878048780488,\"n-trials\":39,\"n-success\":30,\"p-success\":0.7560975609756098,\"repful-for\":\"agree\",\"repness-test\":3.5364904}],\"3\":[{\"tid\":2,\"p-test\":3.1529631254723283,\"n-agree\":14,\"repness\":1.727642276422764,\"n-trials\":16,\"n-success\":14,\"p-success\":0.8333333333333333,\"best-agree\":true,\"repful-for\":\"agree\",\"repness-test\":2.9826665},{\"tid\":6,\"p-test\":3.6380343755449944,\"repness\":1.180555555555556,\"n-trials\":16,\"n-success\":15,\"p-success\":0.888888888888889,\"repful-for\":\"agree\",\"repness-test\":1.661047},{\"tid\":3,\"p-test\":1.6977493752543311,\"repness\":4.666666666666667,\"n-trials\":16,\"n-success\":11,\"p-success\":0.6666666666666667,\"repful-for\":\"disagree\",\"repness-test\":4.9368424}]},\"consensus\":{\"agree\":[{\"tid\":6,\"p-test\":5.883484054145522,\"n-trials\":103,\"n-success\":81,\"p-success\":0.780952380952381},{\"tid\":4,\"p-test\":3.33397429734913,\"n-trials\":103,\"n-success\":68,\"p-success\":0.6571428571428571},{\"tid\":1,\"p-test\":2.6349301969610393,\"n-trials\":104,\"n-success\":65,\"p-success\":0.6226415094339623},{\"tid\":3,\"p-test\":2.574383611739353,\"n-trials\":101,\"n-success\":63,\"p-success\":0.6213592233009709}],\"disagree\":[]},\"meta-tids\":[],\"votes-base\":{\"0\":{\"A\":[0,0,1,0,0,0,0,1,0,0,0,0,1,1,0,0,0,0,1,0,0,0,0,0,1,0,0,0,3,0,0,0,0,0,0,0,0,1,0,0,1,3,0,0,0,3,0,0,0,0,1,0,0,1,1,0,1,0,0,1,4,1,0,0,1,0,0,1,1,0,1,1,0,1,0,1,1],\"D\":[0,0,0,0,0,0,0,0,1,0,0,0,0,0,1,1,1,0,0,0,1,0,0,0,0,0,1,0,0,0,1,1,1,0,1,1,0,0,1,1,0,0,3,0,1,0,0,0,0,1,0,1,1,0,0,1,0,1,1,0,0,0,4,1,0,1,0,0,0,0,0,0,0,0,0,0,0],\"S\":[1,6,1,1,1,2,2,1,1,0,0,1,1,1,1,1,1,1,1,1,1,1,1,1,1,1,1,1,3,1,1,1,1,1,1,1,1,1,1,1,1,3,3,1,1,3,1,2,1,1,1,1,1,1,1,1,1,1,1,1,4,1,4,1,1,1,1,1,1,1,1,1,1,1,1,1,1]},\"1\":{\"A\":[0,6,1,0,0,0,0,1,0,0,1,0,1,0,1,1,0,1,1,0,1,1,0,1,0,0,1,1,3,0,0,0,0,1,1,1,1,1,0,0,1,3,3,0,1,3,0,2,0,0,1,1,0,1,1,1,1,1,0,1,4,0,0,0,1,1,1,0,1,1,1,1,1,1,0,0,1],\"D\":[0,0,0,0,0,0,0,0,1,0,0,1,0,1,0,0,1,0,0,0,0,0,0,0,0,0,0,0,0,0,0,1,1,0,0,0,0,0,0,1,0,0,0,0,0,0,0,0,0,1,0,0,1,0,0,0,0,0,1,0,0,0,4,0,0,0,0,0,0,0,0,0,0,0,0,0,0],\"S\":[1,6,1,1,1,2,2,1,1,1,1,1,1,1,1,1,1,1,1,1,1,1,1,1,1,1,1,1,3,1,1,1,1,1,1,1,1,1,1,1,1,3,3,1,1,3,1,2,1,1,1,1,1,1,1,1,1,1,1,1,4,0,4,1,1,1,1,1,1,1,1,1,1,1,1,1,1]},\"2\":{\"A\":[0,6,1,0,0,2,2,0,0,1,0,0,1,0,0,0,1,1,0,0,0,0,1,0,0,0,0,1,3,0,0,1,0,0,0,1,0,1,0,1,0,0,3,1,0,0,1,2,0,0,0,1,0,1,0,0,1,0,0,0,4,1,4,0,1,1,1,1,1,1,0,0,1,1,1,1,1],\"D\":[0,0,0,0,0,0,0,0,0,0,0,0,0,1,0,0,0,0,0,0,0,0,0,1,1,0,1,0,0,0,0,0,0,0,0,0,0,0,1,0,1,3,0,0,0,0,0,0,1,1,0,0,1,0,1,0,0,0,0,0,0,0,0,1,0,0,0,0,0,0,0,0,0,0,0,0,0],\"S\":[1,6,1,1,1,2,2,1,1,1,1,1,1,1,1,1,1,1,1,1,1,1,1,1,1,1,1,1,3,1,1,1,1,1,1,1,1,1,1,1,1,3,3,1,1,3,1,2,1,1,1,1,1,1,1,1,1,1,1,1,4,1,4,1,1,1,1,1,1,1,1,1,1,1,1,1,1]},\"3\":{\"A\":[0,6,1,1,1,2,0,0,0,0,1,0,1,1,1,1,1,1,0,1,1,1,0,1,1,1,1,1,0,1,1,0,1,1,0,0,0,1,0,0,1,3,3,0,1,3,1,0,0,0,1,0,0,1,0,1,1,0,0,0,4,1,4,1,0,1,0,1,0,0,0,0,0,0,0,1,1],\"D\":[0,0,0,0,0,0,0,0,1,0,0,0,0,0,0,0,0,0,0,0,0,0,1,0,0,0,0,0,3,0,0,1,0,0,1,0,1,0,1,0,0,0,0,1,0,0,0,0,0,1,0,1,1,0,1,0,0,1,1,0,0,0,0,0,0,0,0,0,1,1,1,1,1,0,1,0,0],\"S\":[1,6,1,1,1,2,2,1,1,0,1,1,1,1,1,1,1,1,1,1,1,1,