{
  "user": {},
  "ptpt": null,
  "nextComment": {
    "txt": "中小企業の価格転嫁を支援し、賃上げを実現する",
    "tid": 6,
    "created": "1728979604877",
    "tweet_id": null,
    "quote_src_url": null,
    "is_seed": true,
    "is_meta": false,
    "lang": null,
    "pid": 0,
    "randomN": 3.4499582579652017,
    "remaining": 7,
    "total": 7,
    "translations": []
  },
  "conversation": {
    "topic": "経済政策・物価高対策",
    "description": "",
    "link_url": null,
    "parent_url": null,
    "upvotes": 1,
    "participant_count": 80,
    "is_anon": false,
    "is_active": true,
    "is_draft": true,
    "is_public": true,
    "is_data_open": false,
    "profanity_filter": true,
    "spam_filter": true,
    "strict_moderation": false,
    "prioritize_seed": false,
    "vis_type": 1,
    "write_type": 1,
    "help_type": 1,
    "write_hint_type": 1,
    "style_btn": null,
    "socialbtn_type": 0,
    "subscribe_type": 1,
    "branding_type": 1,
    "bgcolor": null,
    "help_bgcolor": null,
    "help_color": null,
    "email_domain": null,
    "use_xid_whitelist": false,
    "owner": 72,
    "org_id": 72,
    "context": null,
    "course_id": null,
    "owner_sees_participation_stats": false,
    "auth_needed_to_vote": false,
    "auth_needed_to_write": true,
    "auth_opt_fb": true,
    "auth_opt_tw": true,
    "auth_opt_allow_3rdparty": true,
    "modified": "1729267123081",
    "created": "1728979601778",
    "site_id": "polis_site_id_wlE61IMj5fRdvFgrn7",
    "auth_opt_fb_computed": true,
    "auth_opt_tw_computed": true,
    "translations": [],
    "ownername": "admin",
    "is_mod": false,
    "is_owner": false,
    "conversation_id": "69rmeiumcr"
  },
  "votes": [],
  "pca": "{\"n\":80,\"pca\":{\"comps\":[[0.3951402731201116,0.4506298316046238,-0.15076558019613026,0.4476477486583235,0.38499741652673963,0.4834098367758878,0.18912977383758642],[0.58339099352277,0.44124825781548227,0.27643123860130925,-0.4877627939028418,-0.09404215176160002,-0.3392914161357836,0.16329592612609703]],\"center\":[-0.05479452054794523,-0.43999999999999995,-0.4054054054054055,-0.46575342465753433,-0.5733333333333333,-0.3611111111111111,-0.6575342465753428],\"comment-extremity\":[1.762083634209528,0.9344403198969463,0.4953409901945006,0.9357870318507218,0.4473836642732234,0.9983088446959407,0.2264031268662905],\"comment-projection\":[[-0.9881583534339033,-0.6676625019527396,0.2371767862778691,-0.6327427410740685,-0.4346058323336968,-0.8171275226922353,-0.17136655722333674],[-1.458931733319916,-0.6537625677073562,-0.43486764494242425,0.6894446987235874,0.1061598490959311,0.5735182307974127,-0.14795904473959842]]},\"tids\":[0,1,2,3,4,5,6],\"mod-in\":[0,1,4,6,3,2,5],\"n-cmts\":7,\"in-conv\":[0,70,62,74,7,59,20,72,58,60,27,1,55,39,4,77,54,48,50,75,21,31,32,40,56,33,13,22,36,41,61,29,44,6,28,64,51,25,34,17,3,12,2,66,23,47,35,76,19,57,11,9,5,14,53,78,26,16,79,38,30,73,10,18,52,67,71,42,37,63,8,49],\"mod-out\":[],\"repness\":{\"0\":[{\"tid\":3,\"p-test\":5.357061993998872,\"n-agree\":45,\"repness\":5.962962962962963,\"n-trials\":52,\"n-success\":45,\"p-success\":0.8518518518518519,\"best-agree\":true,\"repful-for\":\"agree\",\"repness-test\":5.8235726},{\"tid\":5,\"p-test\":2.609850715025091,\"repness\":7,\"n-trials\":52,\"n-success\":35,\"p-success\":0.6666666666666667,\"repful-for\":\"agree\",\"repness-test\":4.4182577},{\"tid\":4,\"p-test\":3.7087352266146043,\"repness\":1.944444444444444,\"n-trials\":52,\"n-success\":39,\"p-success\":0.7407407407407407,\"repful-for\":\"agree\",\"repness-test\":2.848431},{\"tid\":1,\"p-test\":2.884571842922469,\"repness\":1.798611111111111,\"n-trials\":52,\"n-success\":36,\"p-success\":0.6851851851851852,\"repful-for\":\"agree\",\"repness-test\":2.3362017}],\"1\":[{\"tid\":2,\"p-test\":1.341640786499874,\"n-agree\":12,\"repness\":1.30952380952381,\"n-trials\":19,\"n-success\":12,\"p-success\":0.619047619047619,\"best-agree\":true,\"repful-for\":\"agree\",\"repness-test\":1.2894635},{\"tid\":3,\"p-test\":1.341640786499874,\"repness\":16.71428571428571,\"n-trials\":19,\"n-success\":12,\"p-success\":0.619047619047619,\"repful-for\":\"disagree\",\"repness-test\":5.7742233}]},\"consensus\":{\"agree\":[{\"tid\":6,\"p-test\":4.184914994777493,\"n-trials\":73,\"n-success\":54,\"p-success\":0.7333333333333333},{\"tid\":3,\"p-test\":2.789943329851663,\"n-trials\":73,\"n-success\":48,\"p-success\":0.6533333333333333},{\"tid\":4,\"p-test\":2.5235730725761796,\"n-trials\":75,\"n-success\":48,\"p-success\":0.6363636363636364},{\"tid\":1,\"p-test\":1.6059101370939317,\"n-trials\":75,\"n-success\":44,\"p-success\":0.5844155844155844}],\"disagree\":[]},\"meta-tids\":[],\"votes-base\":{\"0\":{\"A\":[0,2,0,1,0,0,0,0,1,0,0,0,3,0,1,1,0,0,0,0,1,0,0,0,0,0,1,0,1,0,0,1,0,0,0,0,1,0,0,1,0,0,0,0,0,1,0,3,1,0,1,1,1,1,0,0,1,0,0,0],\"D\":[0,0,0,0,0,0,0,0,0,1,0,0,0,0,0,0,1,1,1,0,0,0,1,0,0,0,0,0,0,1,0,0,0,0,3,1,0,1,1,0,1,0,1,1,0,0,1,0,0,1,0,0,0,0,1,0,0,0,0,1],\"S\":[1,2,4,1,1,1,2,2,1,1,0,0,3,1,1,1,1,1,1,1,1,1,1,1,1,1,1,1,1,1,1,1,1,1,3,1,1,1,1,1,1,1,1,1,1,1,1,3,1,1,1,1,1,1,1,1,1,1,1,1]},\"1\":{\"A\":[0,2,4,1,0,0,0,0,1,0,0,1,3,0,1,0,1,1,0,1,1,0,1,1,0,1,0,0,1,1,1,1,0,1,0,0,1,0,0,1,0,1,1,1,1,1,0,3,1,0,1,1,1,1,1,0,0,1,0,1],\"D\":[0,0,0,0,0,0,0,0,0,1,0,0,0,1,0,1,0,0,1,0,0,0,0,0,0,0,0,0,0,0,0,0,0,0,3,0,0,0,1,0,1,0,0,0,0,0,0,0,0,1,0,0,0,0,0,0,0,0,0,0],\"S\":[1,2,4,1,1,1,2,2,1,1,1,1,3,1,1,1,1,1,1,1,1,1,1,1,1,1,1,1,1,1,1,1,1,1,3,1,1,1,1,1,1,1,1,1,1,1,1,3,1,1,1,1,1,1,1,1,0,1,1,1]},\"2\":{\"A\":[0,2,4,1,0,0,2,2,0,0,1,0,3,0,1,0,0,0,1,1,0,0,0,0,1,0,0,0,1,0,1,1,0,1,3,0,0,0,1,0,0,0,0,1,0,1,0,0,1,1,0,0,1,0,1,1,1,1,1,0],\"D\":[0,0,0,0,0,0,0,0,0,0,0,0,0,0,0,1,0,0,0,0,0,0,0,0,0,1,1,0,0,1,0,0,0,0,0,0,0,1,0,0,0,0,0,0,0,0,1,0,0,0,0,1,0,1,0,0,0,0,0,0],\"S\":[1,2,4,1,1,1,2,2,1,1,1,1,3,1,1,1,1,1,1,1,1,1,1,1,1,1,1,1,1,1,1,1,1,1,3,1,1,1,1,1,1,1,1,1,1,1,1,3,1,1,1,1,1,1,1,1,1,1,1,1]},\"3\":{\"A\":[0,0,4,1,1,1,2,0,0,0,0,1,3,0,1,1,1,1,1,1,0,1,1,1,0,1,1,1,1,1,1,1,1,0,3,1,0,1,0,0,1,1,0,0,0,1,0,3,0,0,1,1,0,1,1,0,1,0,0,1],\"D\":[0,2,0,0,0,0,0,0,0,1,0,0,0,0,0,0,0,0,0,0,0,0,0,0,1,0,0,0,0,0,0,0,0,0,0,0,0,0,1,1,0,0,1,0,1,0,1,0,0,0,0,0,1,0,0,1,0,1,1,0],\"S\":[1,2,4,1,1,1,2,2,1,1,0,1,3,1,1,1,1,1,1,1,1,1,1,1,1,1,1,1,1,1,1,1,1,1,3,1,1,1,1,1,1,1,1,1,1,1,1,3,1,1,1,1,1,1,1,1,1,1,1,1]},\"4\":{\"A\":[0,0,4,0,1,0,0,0,0,1,0,1,3,0,0,1,1,1,0,0,1,1,1,1,0,1,1,1,0,1,1,1,0,0,3,0,1,0,0,1,0,1,1,1,1,1,1,3,1,1,1,1,1,1,1,1,0,1,0,0],\"D\":[0,2,0,0,0,0,0,0,0,0,0,0,0,0,0,0,0,0,1,0,0,0,0,0,0,0,0,0,0,0,0,0,0,0,0,0,0,0,1,0,1,0,0,0,0,0,0,0,0,0,0,0,0,0,0,0,0,0,0,0],\"S\":[1,2,4,1,1,1,2,2,1,1,1,1,3,1,1,1,1,1,1,1,1,1,1,1,1,1,1,1,1,1,1,1,1,1,3,1,1,1,1,1,1,1,1,1,1,1,1,3,1,1,1,1,1,1,1,1,0,1,1,1]},\"5\":{\"A\":[0,0,4,0,0,0,0,0,1,1,1,0,3,0,0,1,0,1,0,1,0,1,1,1,0,1,1,0,1,0,0,0,1,0,3,0,1,0,0,0,0,0,0,1,1,0,0,3,0,1,1,1,0,1,1,0,1,0,0,1],\"D\":[0,2,0,0,0,0,0,0,0,0,0,0,0,0,0,0,0,0,1,0,0,0,0,0,1,0,0,0,0,0,0,1,0,0,0,0,0,0,1,1,1,0,0,0,0,0,0,0,0,0,0,0,0,0,0,1,0,1,0,0],\"S\":[1,2,4,1,1,1,2,2,1,1,1,0,3,1,1,1,1,1,1,1,1,1,1,1,1,1,1,1,1,1,1,1,1,1,3,1,1,1,1,1,1,1,1,1,1,1,1,3,1,1,1,1,1,1,1,1,1,1,1,1]},\"6\":{\"A\":[0,2,4,0,0,0,2,2,1,1,0,1,3,1,1,1,1,1,0,1,0,0,0,1,1,1,0,1,1,0,1,1,1,1,3,0,1,1,0,1,0,1,1,1,0,0,1,3,1,1,0,0,1,1,1,1,1,1,0,1],\"D\":[0,0,0,0,0,0,0,0,0,0,0,0,0,0,0,0,0,0,1,0,0,0,0,0,0,0,0,0,0,1,0,0,0,0,0,0,0,0,1,0,1,0,0,0,1,0,0,0,0,0,0,1,0,0,0,0,0,0,0,0],\"S\":[1,2,4,1,1,1,2,2,1,1,1,1,3,1,1,1,1,1,1,1,1,1,1,1,1,1,1,1,1,1,1,1,1,1,3,1,1,1,1,1,1,1,1,1,1,1,1,3,1,1,1,1,1,1,1,1,1,1,1,1]}},\"group-votes\":{\"0\":{\"votes\":{\"0\":{\"A\":21,\"D\":13,\"S\":51},\"1\":{\"A\":36,\"D\":5,\"S\":52},\"2\":{\"A\":25,\"D\":7,\"S\":53},\"3\":{\"A\":45,\"D\":1,\"S\":52},\"4\":{\"A\":39,\"D\":0,\"S\":52},\"5\":{\"A\":35,\"D\":1,\"S\":52},\"6\":{\"A\":39,\"D\":3,\"S\":53}},\"n-members\":53,\"id\":0},\"1\":{\"votes\":{\"0\":{\"A\":4,\"D\":6,\"S\":19},\"1\":{\"A\":7,\"D\":5,\"S\":19},\"2\":{\"A\":12,\"D\":1,\"S\":19},\"3\":{\"A\":2,\"D\":12,\"S\":19},\"4\":{\"A\":7,\"D\":5,\"S\":19},\"5\":{\"A\":1,\"D\":9,\"S\":19},\"6\":{\"A\":14,\"D\":3,\"S\":19}},\"n-members\":19,\"id\":1}},