{
  "user": {},
  "ptpt": null,
  "nextComment": {
    "txt": "トリガー条項凍結又は二重課税廃止によるガソリン減税により、ガソリン代を引き下げる",
    "tid": 4,
    "created": "1728979603996",
    "tweet_id": null,
    "quote_src_url": null,
    "is_seed": true,
    "is_meta": false,
    "lang": null,
    "pid": 0,
    "randomN": 3.5513974721108466,
    "remaining": 7,
    "total": 7,
    "translations": []
  },
  "conversation": {
    "topic": "経済政策・物価高対策",
    "description": "",
    "link_url": null,
    "parent_url": null,
    "upvotes": 1,
    "participant_count": 185,
    "is_anon": false,
    "is_active": true,
    "is_draft": true,
    "is_public": true,
    "is_data_open": false,
    "profanity_filter": true,
    "spam_filter": true,
    "strict_moderation": false,
    "prioritize_seed": false,
    "vis_type": 1,
    "write_type": 1,
    "help_type": 1,
    "write_hint_type": 1,
    "style_btn": null,
    "socialbtn_type": 0,
    "subscribe_type": 1,
    "branding_type": 1,
    "bgcolor": null,
    "help_bgcolor": null,
    "help_color": null,
    "email_domain": null,
    "use_xid_whitelist": false,
    "owner": 72,
    "org_id": 72,
    "context": null,
    "course_id": null,
    "owner_sees_participation_stats": false,
    "auth_needed_to_vote": false,
    "auth_needed_to_write": true,
    "auth_opt_fb": true,
    "auth_opt_tw": true,
    "auth_opt_allow_3rdparty": true,
    "modified": "1729301573616",
    "created": "1728979601778",
    "site_id": "polis_site_id_wlE61IMj5fRdvFgrn7",
    "auth_opt_fb_computed": true,
    "auth_opt_tw_computed": true,
    "translations": [],
    "ownername": "admin",
    "is_mod": false,
    "is_owner": false,
    "conversation_id": "69rmeiumcr"
  },
  "votes": [],
  "pca": "{\"n\":185,\"pca\":{\"comps\":[[0.4346167739496694,0.42771759426252004,0.07689694370846166,0.6010137995922478,0.31816324448909944,0.3808271698637065,0.12156483314520193],[0.7019943887948892,0.32257681638093194,0.20504533295894822,-0.4876328647277826,-0.22922125600639973,-0.2606982852867792,0.0530348578441055]],\"center\":[-0.07547169811320767,-0.5217391304347825,-0.46875,-0.4025157232704403,-0.6075949367088612,-0.47741935483871056,-0.7547169811320757],\"comment-extremity\":[2.019584416879564,0.6778809234633393,0.30780292148144883,1.2234610395016385,0.40711749032906663,0.6380944010101166,0.08607125254010493],\"comment-projection\":[[-1.0631039070738117,-0.5412164453756526,-0.10808291324280882,-0.9500794942309092,-0.3303190564357915,-0.526538662583415,-0.0788904550330652],[-1.7171287953054553,-0.40817558188903563,-0.2882025717051505,0.7708475010145455,0.23797893160363176,0.3604462531436944,-0.03441738831605962]]},\"tids\":[0,1,2,3,4,5,6],\"mod-in\":[0,1,4,6,3,2,5],\"n-cmts\":7,\"in-conv\":[0,70,62,74,164,110,130,153,7,59,86,154,20,72,58,60,175,27,1,101,102,55,165,85,39,88,149,157,4,77,106,119,144,176,54,92,141,104,48,50,116,75,99,21,31,113,32,139,174,182,40,91,172,108,156,181,56,33,13,22,90,109,143,178,167,36,41,118,150,162,89,131,61,29,151,44,93,6,111,28,64,155,103,170,51,25,166,34,146,125,17,3,12,152,2,66,142,107,23,47,180,158,35,127,82,76,19,57,68,11,115,9,145,5,112,83,14,53,78,26,140,16,163,81,120,79,38,173,126,98,171,87,160,30,73,10,18,105,52,114,147,67,71,42,37,183,63,94,8,177,49,84],\"mod-out\":[],\"repness\":{\"0\":[{\"tid\":0,\"p-test\":3.1529631254723283,\"repness\":3.434343434343434,\"n-trials\":16,\"n-success\":14,\"p-success\":0.8333333333333333,\"repful-for\":\"disagree\",\"repness-test\":5.3325415},{\"tid\":3,\"p-test\":1.6977493752543311,\"repness\":3.971014492753623,\"n-trials\":16,\"n-success\":11,\"p-success\":0.6666666666666667,\"repful-for\":\"disagree\",\"repness-test\":4.9676223}],\"1\":[{\"tid\":0,\"p-test\":3.151354388633341,\"n-agree\":40,\"repness\":3.883349950149551,\"n-trials\":57,\"n-success\":40,\"p-success\":0.6949152542372881,\"best-agree\":true,\"repful-for\":\"agree\",\"repness-test\":6.485524},{\"tid\":1,\"p-test\":6.565321642986127,\"repness\":1.75728813559322,\"n-trials\":57,\"n-success\":53,\"p-success\":0.9152542372881356,\"repful-for\":\"agree\",\"repness-test\":5.2054715},{\"tid\":3,\"p-test\":5.858500994137073,\"repness\":1.82962962962963,\"n-trials\":58,\"n-success\":51,\"p-success\":0.8666666666666667,\"repful-for\":\"agree\",\"repness-test\":5.032278},{\"tid\":5,\"p-test\":4.464418717230568,\"repness\":1.663276836158192,\"n-trials\":57,\"n-success\":45,\"p-success\":0.7796610169491525,\"repful-for\":\"agree\",\"repness-test\":3.9045055},{\"tid\":4,\"p-test\":4.989644448669457,\"repness\":1.394673123486683,\"n-trials\":57,\"n-success\":47,\"p-success\":0.8135593220338982,\"repful-for\":\"agree\",\"repness-test\":3.0625913}],\"2\":[{\"tid\":3,\"p-test\":4.7142857142857135,\"n-agree\":40,\"repness\":1.5375,\"n-trials\":48,\"n-success\":40,\"p-success\":0.82,\"best-agree\":true,\"repful-for\":\"agree\",\"repness-test\":3.5735075},{\"tid\":0,\"p-test\":2.428571428571428,\"repness\":4.576,\"n-trials\":48,\"n-success\":32,\"p-success\":0.66,\"repful-for\":\"disagree\",\"repness-test\":6.543379}],\"3\":[{\"tid\":2,\"p-test\":2.5560386016907746,\"n-agree\":21,\"repness\":1.28564749883123,\"n-trials\":29,\"n-success\":21,\"p-success\":0.7096774193548387,\"best-agree\":true,\"repful-for\":\"agree\",\"repness-test\":1.7681692},{\"tid\":3,\"p-test\":2.9211869733608866,\"repness\":7.666666666666667,\"n-trials\":29,\"n-success\":22,\"p-success\":0.7419354838709677,\"repful-for\":\"disagree\",\"repness-test\":7.823095}]},\"consensus\":{\"agree\":[{\"tid\":6,\"p-test\":7.7475802674125305,\"n-trials\":159,\"n-success\":128,\"p-success\":0.8012422360248447},{\"tid\":4,\"p-test\":4.5203940385934205,\"n-trials\":158,\"n-success\":107,\"p-success\":0.675},{\"tid\":1,\"p-test\":4.0855058468556065,\"n-trials\":161,\"n-success\":106,\"p-success\":0.656441717791411},{\"tid\":3,\"p-test\":3.320391543176798,\"n-trials\":159,\"n-success\":100,\"p-success\":0.6273291925465839},{\"tid\":2,\"p-test\":2.4431422593412124,\"n-trials\":160,\"n-success\":95,\"p-success\":0.5925925925925926}],\"disagree\":[]},\"meta-tids\":[],\"votes-base\":{\"0\":{\"A\":[0,2,0,0,1,0,0,0,1,0,0,1,0,0,0,0,0,0,0,0,0,0,0,1,0,0,0,0,0,0,0,3,1,0,2,0,0,1,2,0,0,2,1,1,0,1,0,3,1,0,0,1,1,1,1,1,0,0,1,0,0,1,0,2,0,0,0,0,1,0,0,4,0,1,0,0,0,0,0,0,0,0,1,0,0,0,0,0,0,0,0,1,0,9,0,2,4,0],\"D\":[0,0,0,0,0,1,0,0,0,1,0,0,0,0,0,0,1,1,1,0,1,1,0,0,1,0,0,0,1,1,1,0,0,1,0,1,1,0,0,1,0,0,0,0,0,0,0,0,0,0,0,0,0,0,0,0,0,2,0,1,1,0,0,0,2,0,1,0,0,0,1,0,1,0,0,5,2,1,0,0,1,1,0,0,0,0,1,2,1,1,1,0,0,0,0,0,0,6],\"S\":[1,2,2,2,1,1,0,1,1,1,2,1,1,1,9,1,2,1,1,1,1,1,2,1,1,1,1,2,1,1,1,3,1,1,2,1,1,1,2,1,1,2,1,1,1,1,2,3,1,1,1,1,1,1,1,1,1,2,1,1,1,1,1,2,2,1,1,1,1,1,1,4,1,1,1,5,2,1,1,1,1,1,2,1,1,1,1,2,1,1,1,1,2,9,0,2,4,6]},\"1\":{\"A\":[0,2,0,0,1,0,0,0,1,0,2,1,0,1,9,1,1,0,0,1,1,1,1,1,0,0,0,2,0,1,0,3,1,1,2,1,0,1,2,1,1,1,0,1,1,1,2,3,1,1,0,1,1,1,0,1,0,2,0,1,1,1,0,0,2,0,0,0,1,1,0,4,1,1,0,0,2,1,0,0,1,1,0,0,0,0,0,2,1,1,0,0,2,9,1,1,4,6],\"D\":[0,0,0,0,0,1,0,1,0,1,0,0,0,0,0,0,0,1,1,0,0,0,0,0,0,0,0,0,1,0,1,0,0,0,0,0,1,0,0,0,0,0,0,0,0,0,0,0,0,0,0,0,0,0,0,0,0,0,0,0,0,0,0,0,0,0,1,0,0,0,0,0,0,0,1,5,0,0,0,0,0,0,1,1,0,0,1,0,0,0,1,1,0,0,0,0,0,0],\"S\":[1,2,2,2,1,1,1,1,1,1,2,1,1,1,9,1,2,1,1,1,1,1,2,1,1,1,1,2,1,1,1,3,1,1,2,1,1,1,2,1,1,2,1,1,1,1,2,3,1,1,1,1,1,1,1,1,1,2,1,1,1,1,1,2,2,1,1,1,1,1,1,4,1,1,1,5,2,1,1,1,1,1,2,1,1,1,1,2,1,1,1,1,2,9,1,1,4,6]},\"2\":{\"A\":[0,1,2,2,0,0,1,0,1,1,2,0,1,0,9,1,0,1,0,0,0,1,1,1,0,1,1,2,0,1,0,3,0,0,2,0,0,0,2,1,1,1,1,1,1,1,2,3,0,1,1,1,0,0,0,1,1,0,0,0,0,0,0,0,0,1,1,0,1,1,0,0,1,1,0,5,0,0,0,0,0,0,1,1,0,0,1,2,0,0,1,1,0,9,0,2,0,6],\"D\":[0,0,0,0,0,0,0,0,0,0,0,0,0,1,0,0,0,0,0,0,0,0,0,0,1,0,0,0,1,0,1,0,1,0,0,0,0,0,0,0,0,1,0,0,0,0,0,0,0,0,0,0,0,0,0,0,0,0,1,0,1,0,0,1,2,0,0,0,0,0,1,0,0,0,0,0,0,1,0,0,0,0,1,0,1,0,0,0,1,1,0,0,0,0,0,0,3,0],\"S\":[1,2,2,2,1,1,1,1,1,1,2,1,1,1,9,1,2,1,1,1,1,1,2,1,1,1,1,2,1,1,1,3,1,1,2,1,1,1,2,1,1,2,1,1,1,1,2,3,1,1,1,1,1,1,1,1,1,2,1,1,1,1,1,2,2,1,1,1,1,1,1,4,1,1,1,5,2,1,1,1,1,1,2,1,1,1,1,2,1,1,1,1,2,9,1,2,4,6]},\"3\":{\"A\":[0,2,2,0,0,0,0,0,1,1,2,0,0,1,9,1,1,0,1,1,0,0,0,1,0,0,1,0,0,0,0,3,0,0,2,0,0,0,0,1,0,2,1,1,0,