{
  "user": {},
  "ptpt": null,
  "nextComment": {
    "txt": "トリガー条項凍結又は二重課税廃止によるガソリン減税により、ガソリン代を引き下げる",
    "tid": 4,
    "created": "1728979603996",
    "tweet_id": null,
    "quote_src_url": null,
    "is_seed": true,
    "is_meta": false,
    "lang": null,
    "pid": 0,
    "randomN": 2.953238593862183,
    "remaining": 7,
    "total": 7,
    "translations": []
  },
  "conversation": {
    "topic": "経済政策・物価高対策",
    "description": "",
    "link_url": null,
    "parent_url": null,
    "upvotes": 1,
    "participant_count": 96,
    "is_anon": false,
    "is_active": true,
    "is_draft": true,
    "is_public": true,
    "is_data_open": false,
    "profanity_filter": true,
    "spam_filter": true,
    "strict_moderation": false,
    "prioritize_seed": false,
    "vis_type": 1,
    "write_type": 1,
    "help_type": 1,
    "write_hint_type": 1,
    "style_btn": null,
    "socialbtn_type": 0,
    "subscribe_type": 1,
    "branding_type": 1,
    "bgcolor": null,
    "help_bgcolor": null,
    "help_color": null,
    "email_domain": null,
    "use_xid_whitelist": false,
    "owner": 72,
    "org_id": 72,
    "context": null,
    "course_id": null,
    "owner_sees_participation_stats": false,
    "auth_needed_to_vote": false,
    "auth_needed_to_write": true,
    "auth_opt_fb": true,
    "auth_opt_tw": true,
    "auth_opt_allow_3rdparty": true,
    "modified": "1729277906384",
    "created": "1728979601778",
    "site_id": "polis_site_id_wlE61IMj5fRdvFgrn7",
    "auth_opt_fb_computed": true,
    "auth_opt_tw_computed": true,
    "translations": [],
    "ownername": "admin",
    "is_mod": false,
    "is_owner": false,
    "conversation_id": "69rmeiumcr"
  },
  "votes": [],
  "pca": "{\"n\":96,\"pca\":{\"comps\":[[0.49199828803454015,0.5100312609021215,-0.06368943140553371,0.4378162604238332,0.3623511682543998,0.3735693810984423,0.17667462828545152],[0.5038185501334841,0.3571214640314051,0.4565082823296293,-0.3763631019421678,-0.2389926230433651,-0.44846924153574946,0.10168577903316917]],\"center\":[-0.03529411764705881,-0.4269662921348313,-0.3563218390804597,-0.3999999999999998,-0.5454545454545455,-0.388235294117647,-0.6627906976744184],\"comment-extremity\":[1.7973762844307772,0.9439716630695143,0.7849689054667469,0.9165136666932481,0.5220174827332905,0.9447261919549728,0.1818672820517193],\"comment-projection\":[[-1.2557625821168392,-0.77326078357305,0.10846388749379716,-0.695011767013052,-0.43576867203402914,-0.604650910004343,-0.15762414829214422],[-1.2859322863935858,-0.54143352432798,-0.7774392372779981,0.5974579022398963,0.28741592988715847,0.7258821218329212,-0.09072120014668976]]},\"tids\":[0,1,2,3,4,5,6],\"mod-in\":[0,1,4,6,3,2,5],\"n-cmts\":7,\"in-conv\":[0,70,62,74,7,59,86,20,72,58,60,27,1,55,85,39,88,4,77,54,92,48,50,75,21,31,32,40,91,56,33,13,22,90,36,41,89,61,29,44,6,28,64,51,25,34,17,3,12,2,66,23,47,35,82,76,19,57,11,9,5,83,14,53,78,26,16,81,79,38,87,30,73,10,18,52,67,71,42,37,63,8,49,84],\"mod-out\":[],\"repness\":{\"0\":[{\"tid\":1,\"p-test\":4.618802153517005,\"n-agree\":39,\"repness\":2.585034013605442,\"n-trials\":47,\"n-success\":39,\"p-success\":0.8163265306122449,\"best-agree\":true,\"repful-for\":\"agree\",\"repness-test\":4.774169},{\"tid\":3,\"p-test\":4.7142857142857135,\"repness\":2.333846153846154,\"n-trials\":48,\"n-success\":40,\"p-success\":0.82,\"repful-for\":\"agree\",\"repness-test\":4.5013666},{\"tid\":4,\"p-test\":4.618802153517005,\"repness\":2.068027210884354,\"n-trials\":47,\"n-success\":39,\"p-success\":0.8163265306122449,\"repful-for\":\"agree\",\"repness-test\":4.0931683},{\"tid\":5,\"p-test\":2.8867513459481278,\"repness\":2.397031539888683,\"n-trials\":47,\"n-success\":33,\"p-success\":0.6938775510204082,\"repful-for\":\"agree\",\"repness-test\":3.7642164}],\"1\":[{\"tid\":2,\"p-test\":1.1507929111375013,\"n-agree\":21,\"repness\":1.315789473684211,\"n-trials\":36,\"n-success\":21,\"p-success\":0.5789473684210527,\"best-agree\":true,\"repful-for\":\"agree\",\"repness-test\":1.3375292}]},\"consensus\":{\"agree\":[{\"tid\":6,\"p-test\":4.610083899802517,\"n-trials\":86,\"n-success\":64,\"p-success\":0.7386363636363636},{\"tid\":4,\"p-test\":2.4379951240146274,\"n-trials\":88,\"n-success\":55,\"p-success\":0.6222222222222222},{\"tid\":3,\"p-test\":2.372321010475645,\"n-trials\":85,\"n-success\":53,\"p-success\":0.6206896551724138},{\"tid\":1,\"p-test\":1.686548085423136,\"n-trials\":89,\"n-success\":52,\"p-success\":0.5824175824175823}],\"disagree\":[]},\"meta-tids\":[],\"votes-base\":{\"0\":{\"A\":[0,2,0,1,0,0,0,0,1,0,0,0,0,1,1,0,0,0,0,1,0,0,0,0,0,1,0,3,0,0,1,0,0,0,0,1,0,0,0,0,0,1,0,1,0,1,1,2,0,0,0,0,0,3,0,1,0,0,1,0,0,1,1,0,1,1,1,0,0,0],\"D\":[0,0,0,0,0,0,0,0,0,1,0,0,0,0,0,1,1,1,0,0,0,1,0,0,0,0,0,0,1,0,0,0,0,1,1,0,1,0,1,1,0,0,1,0,1,0,0,0,1,0,0,0,1,0,0,0,0,1,0,1,1,0,0,1,0,0,0,3,1,1],\"S\":[1,2,4,1,1,1,2,2,1,1,0,0,1,1,1,1,1,1,1,1,1,1,1,1,1,1,1,3,1,1,1,1,2,1,1,1,1,1,1,1,1,1,1,1,1,1,1,2,1,1,1,1,1,3,1,1,1,1,1,1,1,1,1,1,1,1,1,3,1,1]},\"1\":{\"A\":[0,2,4,1,0,0,0,0,1,0,0,1,0,1,0,1,1,0,1,1,0,1,1,0,1,0,0,3,1,1,1,0,2,0,0,1,0,1,1,1,1,1,0,1,0,1,1,2,1,0,1,0,1,3,0,0,0,0,1,1,0,1,1,1,1,1,0,0,1,0],\"D\":[0,0,0,0,0,0,0,0,0,1,0,0,1,0,1,0,0,1,0,0,0,0,0,0,0,0,0,0,0,0,0,0,0,0,1,0,1,0,0,0,0,0,0,0,1,0,0,0,0,0,0,0,0,0,0,0,0,1,0,0,1,0,0,0,0,0,0,3,0,0],\"S\":[1,2,4,1,1,1,2,2,1,1,1,1,1,1,1,1,1,1,1,1,1,1,1,1,1,1,1,3,1,1,1,1,2,1,1,1,1,1,1,1,1,1,1,1,1,1,1,2,1,1,1,1,1,3,1,1,1,1,1,1,1,1,1,1,1,1,0,3,1,1]},\"2\":{\"A\":[0,2,4,1,0,0,2,2,0,0,1,0,0,1,0,0,0,1,1,0,0,0,0,1,0,0,0,3,0,1,1,0,2,0,1,0,0,0,0,1,0,1,0,1,1,0,1,0,1,1,1,1,0,0,1,1,0,0,0,1,0,1,0,0,0,1,1,3,0,0],\"D\":[0,0,0,0,0,0,0,0,0,0,0,0,0,0,1,0,0,0,0,0,0,0,0,0,1,1,0,0,1,0,0,0,0,0,0,0,0,0,0,0,0,0,1,0,0,1,0,2,0,0,0,0,0,0,0,0,1,1,0,0,1,0,1,0,0,0,0,0,0,1],\"S\":[1,2,4,1,1,1,2,2,1,1,1,1,1,1,1,1,1,1,1,1,1,1,1,1,1,1,1,3,1,1,1,1,2,1,1,1,1,1,1,1,1,1,1,1,1,1,1,2,1,1,1,1,1,3,1,1,1,1,1,1,1,1,1,1,1,1,1,3,1,1]},\"3\":{\"A\":[0,0,4,1,1,1,2,0,0,0,0,1,0,1,1,1,1,1,1,0,1,1,1,0,1,1,1,3,1,1,1,1,0,1,0,0,1,1,0,0,0,1,0,0,0,1,0,2,1,0,0,0,1,3,1,1,0,0,1,0,0,1,0,1,0,1,1,3,0,1],\"D\":[0,2,0,0,0,0,0,0,0,1,0,0,0,0,0,0,0,0,0,0,0,0,0,1,0,0,0,0,0,0,0,0,0,0,1,1,0,0,1,0,1,0,1,0,0,0,1,0,0,1,1,1,0,0,0,0,0,1,0,1,1,0,1,0,0,0,0,0,1,0],\"S\":[1,2,4,1,1,1,2,2,1,1,0,1,1,1,1,1,1,1,1,1,1,1,1,1,1,1,1,3,1,1,1,1,2,1,1,1,1,1,1,1,1,1,1,1,1,1,1,2,1,1,1,1,1,3,1,1,1,1,1,1,1,1,1,1,1,1,1,3,1,1]},\"4\":{\"A\":[0,0,4,0,1,0,0,0,0,1,0,1,0,0,1,1,1,0,0,1,1,1,1,0,1,1,1,3,1,1,1,0,0,0,0,1,0,1,1,1,1,1,1,1,1,1,1,2,1,1,1,0,0,3,0,0,1,1,1,1,0,0,1,0,1,1,0,3,1,0],\"D\":[0,2,0,0,0,0,0,0,0,0,0,0,0,0,0,0,0,1,0,0,0,0,0,0,0,0,0,0,0,0,0,0,0,0,1,0,1,0,0,0,0,0,0,0,0,0,0,0,0,0,0,0,0,0,0,1,0,0,0,0,1,0,0,0,0,0,0,0,0,0],\"S\":[1,2,4,1,1,1,2,2,1,1,1,1,1,1,1,1,1,1,1,1,1,1,1,1,1,1,1,3,1,1,1,1,2,1,1,1,1,1,1,1,1,1,1,1,1,1,1,2,1,1,1,1,1,3,1,1,1,1,1,1,1,1,1,1,1,1,0,3,1,1]},\"5\":{\"A\":[0,0,4,0,0,0,0,0,1,1,1,0,0,0,1,0,1,0,1,0,1,1,1,0,1,1,0,3,0,0,0,1,0,0,0,0,0,0,0,1,1,0,0,0,1,1,0,2,1,0,0,0,1,3,1,0,1,1,1,1,0,1,1,0,1,0,1,3,1,0],\"D\":[0,2,0,0,0,0,0,0,0,0,0,0,0,0,0,0,0,1,0,0,0,0,0,1,0,0,0,0,0,0,1,0,0,0,1,1,1,0,0,0,0,0,0,0,0,0,0,0,0,1,1,0,0,0,0,0,0,0,0,0,0,0,0,0,0,0,0,0,0,0],\"S\":[1,2,4,1,1,1,2,2,1,1,1,0,1,1,1,1,1,1,1,1,1,1,1,1,1,1,1,3,1,1,1,1,2,1,1,1,1,1,1,1,1,1,1,1,1,1,1,2,1,1,1,1,1,3,1,1,1,1,1,1,1,1,1,1,1,1,1,3,1,1]},\"6\":{\"A\":[0,2,4,0,0,0,2,2,1,1,0,1,1,1,1,1,1,0,1,0,0,0,1,1,1,0,1,3,0,1,1,1,2,0,0,1,0,1,1,1,0,0,1,1,1,0,1,2,1,1,1,0,1,3,1,1,1,1,0,0,1,1,1,1,1,1,1,3,0,1],\"D\":[0,0,0,0,0,0,0,0,0,0,0,0,0,0,0,0,0,1,0,0,0,0,0,0,0,0,0,0,1,0,0,0,0,0,1,0,1,0,0,0,1,0,0,0,0,1,0,0,0,0,0,0,0,0,0,0,0,0,0,0,0,0,0,0,0,0,0,0,0,0],\"S\":[1,2,4,1,1,1,2,2,1,1,1,1,1,1,1,1,1,1,1,1,1,1,1,1,1,1,1,3,1,1,1,1,2,1,1,1,1,1,1,1,1,1,1,1,1,1,1,2,1,1,1,1,1,3,1,1,1,1,1,1,1,1,1,1,1,1,1,3,1,1]}},\"group-votes\":{\"0\":{\"votes\":{\"0\":{\"A\":25,\"D\":7,\"S\":47},\"1\":{\"A\":39,\"D\":1,\"S\":47},\"2\":{\"A\":21,\"D\":9,\"S\":48},\"3\":{\"A\":40,\"D\":2,\"S\":48},\"4\":{\"A\":39,\"D\":0,\"S\":47},\"5\":{\"A\":33,\"D\":1,\"S\":47},\"6\":{\"A\":38,\"D\":2,\"S\":48}},\"n-members\":48,\"id\":0},