{
  "user": {},
  "ptpt": null,
  "nextComment": {
    "txt": "最低賃金を1500円以上に引き上げる",
    "tid": 2,
    "created": "1728979603198",
    "tweet_id": null,
    "quote_src_url": null,
    "is_seed": true,
    "is_meta": false,
    "lang": null,
    "pid": 0,
    "randomN": 1.4557174936534927,
    "remaining": 7,
    "total": 7,
    "translations": []
  },
  "conversation": {
    "topic": "経済政策・物価高対策",
    "description": "",
    "link_url": null,
    "parent_url": null,
    "upvotes": 1,
    "participant_count": 160,
    "is_anon": false,
    "is_active": true,
    "is_draft": true,
    "is_public": true,
    "is_data_open": false,
    "profanity_filter": true,
    "spam_filter": true,
    "strict_moderation": false,
    "prioritize_seed": false,
    "vis_type": 1,
    "write_type": 1,
    "help_type": 1,
    "write_hint_type": 1,
    "style_btn": null,
    "socialbtn_type": 0,
    "subscribe_type": 1,
    "branding_type": 1,
    "bgcolor": null,
    "help_bgcolor": null,
    "help_color": null,
    "email_domain": null,
    "use_xid_whitelist": false,
    "owner": 72,
    "org_id": 72,
    "context": null,
    "course_id": null,
    "owner_sees_participation_stats": false,
    "auth_needed_to_vote": false,
    "auth_needed_to_write": true,
    "auth_opt_fb": true,
    "auth_opt_tw": true,
    "auth_opt_allow_3rdparty": true,
    "modified": "1729297414575",
    "created": "1728979601778",
    "site_id": "polis_site_id_wlE61IMj5fRdvFgrn7",
    "auth_opt_fb_computed": true,
    "auth_opt_tw_computed": true,
    "translations": [],
    "ownername": "admin",
    "is_mod": false,
    "is_owner": false,
    "conversation_id": "69rmeiumcr"
  },
  "votes": [],
  "pca": "{\"n\":159,\"pca\":{\"comps\":[[0.35045000618723765,0.36316195532704937,0.03194375353372193,0.6417590521323845,0.37145939204406003,0.4273459848519218,0.10870341427902781],[0.6955847821514171,0.4427374013989849,0.24442341627377773,-0.4227444916114038,-0.17140810205231788,-0.20624091375596024,0.0988617250256125]],\"center\":[-0.06716417910447753,-0.5289855072463766,-0.44202898550724684,-0.35766423357664234,-0.598540145985401,-0.4552238805970153,-0.727941176470589],\"comment-extremity\":[1.9223149840565525,0.7136018930839639,0.3638991259595835,1.3060082739322265,0.43453086633845067,0.683931505989199,0.10576424915683708],\"comment-projection\":[[-0.8649286971385057,-0.452567784516637,-0.04715704739128264,-1.0906442855027783,-0.3945503981235809,-0.6159517729709828,-0.07824471640661451],[-1.7167391318411285,-0.5517336877794576,-0.36083068987474604,0.7184376480109933,0.18206333277562597,0.29726371836898746,-0.07116066858987473]]},\"tids\":[0,1,2,3,4,5,6],\"mod-in\":[0,1,4,6,3,2,5],\"n-cmts\":7,\"in-conv\":[0,70,62,74,110,130,153,7,59,86,154,20,72,58,60,27,1,101,102,55,85,39,88,149,157,4,77,106,119,144,54,92,141,104,48,50,116,75,99,21,31,113,32,139,40,91,108,156,56,33,13,22,90,109,143,36,41,118,150,89,131,61,29,151,44,93,6,111,28,64,155,103,51,25,34,146,125,17,3,12,152,2,66,142,107,23,47,158,35,127,82,76,19,57,11,115,9,145,5,112,83,14,53,78,26,140,16,81,120,79,38,126,98,87,30,73,10,18,105,52,114,147,67,71,42,37,63,94,8,49,84],\"mod-out\":[],\"repness\":{\"0\":[{\"tid\":2,\"p-test\":2.6678918753996634,\"n-agree\":13,\"repness\":1.467741935483871,\"n-trials\":16,\"n-success\":13,\"p-success\":0.7777777777777778,\"best-agree\":true,\"repful-for\":\"agree\",\"repness-test\":2.2490702},{\"tid\":3,\"p-test\":4.123105625617661,\"repness\":6.444444444444444,\"n-trials\":16,\"n-success\":16,\"p-success\":0.9444444444444444,\"repful-for\":\"disagree\",\"repness-test\":7.499565}],\"1\":[{\"tid\":3,\"p-test\":6.324555320336759,\"n-agree\":39,\"repness\":2.268292682926829,\"n-trials\":39,\"n-success\":39,\"p-success\":0.975609756097561,\"best-agree\":true,\"repful-for\":\"agree\",\"repness-test\":6.1077285},{\"tid\":5,\"p-test\":4.9639727679577,\"repness\":2.00609756097561,\"n-trials\":38,\"n-success\":34,\"p-success\":0.875,\"repful-for\":\"agree\",\"repness-test\":4.8425345},{\"tid\":4,\"p-test\":5.60448538317805,\"repness\":1.640566037735849,\"n-trials\":38,\"n-success\":36,\"p-success\":0.925,\"repful-for\":\"agree\",\"repness-test\":4.2633796},{\"tid\":1,\"p-test\":5.284229075567876,\"repness\":1.59622641509434,\"n-trials\":38,\"n-success\":35,\"p-success\":0.9,\"repful-for\":\"agree\",\"repness-test\":3.9503274},{\"tid\":0,\"p-test\":1.7614096918559579,\"repness\":2.325,\"n-trials\":38,\"n-success\":24,\"p-success\":0.625,\"repful-for\":\"agree\",\"repness-test\":3.9783025}],\"2\":[{\"tid\":0,\"p-test\":1.9639610121239315,\"n-agree\":14,\"repness\":2.162337662337662,\"n-trials\":20,\"n-success\":14,\"p-success\":0.6818181818181818,\"best-agree\":true,\"repful-for\":\"agree\",\"repness-test\":3.423917},{\"tid\":1,\"p-test\":3.273268353539885,\"repness\":1.290653008962868,\"n-trials\":20,\"n-success\":17,\"p-success\":0.8181818181818182,\"repful-for\":\"agree\",\"repness-test\":1.9502692}],\"3\":[{\"tid\":3,\"p-test\":4.217756949399825,\"n-agree\":31,\"repness\":1.623931623931624,\"n-trials\":37,\"n-success\":31,\"p-success\":0.8205128205128205,\"best-agree\":true,\"repful-for\":\"agree\",\"repness-test\":3.528875},{\"tid\":0,\"p-test\":1.946657053569151,\"repness\":4.017094017094017,\"n-trials\":37,\"n-success\":24,\"p-success\":0.641025641025641,\"repful-for\":\"disagree\",\"repness-test\":5.600526}],\"4\":[{\"tid\":0,\"p-test\":2.5235730725761796,\"repness\":3.39,\"n-trials\":18,\"n-success\":14,\"p-success\":0.75,\"repful-for\":\"disagree\",\"repness-test\":4.9554853}]},\"consensus\":{\"agree\":[{\"tid\":6,\"p-test\":6.749425495962413,\"n-trials\":136,\"n-success\":107,\"p-success\":0.782608695652174},{\"tid\":4,\"p-test\":4.256282653793743,\"n-trials\":137,\"n-success\":93,\"p-success\":0.6762589928057554},{\"tid\":1,\"p-test\":3.8168501835598687,\"n-trials\":138,\"n-success\":91,\"p-success\":0.6571428571428571},{\"tid\":3,\"p-test\":2.553769592276244,\"n-trials\":137,\"n-success\":83,\"p-success\":0.60431654676259},{\"tid\":2,\"p-test\":1.7811967523279382,\"n-trials\":138,\"n-success\":79,\"p-success\":0.5714285714285714}],\"disagree\":[]},\"meta-tids\":[],\"votes-base\":{\"0\":{\"A\":[0,1,0,0,0,1,0,0,0,0,1,0,0,0,1,0,0,0,0,1,0,0,0,0,0,0,0,0,0,0,0,1,0,0,0,0,0,0,0,0,0,0,1,1,0,1,0,0,1,0,0,2,0,0,1,1,1,0,1,0,3,1,0,0,1,1,1,1,1,0,0,0,0,1,0,0,0,1,0,1,0,0,0,0,3,0,1,3,1,0,0,8,1,1,1,0,0,1],\"D\":[0,0,0,0,0,0,1,0,0,0,0,1,1,0,0,1,0,0,0,0,0,1,0,0,0,1,1,0,1,1,0,0,1,1,0,1,0,0,0,1,1,1,0,0,1,0,1,1,0,4,1,0,1,0,0,0,0,0,0,0,0,0,0,0,0,0,0,0,0,1,0,0,1,0,1,1,1,0,0,0,4,1,1,0,0,1,0,0,0,0,0,0,0,0,0,1,1,0],\"S\":[1,1,1,2,2,1,1,0,0,1,1,1,1,1,1,1,2,1,1,1,1,1,1,1,1,1,1,1,1,1,1,1,1,1,1,1,1,2,1,1,1,1,1,1,1,1,1,1,1,4,1,2,1,1,1,1,1,1,1,2,3,1,1,1,1,1,1,1,1,1,1,1,1,1,1,1,1,1,1,1,4,1,1,1,3,1,1,3,1,1,1,8,1,1,1,1,1,9]},\"1\":{\"A\":[0,1,0,0,0,1,0,0,1,0,1,1,0,1,1,1,2,0,1,0,0,1,1,0,0,0,0,1,1,1,1,1,0,0,0,1,0,2,0,0,1,0,1,1,1,1,1,0,1,0,0,2,1,1,0,0,1,1,1,2,3,1,1,0,1,1,1,0,1,1,0,0,1,0,1,1,1,1,0,0,4,1,1,0,3,0,0,3,1,1,0,8,0,1,1,1,1,9],\"D\":[0,0,0,0,0,0,1,0,0,1,0,0,1,0,0,0,0,0,0,0,0,0,0,0,0,1,1,0,0,0,0,0,0,1,0,0,0,0,0,1,0,1,0,0,0,0,0,1,0,4,0,0,0,0,0,0,0,0,0,0,0,0,0,0,0,0,0,0,0,0,0,0,0,0,0,0,0,0,0,0,0,0,0,0,0,1,1,0,0,0,1,0,0,0,0,0,0,0],\"S\":[1,1,1,2,2,1,1,1,1,1,1,1,1,1,1,1,2,1,1,1,1,1,1,1,1,1,1,1,1,1,1,1,1,1,1,1,1,2,1,1,1,1,1,1,1,1,1,1,1,4,1,2,1,1,1,1,1,1,1,2,3,1,1,1,1,1,1,1,1,1,1,1,1,1,1,1,1,1,1,1,4,1,1,1,3,1,1,3,1,1,1,8,0,1,1,1,1,9]},\"2\":{\"A\":[0,1,0,2,2,0,0,1,0,0,1,0,1,1,0,0,0,1,0,0,0,0,1,0,0,1,0,0,0,1,0,1,0,1,1,0,1,2,0,0,1,0,1,0,0,1,0,0,0,4,0,2,1,1,1,1,1,1,1,2,3,0,1,1,1,0,0,0,1,0,1,0,0,0,0,1,0,0,0,0,4,0,1,1,0,1,0,0,1,1,0,8,1,1,0,0,1,8],\"D\":[0,0,0,0,0,0,0,0,0,0,0,0,0,0,0,0,0,0,1,1,0,1,0,0,0,0,0,0,0,0,0,0,1,0,0,0,0,0,1,1,0,1,0,1,0,0,0,0,0,0,1,0,0,0,0,0,0,0,0,0,0,0,0,0,0,0,0,0,0,1,0,0,0,1,0,0,1,0,0,0,0,1,0,0,3,0,1,0,0,0,0,0,0,0,0,0,0,1],\"S\":[1,1,1,2,2,1,1,1,1,1,1,1,1,1,1,1,2,1,1,1,1,1,1,1,1,1,1,1,1,1,1,1,1,1,1,1,1,2,1,1,1,1,1,1,1,1,1,1,1,4,1,2,1,1,1,1,1,1,1,2,3,1,1,1,1,1,1,1,1,1,1,1,1,1,1,1,1,1,1,1,4,1,1,1,3,1,1,3,1,1,1,8,1,1,1,1,1,9]},