{
  "user": {},
  "ptpt": null,
  "nextComment": {
    "txt": "物価高対策として、消費税を引き下げる、又は廃止する",
    "tid": 3,
    "created": "1728979603584",
    "tweet_id": null,
    "quote_src_url": null,
    "is_seed": true,
    "is_meta": false,
    "lang": null,
    "pid": 0,
    "randomN": 2.189162783065621,
    "remaining": 7,
    "total": 7,
    "translations": []
  },
  "conversation": {
    "topic": "経済政策・物価高対策",
    "description": "",
    "link_url": null,
    "parent_url": null,
    "upvotes": 1,
    "participant_count": 92,
    "is_anon": false,
    "is_active": true,
    "is_draft": true,
    "is_public": true,
    "is_data_open": false,
    "profanity_filter": true,
    "spam_filter": true,
    "strict_moderation": false,
    "prioritize_seed": false,
    "vis_type": 1,
    "write_type": 1,
    "help_type": 1,
    "write_hint_type": 1,
    "style_btn": null,
    "socialbtn_type": 0,
    "subscribe_type": 1,
    "branding_type": 1,
    "bgcolor": null,
    "help_bgcolor": null,
    "help_color": null,
    "email_domain": null,
    "use_xid_whitelist": false,
    "owner": 72,
    "org_id": 72,
    "context": null,
    "course_id": null,
    "owner_sees_participation_stats": false,
    "auth_needed_to_vote": false,
    "auth_needed_to_write": true,
    "auth_opt_fb": true,
    "auth_opt_tw": true,
    "auth_opt_allow_3rdparty": true,
    "modified": "1729273760674",
    "created": "1728979601778",
    "site_id": "polis_site_id_wlE61IMj5fRdvFgrn7",
    "auth_opt_fb_computed": true,
    "auth_opt_tw_computed": true,
    "translations": [],
    "ownername": "admin",
    "is_mod": false,
    "is_owner": false,
    "conversation_id": "69rmeiumcr"
  },
  "votes": [],
  "pca": "{\"n\":92,\"pca\":{\"comps\":[[0.48580995536015364,0.5014594823597445,-0.06973670413755567,0.43426740774832423,0.3724197298659105,0.387646221265296,0.1735212881273759],[0.5177415444187203,0.36746751987368265,0.4326234899390525,-0.408750758689669,-0.2111855132845083,-0.43252032876255153,0.10487083689124653]],\"center\":[-0.0476190476190476,-0.430232558139535,-0.35294117647058815,-0.4166666666666665,-0.5465116279069766,-0.38554216867469887,-0.6705882352941177],\"comment-extremity\":[1.7889743794808337,0.9371692313691671,0.7501932145181192,0.9204211743797401,0.5136785186464676,0.9442287731753013,0.17670499094775335],\"comment-projection\":[[-1.2241260250689114,-0.7559315937448159,0.11938622002434562,-0.670228745318271,-0.44683569248608246,-0.6301974747618849,-0.15123102253761644],[-1.3045860666080338,-0.5539436738545699,-0.7406326954552623,0.6308474991594055,0.2533840650856177,0.7031494285682653,-0.09139929785327973]]},\"tids\":[0,1,2,3,4,5,6],\"mod-in\":[0,1,4,6,3,2,5],\"n-cmts\":7,\"in-conv\":[0,70,62,74,7,59,86,20,72,58,60,27,1,55,85,39,88,4,77,54,48,50,75,21,31,32,40,91,56,33,13,22,90,36,41,89,61,29,44,6,28,64,51,25,34,17,3,12,2,66,23,47,35,82,76,19,57,11,9,5,83,14,53,78,26,16,81,79,38,87,30,73,10,18,52,67,71,42,37,63,8,49,84],\"mod-out\":[],\"repness\":{\"0\":[{\"tid\":1,\"p-test\":4.618802153517005,\"n-agree\":39,\"repness\":2.74582560296846,\"n-trials\":47,\"n-success\":39,\"p-success\":0.8163265306122449,\"best-agree\":true,\"repful-for\":\"agree\",\"repness-test\":4.9014044},{\"tid\":3,\"p-test\":4.7142857142857135,\"repness\":2.270769230769231,\"n-trials\":48,\"n-success\":40,\"p-success\":0.82,\"repful-for\":\"agree\",\"repness-test\":4.387862},{\"tid\":4,\"p-test\":4.618802153517005,\"repness\":2.157434402332362,\"n-trials\":47,\"n-success\":39,\"p-success\":0.8163265306122449,\"repful-for\":\"agree\",\"repness-test\":4.2069902},{\"tid\":5,\"p-test\":2.8867513459481278,\"repness\":2.56734693877551,\"n-trials\":47,\"n-success\":33,\"p-success\":0.6938775510204082,\"repful-for\":\"agree\",\"repness-test\":3.9100685}],\"1\":[{\"tid\":2,\"p-test\":1.3333333333333326,\"n-agree\":21,\"repness\":1.351351351351351,\"n-trials\":35,\"n-success\":21,\"p-success\":0.5945945945945946,\"best-agree\":true,\"repful-for\":\"agree\",\"repness-test\":1.478114}]},\"consensus\":{\"agree\":[{\"tid\":6,\"p-test\":4.74464202095129,\"n-trials\":85,\"n-success\":64,\"p-success\":0.7471264367816092},{\"tid\":3,\"p-test\":2.4947002649145453,\"n-trials\":84,\"n-success\":53,\"p-success\":0.627906976744186},{\"tid\":4,\"p-test\":2.4658588301269284,\"n-trials\":86,\"n-success\":54,\"p-success\":0.625},{\"tid\":1,\"p-test\":1.6081688022566913,\"n-trials\":86,\"n-success\":50,\"p-success\":0.5795454545454545}],\"disagree\":[]},\"meta-tids\":[],\"votes-base\":{\"0\":{\"A\":[0,2,0,1,0,0,0,0,1,0,0,0,0,1,1,0,0,0,0,1,0,0,0,0,0,1,0,3,0,0,1,0,0,0,0,1,0,0,0,0,0,1,0,1,0,1,1,2,0,0,0,0,0,3,0,1,0,0,1,0,0,1,1,0,0,1,1,1,0],\"D\":[0,0,0,0,0,0,0,0,0,1,0,0,0,0,0,1,1,1,0,0,0,1,0,0,0,0,0,0,1,0,0,0,0,1,1,0,1,0,1,1,0,0,1,0,1,0,0,0,1,0,0,0,1,0,0,0,0,1,0,1,1,0,0,3,1,0,0,0,1],\"S\":[1,2,4,1,1,1,2,2,1,1,0,0,1,1,1,1,1,1,1,1,1,1,1,1,1,1,1,3,1,1,1,1,2,1,1,1,1,1,1,1,1,1,1,1,1,1,1,2,1,1,1,1,1,3,1,1,1,1,1,1,1,1,1,3,1,1,1,1,1]},\"1\":{\"A\":[0,2,4,1,0,0,0,0,1,0,0,1,0,1,0,1,1,0,1,1,0,1,1,0,1,0,0,3,1,1,1,0,2,0,0,1,0,1,1,1,1,1,0,1,0,1,1,2,1,0,1,0,1,3,0,0,0,0,1,1,0,1,1,0,1,1,1,0,0],\"D\":[0,0,0,0,0,0,0,0,0,1,0,0,1,0,1,0,0,1,0,0,0,0,0,0,0,0,0,0,0,0,0,0,0,0,1,0,1,0,0,0,0,0,0,0,1,0,0,0,0,0,0,0,0,0,0,0,0,1,0,0,1,0,0,3,0,0,0,0,0],\"S\":[1,2,4,1,1,1,2,2,1,1,1,1,1,1,1,1,1,1,1,1,1,1,1,1,1,1,1,3,1,1,1,1,2,1,1,1,1,1,1,1,1,1,1,1,1,1,1,2,1,1,1,1,1,3,1,1,1,1,1,1,1,1,1,3,1,1,1,0,1]},\"2\":{\"A\":[0,2,4,1,0,0,2,2,0,0,1,0,0,1,0,0,0,1,1,0,0,0,0,1,0,0,0,3,0,1,1,0,2,0,1,0,0,0,0,1,0,1,0,1,1,0,1,0,1,1,1,1,0,0,1,1,0,0,0,1,0,1,0,3,0,0,1,1,0],\"D\":[0,0,0,0,0,0,0,0,0,0,0,0,0,0,1,0,0,0,0,0,0,0,0,0,1,1,0,0,1,0,0,0,0,0,0,0,0,0,0,0,0,0,1,0,0,1,0,2,0,0,0,0,0,0,0,0,1,1,0,0,1,0,1,0,0,0,0,0,1],\"S\":[1,2,4,1,1,1,2,2,1,1,1,1,1,1,1,1,1,1,1,1,1,1,1,1,1,1,1,3,1,1,1,1,2,1,1,1,1,1,1,1,1,1,1,1,1,1,1,2,1,1,1,1,1,3,1,1,1,1,1,1,1,1,1,3,1,1,1,1,1]},\"3\":{\"A\":[0,0,4,1,1,1,2,0,0,0,0,1,0,1,1,1,1,1,1,0,1,1,1,0,1,1,1,3,1,1,1,1,0,1,0,0,1,1,0,0,0,1,0,0,0,1,0,2,1,0,0,0,1,3,1,1,0,0,1,0,0,1,0,3,1,0,1,1,1],\"D\":[0,2,0,0,0,0,0,0,0,1,0,0,0,0,0,0,0,0,0,0,0,0,0,1,0,0,0,0,0,0,0,0,0,0,1,1,0,0,1,0,1,0,1,0,0,0,1,0,0,1,1,1,0,0,0,0,0,1,0,1,1,0,1,0,0,0,0,0,0],\"S\":[1,2,4,1,1,1,2,2,1,1,0,1,1,1,1,1,1,1,1,1,1,1,1,1,1,1,1,3,1,1,1,1,2,1,1,1,1,1,1,1,1,1,1,1,1,1,1,2,1,1,1,1,1,3,1,1,1,1,1,1,1,1,1,3,1,1,1,1,1]},\"4\":{\"A\":[0,0,4,0,1,0,0,0,0,1,0,1,0,0,1,1,1,0,0,1,1,1,1,0,1,1,1,3,1,1,1,0,0,0,0,1,0,1,1,1,1,1,1,1,1,1,1,2,1,1,1,0,0,3,0,0,1,1,1,1,0,0,1,3,0,1,1,0,0],\"D\":[0,2,0,0,0,0,0,0,0,0,0,0,0,0,0,0,0,1,0,0,0,0,0,0,0,0,0,0,0,0,0,0,0,0,1,0,1,0,0,0,0,0,0,0,0,0,0,0,0,0,0,0,0,0,0,1,0,0,0,0,1,0,0,0,0,0,0,0,0],\"S\":[1,2,4,1,1,1,2,2,1,1,1,1,1,1,1,1,1,1,1,1,1,1,1,1,1,1,1,3,1,1,1,1,2,1,1,1,1,1,1,1,1,1,1,1,1,1,1,2,1,1,1,1,1,3,1,1,1,1,1,1,1,1,1,3,1,1,1,0,1]},\"5\":{\"A\":[0,0,4,0,0,0,0,0,1,1,1,0,0,0,1,0,1,0,1,0,1,1,1,0,1,1,0,3,0,0,0,1,0,0,0,0,0,0,0,1,1,0,0,0,1,1,0,2,1,0,0,0,1,3,1,0,1,1,1,1,0,1,1,3,0,1,0,1,0],\"D\":[0,2,0,0,0,0,0,0,0,0,0,0,0,0,0,0,0,1,0,0,0,0,0,1,0,0,0,0,0,0,1,0,0,0,1,1,1,0,0,0,0,0,0,0,0,0,0,0,0,1,1,0,0,0,0,0,0,0,0,0,0,0,0,0,0,0,0,0,0],\"S\":[1,2,4,1,1,1,2,2,1,1,1,0,1,1,1,1,1,1,1,1,1,1,1,1,1,1,1,3,1,1,1,1,2,1,1,1,1,1,1,1,1,1,1,1,1,1,1,2,1,1,1,1,1,3,1,1,1,1,1,1,1,1,1,3,1,1,1,1,1]},\"6\":{\"A\":[0,2,4,0,0,0,2,2,1,1,0,1,1,1,1,1,1,0,1,0,0,0,1,1,1,0,1,3,0,1,1,1,2,0,0,1,0,1,1,1,0,0,1,1,1,0,1,2,1,1,1,0,1,3,1,1,1,1,0,0,1,1,1,3,1,1,1,1,1],\"D\":[0,0,0,0,0,0,0,0,0,0,0,0,0,0,0,0,0,1,0,0,0,0,0,0,0,0,0,0,1,0,0,0,0,0,1,0,1,0,0,0,1,0,0,0,0,1,0,0,0,0,0,0,0,0,0,0,0,0,0,0,0,0,0,0,0,0,0,0,0],\"S\":[1,2,4,1,1,1,2,2,1,1,1,1,1,1,1,1,1,1,1,1,1,1,1,1,1,1,1,3,1,1,1,1,2,1,1,1,1,1,1,1,1,1,1,1,1,1,1,2,1,1,1,1,1,3,1,1,1,1,1,1,1,1,1,3,1,1,1,1,1]}},\"group-votes\":{\"0\":{\"votes\":{\"0\":{\"A\":25,\"D\":7,\"S\":47},\"1\":{\"A\":39,\"D\":1,\"S\":47},\"2\":{\"A\":21,\"D\":9,\"S\":48},\"3\":{\"A\":40,\"D\":2,\"S\":48},\"4\":{\"A\":39,\"D\":0,\"S\":47},\"5\":{\"A\":33,\"D\":1,\"S\":47},\"6\":{\"A\":38,\"D\":2,\"S\":48}},\"n-members\":48,\"id\":0},\"1\":{\"votes\":{\"0\":{\"A\":4,\"D\":16,\"S\":34},\"1\":{\"A\":10,\"D\":11,\"S\":35},