{
  "user": {},
  "ptpt": null,
  "nextComment": {
    "txt": "物価高対策として、消費税を引き下げる、又は廃止する",
    "tid": 3,
    "created": "1728979603584",
    "tweet_id": null,
    "quote_src_url": null,
    "is_seed": true,
    "is_meta": false,
    "lang": null,
    "pid": 0,
    "randomN": 2.4009273831887867,
    "remaining": 7,
    "total": 7,
    "translations": []
  },
  "conversation": {
    "topic": "経済政策・物価高対策",
    "description": "",
    "link_url": null,
    "parent_url": null,
    "upvotes": 1,
    "participant_count": 86,
    "is_anon": false,
    "is_active": true,
    "is_draft": true,
    "is_public": true,
    "is_data_open": false,
    "profanity_filter": true,
    "spam_filter": true,
    "strict_moderation": false,
    "prioritize_seed": false,
    "vis_type": 1,
    "write_type": 1,
    "help_type": 1,
    "write_hint_type": 1,
    "style_btn": null,
    "socialbtn_type": 0,
    "subscribe_type": 1,
    "branding_type": 1,
    "bgcolor": null,
    "help_bgcolor": null,
    "help_color": null,
    "email_domain": null,
    "use_xid_whitelist": false,
    "owner": 72,
    "org_id": 72,
    "context": null,
    "course_id": null,
    "owner_sees_participation_stats": false,
    "auth_needed_to_vote": false,
    "auth_needed_to_write": true,
    "auth_opt_fb": true,
    "auth_opt_tw": true,
    "auth_opt_allow_3rdparty": true,
    "modified": "1729271044573",
    "created": "1728979601778",
    "site_id": "polis_site_id_wlE61IMj5fRdvFgrn7",
    "auth_opt_fb_computed": true,
    "auth_opt_tw_computed": true,
    "translations": [],
    "ownername": "admin",
    "is_mod": false,
    "is_owner": false,
    "conversation_id": "69rmeiumcr"
  },
  "votes": [],
  "pca": "{\"n\":86,\"pca\":{\"comps\":[[0.4219224198850588,0.4707925985042021,-0.16029728926474898,0.4419894360725067,0.3715906495048443,0.4541050937662962,0.18706916170964524],[0.5782127625451974,0.42566338709507445,0.38696575818165113,-0.3655711752308209,-0.1865366669994488,-0.38675378696039586,0.1293115620831571]],\"center\":[-0.06410256410256408,-0.4125000000000001,-0.3670886075949367,-0.4615384615384614,-0.5625,-0.3896103896103896,-0.6582278481012656],\"comment-extremity\":[1.7723929891913002,0.986553141714137,0.7013800667392698,0.8171459655209549,0.48127560749484605,0.963280962861332,0.20563622921021268],\"comment-projection\":[[-1.0447439881695648,-0.7317900791550487,0.26842200204576555,-0.6296737622891336,-0.4301221960467182,-0.7333520768582403,-0.16915618931686457],[-1.431742612105271,-0.6616421853814051,-0.6479842797760803,0.5208056086985058,0.21591921368299213,0.6245838172565475,-0.11692921952870548]]},\"tids\":[0,1,2,3,4,5,6],\"mod-in\":[0,1,4,6,3,2,5],\"n-cmts\":7,\"in-conv\":[0,70,62,74,7,59,20,72,58,60,27,1,55,85,39,4,77,54,48,50,75,21,31,32,40,56,33,13,22,36,41,61,29,44,6,28,64,51,25,34,17,3,12,2,66,23,47,35,82,76,19,57,11,9,5,83,14,53,78,26,16,81,79,38,30,73,10,18,52,67,71,42,37,63,8,49,84],\"mod-out\":[],\"repness\":{\"0\":[{\"tid\":3,\"p-test\":5.181036310903637,\"n-agree\":43,\"repness\":2.961538461538462,\"n-trials\":50,\"n-success\":43,\"p-success\":0.8461538461538461,\"best-agree\":true,\"repful-for\":\"agree\",\"repness-test\":5.048782},{\"tid\":5,\"p-test\":3.394112549695428,\"repness\":4.207843137254902,\"n-trials\":49,\"n-success\":36,\"p-success\":0.7254901960784313,\"repful-for\":\"agree\",\"repness-test\":4.7712255},{\"tid\":4,\"p-test\":4.525483399593903,\"repness\":2.331372549019608,\"n-trials\":49,\"n-success\":40,\"p-success\":0.803921568627451,\"repful-for\":\"agree\",\"repness-test\":4.121842},{\"tid\":1,\"p-test\":3.6769552621700474,\"repness\":2.700980392156863,\"n-trials\":49,\"n-success\":37,\"p-success\":0.7450980392156863,\"repful-for\":\"agree\",\"repness-test\":4.0850506}],\"1\":[{\"tid\":2,\"p-test\":1.5118578920369095,\"n-agree\":17,\"repness\":1.403298350824588,\"n-trials\":27,\"n-success\":17,\"p-success\":0.6206896551724138,\"best-agree\":true,\"repful-for\":\"agree\",\"repness-test\":1.6327372}]},\"consensus\":{\"agree\":[{\"tid\":6,\"p-test\":4.47213595499958,\"n-trials\":79,\"n-success\":59,\"p-success\":0.7407407407407407},{\"tid\":3,\"p-test\":2.812719752315059,\"n-trials\":78,\"n-success\":51,\"p-success\":0.65},{\"tid\":4,\"p-test\":2.555555555555555,\"n-trials\":80,\"n-success\":51,\"p-success\":0.6341463414634146}],\"disagree\":[]},\"meta-tids\":[],\"votes-base\":{\"0\":{\"A\":[0,2,0,1,0,0,0,0,1,0,0,0,0,1,1,0,0,0,0,1,0,0,0,0,0,1,0,1,0,0,1,0,0,0,0,1,0,0,0,0,0,1,0,1,0,3,1,1,2,0,0,0,0,0,1,0,3,0,1,1,1,0,0,0],\"D\":[0,0,0,0,0,0,0,0,0,1,0,0,0,0,0,1,1,1,0,0,0,1,0,0,0,0,0,0,1,0,0,0,0,1,1,0,1,0,1,1,0,0,1,0,1,0,0,0,0,1,0,0,0,1,0,0,0,3,0,0,0,0,1,1],\"S\":[1,2,4,1,1,1,2,2,1,1,0,0,1,1,1,1,1,1,1,1,1,1,1,1,1,1,1,1,1,1,1,1,1,1,1,1,1,1,1,1,1,1,1,1,1,3,1,1,2,1,1,1,1,1,1,1,3,3,1,1,1,1,1,1]},\"1\":{\"A\":[0,2,4,1,0,0,0,0,1,0,0,1,0,1,0,1,1,0,1,1,0,1,1,0,1,0,0,1,1,1,1,0,1,0,0,1,0,1,1,1,1,1,0,1,0,3,1,1,2,1,0,1,0,1,1,0,3,0,0,0,1,0,0,0],\"D\":[0,0,0,0,0,0,0,0,0,1,0,0,1,0,1,0,0,1,0,0,0,0,0,0,0,0,0,0,0,0,0,0,0,0,1,0,1,0,0,0,0,0,0,0,1,0,0,0,0,0,0,0,0,0,0,0,0,3,0,0,0,0,0,1],\"S\":[1,2,4,1,1,1,2,2,1,1,1,1,1,1,1,1,1,1,1,1,1,1,1,1,1,1,1,1,1,1,1,1,1,1,1,1,1,1,1,1,1,1,1,1,1,3,1,1,2,1,1,1,1,1,1,1,3,3,1,0,1,1,1,1]},\"2\":{\"A\":[0,2,4,1,0,0,2,2,0,0,1,0,0,1,0,0,0,1,1,0,0,0,0,1,0,0,0,1,0,1,1,0,1,0,1,0,0,0,0,1,0,1,0,1,1,0,0,1,0,1,1,1,1,0,0,1,3,3,1,1,0,0,0,0],\"D\":[0,0,0,0,0,0,0,0,0,0,0,0,0,0,1,0,0,0,0,0,0,0,0,0,1,1,0,0,1,0,0,0,0,0,0,0,0,0,0,0,0,0,1,0,0,0,1,0,2,0,0,0,0,0,0,0,0,0,0,0,0,1,1,1],\"S\":[1,2,4,1,1,1,2,2,1,1,1,1,1,1,1,1,1,1,1,1,1,1,1,1,1,1,1,1,1,1,1,1,1,1,1,1,1,1,1,1,1,1,1,1,1,3,1,1,2,1,1,1,1,1,1,1,3,3,1,1,1,1,1,1]},\"3\":{\"A\":[0,0,4,1,1,1,2,0,0,0,0,1,0,1,1,1,1,1,1,0,1,1,1,0,1,1,1,1,1,1,1,1,0,1,0,0,1,1,0,0,0,1,0,0,0,3,1,0,2,1,0,0,0,1,1,1,3,3,1,1,0,0,1,0],\"D\":[0,2,0,0,0,0,0,0,0,1,0,0,0,0,0,0,0,0,0,0,0,0,0,1,0,0,0,0,0,0,0,0,0,0,1,1,0,0,1,0,1,0,1,0,0,0,0,1,0,0,1,1,1,0,0,0,0,0,0,0,0,0,0,1],\"S\":[1,2,4,1,1,1,2,2,1,1,0,1,1,1,1,1,1,1,1,1,1,1,1,1,1,1,1,1,1,1,1,1,1,1,1,1,1,1,1,1,1,1,1,1,1,3,1,1,2,1,1,1,1,1,1,1,3,3,1,1,1,1,1,1]},\"4\":{\"A\":[0,0,4,0,1,0,0,0,0,1,0,1,0,0,1,1,1,0,0,1,1,1,1,0,1,1,1,0,1,1,1,0,0,0,0,1,0,1,1,1,1,1,1,1,1,3,1,1,2,1,1,1,0,0,1,0,3,3,0,0,1,1,0,1],\"D\":[0,2,0,0,0,0,0,0,0,0,0,0,0,0,0,0,0,1,0,0,0,0,0,0,0,0,0,0,0,0,0,0,0,0,1,0,1,0,0,0,0,0,0,0,0,0,0,0,0,0,0,0,0,0,0,0,0,0,1,0,0,0,0,0],\"S\":[1,2,4,1,1,1,2,2,1,1,1,1,1,1,1,1,1,1,1,1,1,1,1,1,1,1,1,1,1,1,1,1,1,1,1,1,1,1,1,1,1,1,1,1,1,3,1,1,2,1,1,1,1,1,1,1,3,3,1,0,1,1,1,1]},\"5\":{\"A\":[0,0,4,0,0,0,0,0,1,1,1,0,0,0,1,0,1,0,1,0,1,1,1,0,1,1,0,1,0,0,0,1,0,0,0,0,0,0,0,1,1,0,0,0,1,3,1,0,2,1,0,0,0,1,1,1,3,3,0,1,1,1,0,1],\"D\":[0,2,0,0,0,0,0,0,0,0,0,0,0,0,0,0,0,1,0,0,0,0,0,1,0,0,0,0,0,0,1,0,0,0,1,1,1,0,0,0,0,0,0,0,0,0,0,0,0,0,1,1,0,0,0,0,0,0,0,0,0,0,0,0],\"S\":[1,2,4,1,1,1,2,2,1,1,1,0,1,1,1,1,1,1,1,1,1,1,1,1,1,1,1,1,1,1,1,1,1,1,1,1,1,1,1,1,1,1,1,1,1,3,1,1,2,1,1,1,1,1,1,1,3,3,1,1,1,1,1,1]},\"6\":{\"A\":[0,2,4,0,0,0,2,2,1,1,0,1,1,1,1,1,1,0,1,0,0,0,1,1,1,0,1,1,0,1,1,1,1,0,0,1,0,1,1,1,0,0,1,1,1,3,0,1,2,1,1,1,0,1,0,1,3,3,1,1,1,1,1,1],\"D\":[0,0,0,0,0,0,0,0,0,0,0,0,0,0,0,0,0,1,0,0,0,0,0,0,0,0,0,0,1,0,0,0,0,0,1,0,1,0,0,0,1,0,0,0,0,0,1,0,0,0,0,0,0,0,0,0,0,0,0,0,0,0,0,0],\"S\":[1,2,4,1,1,1,2,2,1,1,1,1,1,1,1,1,1,1,1,1,1,1,1,1,1,1,1,1,1,1,1,1,1,1,1,1,1,1,1,1,1,1,1,1,1,3,1,1,2,1,1,1,1,1,1,1,3,3,1,1,1,1,1,1]}},\"group-votes\":{\"0\":{\"votes\":{\"0\":{\"A\":22,\"D\":11,\"S\":49},\"1\":{\"A\":37,\"D\":4,\"S\":49},\"2\":{\"A\":22,\"D\":9,\"S\":50},\"3\":{\"A\":43,\"D\":1,\"S\":50},\"4\":{\"A\":40,\"D\":0,\"S\":49},\"5\":{\"A\":36,\"D\":1,\"S\":49},\"6\":{\"A\":39,\"D\":3,\"S\":50}},\"n-members\":50,\"id\":0},\"1\":{\"votes\":{\"0\":{\"A\":5,\"D\":9,\"S\":26},\"1\":{\"A\":7,\"D\":7,\"S\":27},\"2\":{\"A\":17,\"D\":2,\"S\":27},\"3\":{\"A\":7,\"D\":13,\"S\":26},\"4\":{\"A\":9,\"D\":6,\"S\":27},\"5\":{\"A\":4,\"D\":9,\"S\":27},\"6\":{\"A\":19,\"D\":3,\"S\":27}},\"n-members\":27,\"id\":1}},\"base-clusters\":{\"x\":[0.8754780060847632,1.2236762945942532,-0.8897716442079823,-0.2989291591122553,0.06189792050741229,0.43348857001225655,