{
  "user": {},
  "ptpt": null,
  "nextComment": {
    "txt": "物価高対策として、消費税を引き下げる、又は廃止する",
    "tid": 3,
    "created": "1728979603584",
    "tweet_id": null,
    "quote_src_url": null,
    "is_seed": true,
    "is_meta": false,
    "lang": null,
    "pid": 0,
    "randomN": 1.9533140698073241,
    "remaining": 7,
    "total": 7,
    "translations": []
  },
  "conversation": {
    "topic": "経済政策・物価高対策",
    "description": "",
    "link_url": null,
    "parent_url": null,
    "upvotes": 1,
    "participant_count": 79,
    "is_anon": false,
    "is_active": true,
    "is_draft": true,
    "is_public": true,
    "is_data_open": false,
    "profanity_filter": true,
    "spam_filter": true,
    "strict_moderation": false,
    "prioritize_seed": false,
    "vis_type": 1,
    "write_type": 1,
    "help_type": 1,
    "write_hint_type": 1,
    "style_btn": null,
    "socialbtn_type": 0,
    "subscribe_type": 1,
    "branding_type": 1,
    "bgcolor": null,
    "help_bgcolor": null,
    "help_color": null,
    "email_domain": null,
    "use_xid_whitelist": false,
    "owner": 72,
    "org_id": 72,
    "context": null,
    "course_id": null,
    "owner_sees_participation_stats": false,
    "auth_needed_to_vote": false,
    "auth_needed_to_write": true,
    "auth_opt_fb": true,
    "auth_opt_tw": true,
    "auth_opt_allow_3rdparty": true,
    "modified": "1729266981042",
    "created": "1728979601778",
    "site_id": "polis_site_id_wlE61IMj5fRdvFgrn7",
    "auth_opt_fb_computed": true,
    "auth_opt_tw_computed": true,
    "translations": [],
    "ownername": "admin",
    "is_mod": false,
    "is_owner": false,
    "conversation_id": "69rmeiumcr"
  },
  "votes": [],
  "pca": "{\"n\":78,\"pca\":{\"comps\":[[0.467948730725293,0.5063883486103153,-0.10697665076243877,0.3613467341153604,0.3845256917258154,0.4406972207491121,0.2012593147332834],[0.522343111047052,0.3868284074275281,0.2792923261767301,-0.5396859539970007,-0.193880567009308,-0.38640159307584887,0.14615218010862108]],\"center\":[-0.0714285714285714,-0.43835616438356173,-0.3943661971830986,-0.47887323943661947,-0.5833333333333334,-0.3768115942028985,-0.6619718309859153],\"comment-extremity\":[1.7229262846092448,0.9469084603182892,0.47923104832327557,0.8954933348741998,0.4747345334623489,0.9663724598897615,0.22244729532681906],\"comment-projection\":[[-1.149641970125494,-0.7524778510546105,0.1714147239766889,-0.4982146906307191,-0.4238997304256644,-0.7266222569843167,-0.17999394788266346],[-1.2832764015298452,-0.5748153754855454,-0.4475258540922762,0.7441037796193839,0.21373323514784284,0.6370995423702691,-0.13070951734219696]]},\"tids\":[0,1,2,3,4,5,6],\"mod-in\":[0,1,4,6,3,2,5],\"n-cmts\":7,\"in-conv\":[0,70,62,74,7,59,20,72,58,60,27,1,55,39,4,54,48,50,75,21,31,32,40,56,33,13,22,36,41,61,29,44,6,28,64,51,25,34,17,3,12,2,66,23,47,35,76,19,57,11,9,5,14,53,26,16,38,30,73,10,18,52,67,71,42,37,63,8,49],\"mod-out\":[],\"repness\":{\"0\":[{\"tid\":0,\"p-test\":1.2792042981336627,\"repness\":4.869565217391304,\"n-trials\":21,\"n-success\":13,\"p-success\":0.608695652173913,\"repful-for\":\"disagree\",\"repness-test\":4.340472}],\"1\":[{\"tid\":2,\"p-test\":2.121320343559643,\"n-agree\":6,\"repness\":1.659259259259259,\"n-trials\":7,\"n-success\":6,\"p-success\":0.7777777777777778,\"best-agree\":true,\"repful-for\":\"agree\",\"repness-test\":2.1270106},{\"tid\":6,\"p-test\":2.8284271247461903,\"repness\":1.264197530864198,\"n-trials\":7,\"n-success\":7,\"p-success\":0.888888888888889,\"repful-for\":\"agree\",\"repness-test\":1.7498556},{\"tid\":3,\"p-test\":2.121320343559643,\"repness\":8.166666666666668,\"n-trials\":7,\"n-success\":6,\"p-success\":0.7777777777777778,\"repful-for\":\"disagree\",\"repness-test\":5.3270454},{\"tid\":5,\"p-test\":1.4142135623730951,\"repness\":8.4,\"n-trials\":7,\"n-success\":5,\"p-success\":0.6666666666666667,\"repful-for\":\"disagree\",\"repness-test\":4.895803}],\"2\":[{\"tid\":1,\"p-test\":4.743416490252569,\"n-agree\":34,\"repness\":3.307926829268293,\"n-trials\":39,\"n-success\":34,\"p-success\":0.853658536585366,\"best-agree\":true,\"repful-for\":\"agree\",\"repness-test\":5.1744614},{\"tid\":5,\"p-test\":3.1622776601683795,\"repness\":3.240418118466899,\"n-trials\":39,\"n-success\":29,\"p-success\":0.7317073170731707,\"repful-for\":\"agree\",\"repness-test\":4.285409},{\"tid\":4,\"p-test\":4.427188724235731,\"repness\":1.977485928705441,\"n-trials\":39,\"n-success\":33,\"p-success\":0.8292682926829268,\"repful-for\":\"agree\",\"repness-test\":3.6729546},{\"tid\":3,\"p-test\":4.529039094769577,\"repness\":1.923076923076923,\"n-trials\":40,\"n-success\":34,\"p-success\":0.8333333333333333,\"repful-for\":\"agree\",\"repness-test\":3.5989282}]},\"consensus\":{\"agree\":[{\"tid\":6,\"p-test\":4.242640687119285,\"n-trials\":71,\"n-success\":53,\"p-success\":0.7397260273972603},{\"tid\":3,\"p-test\":2.828427124746191,\"n-trials\":71,\"n-success\":47,\"p-success\":0.6575342465753425},{\"tid\":4,\"p-test\":2.691946385511004,\"n-trials\":72,\"n-success\":47,\"p-success\":0.6486486486486486},{\"tid\":1,\"p-test\":1.6274669424134705,\"n-trials\":73,\"n-success\":43,\"p-success\":0.5866666666666667}],\"disagree\":[]},\"meta-tids\":[],\"votes-base\":{\"0\":{\"A\":[0,2,0,1,0,0,0,0,1,0,0,0,3,0,1,1,0,0,0,0,1,0,0,0,0,0,1,0,1,0,0,1,0,0,0,0,1,0,0,1,0,0,0,0,0,1,0,3,1,0,1,1,1,1,0,0,1],\"D\":[0,0,0,0,0,0,0,0,0,1,0,0,0,0,0,0,1,1,1,0,0,0,1,0,0,0,0,0,0,1,0,0,0,0,3,1,0,1,1,0,1,0,1,1,0,0,1,0,0,1,0,0,0,0,1,0,0],\"S\":[1,2,4,1,1,1,2,2,1,1,0,0,3,1,1,1,1,1,1,1,1,1,1,1,1,1,1,1,1,1,1,1,1,1,3,1,1,1,1,1,1,1,1,1,1,1,1,3,1,1,1,1,1,1,1,1,1]},\"1\":{\"A\":[0,2,4,1,0,0,0,0,1,0,0,1,3,0,1,0,1,1,0,1,1,0,1,1,0,1,0,0,1,1,1,1,0,1,0,0,1,0,0,1,0,1,1,1,1,1,0,3,1,0,1,1,1,1,1,0,0],\"D\":[0,0,0,0,0,0,0,0,0,1,0,0,0,1,0,1,0,0,1,0,0,0,0,0,0,0,0,0,0,0,0,0,0,0,3,0,0,0,1,0,1,0,0,0,0,0,0,0,0,1,0,0,0,0,0,0,0],\"S\":[1,2,4,1,1,1,2,2,1,1,1,1,3,1,1,1,1,1,1,1,1,1,1,1,1,1,1,1,1,1,1,1,1,1,3,1,1,1,1,1,1,1,1,1,1,1,1,3,1,1,1,1,1,1,1,1,0]},\"2\":{\"A\":[0,2,4,1,0,0,2,2,0,0,1,0,3,0,1,0,0,0,1,1,0,0,0,0,1,0,0,0,1,0,1,1,0,1,3,0,0,0,1,0,0,0,0,1,0,1,0,0,1,1,0,0,1,0,1,1,1],\"D\":[0,0,0,0,0,0,0,0,0,0,0,0,0,0,0,1,0,0,0,0,0,0,0,0,0,1,1,0,0,1,0,0,0,0,0,0,0,1,0,0,0,0,0,0,0,0,1,0,0,0,0,1,0,1,0,0,0],\"S\":[1,2,4,1,1,1,2,2,1,1,1,1,3,1,1,1,1,1,1,1,1,1,1,1,1,1,1,1,1,1,1,1,1,1,3,1,1,1,1,1,1,1,1,1,1,1,1,3,1,1,1,1,1,1,1,1,1]},\"3\":{\"A\":[0,0,4,1,1,1,2,0,0,0,0,1,3,0,1,1,1,1,1,1,0,1,1,1,0,1,1,1,1,1,1,1,1,0,3,1,0,1,0,0,1,1,0,0,0,1,0,3,0,0,1,1,0,1,1,0,1],\"D\":[0,2,0,0,0,0,0,0,0,1,0,0,0,0,0,0,0,0,0,0,0,0,0,0,1,0,0,0,0,0,0,0,0,0,0,0,0,0,1,1,0,0,1,0,1,0,1,0,0,0,0,0,1,0,0,1,0],\"S\":[1,2,4,1,1,1,2,2,1,1,0,1,3,1,1,1,1,1,1,1,1,1,1,1,1,1,1,1,1,1,1,1,1,1,3,1,1,1,1,1,1,1,1,1,1,1,1,3,1,1,1,1,1,1,1,1,1]},\"4\":{\"A\":[0,0,4,0,1,0,0,0,0,1,0,1,3,0,0,1,1,1,0,0,1,1,1,1,0,1,1,1,0,1,1,1,0,0,3,0,1,0,0,1,0,1,1,1,1,1,1,3,1,1,1,1,1,1,1,1,0],\"D\":[0,2,0,0,0,0,0,0,0,0,0,0,0,0,0,0,0,0,1,0,0,0,0,0,0,0,0,0,0,0,0,0,0,0,0,0,0,0,1,0,1,0,0,0,0,0,0,0,0,0,0,0,0,0,0,0,0],\"S\":[1,2,4,1,1,1,2,2,1,1,1,1,3,1,1,1,1,1,1,1,1,1,1,1,1,1,1,1,1,1,1,1,1,1,3,1,1,1,1,1,1,1,1,1,1,1,1,3,1,1,1,1,1,1,1,1,0]},\"5\":{\"A\":[0,0,4,0,0,0,0,0,1,1,1,0,3,0,0,1,0,1,0,1,0,1,1,1,0,1,1,0,1,0,0,0,1,0,3,0,1,0,0,0,0,0,0,1,1,0,0,3,0,1,1,1,0,1,1,0,1],\"D\":[0,2,0,0,0,0,0,0,0,0,0,0,0,0,0,0,0,0,1,0,0,0,0,0,1,0,0,0,0,0,0,1,0,0,0,0,0,0,1,1,1,0,0,0,0,0,0,0,0,0,0,0,0,0,0,1,0],\"S\":[1,2,4,1,1,1,2,2,1,1,1,0,3,1,1,1,1,1,1,1,1,1,1,1,1,1,1,1,1,1,1,1,1,1,3,1,1,1,1,1,1,1,1,1,1,1,1,3,1,1,1,1,1,1,1,1,1]},\"6\":{\"A\":[0,2,4,0,0,0,2,2,1,1,0,1,3,1,1,1,1,1,0,1,0,0,0,1,1,1,0,1,1,0,1,1,1,1,3,0,1,1,0,1,0,1,1,1,0,0,1,3,1,1,0,0,1,1,1,1,1],\"D\":[0,0,0,0,0,0,0,0,0,0,0,0,0,0,0,0,0,0,1,0,0,0,0,0,0,0,0,0,0,1,0,0,0,0,0,0,0,0,1,0,1,0,0,0,1,0,0,0,0,0,0,1,0,0,0,0,0],\"S\":[1,2,4,1,1,1,2,2,1,1,1,1,3,1,1,1,1,1,1,1,1,1,1,1,1,1,1,1,1,1,1,1,1,1,3,1,1,1,1,1,1,1,1,1,1,1,1,3,1,1,1,1,1,1,1,1,1]}},\"group-votes\":{\"0\":{\"votes\":{\"0\":{\"A\":0,\"D\":13,\"S\":21},\"1\":{\"A\":2,\"D\":9,\"S\":22},\"2\":{\"A\":11,\"D\":3,\"S\":22},\"3\":{\"A\":12,\"D\":4,\"S\":21},