{
  "user": {},
  "ptpt": null,
  "nextComment": {
    "txt": "電気・ガス代、燃料費高騰対策のため、政府による補助金施策を継続",
    "tid": 1,
    "created": "1728979602801",
    "tweet_id": null,
    "quote_src_url": null,
    "is_seed": true,
    "is_meta": false,
    "lang": null,
    "pid": 0,
    "randomN": 1.0904692655363353,
    "remaining": 7,
    "total": 7,
    "translations": []
  },
  "conversation": {
    "topic": "経済政策・物価高対策",
    "description": "",
    "link_url": null,
    "parent_url": null,
    "upvotes": 1,
    "participant_count": 121,
    "is_anon": false,
    "is_active": true,
    "is_draft": true,
    "is_public": true,
    "is_data_open": false,
    "profanity_filter": true,
    "spam_filter": true,
    "strict_moderation": false,
    "prioritize_seed": false,
    "vis_type": 1,
    "write_type": 1,
    "help_type": 1,
    "write_hint_type": 1,
    "style_btn": null,
    "socialbtn_type": 0,
    "subscribe_type": 1,
    "branding_type": 1,
    "bgcolor": null,
    "help_bgcolor": null,
    "help_color": null,
    "email_domain": null,
    "use_xid_whitelist": false,
    "owner": 72,
    "org_id": 72,
    "context": null,
    "course_id": null,
    "owner_sees_participation_stats": false,
    "auth_needed_to_vote": false,
    "auth_needed_to_write": true,
    "auth_opt_fb": true,
    "auth_opt_tw": true,
    "auth_opt_allow_3rdparty": true,
    "modified": "1729292243173",
    "created": "1728979601778",
    "site_id": "polis_site_id_wlE61IMj5fRdvFgrn7",
    "auth_opt_fb_computed": true,
    "auth_opt_tw_computed": true,
    "translations": [],
    "ownername": "admin",
    "is_mod": false,
    "is_owner": false,
    "conversation_id": "69rmeiumcr"
  },
  "votes": [],
  "pca": "{\"n\":121,\"pca\":{\"comps\":[[0.3176071657741589,0.36585058278036775,-0.06457144976934755,0.6057949269972619,0.4078916992944659,0.4590057123621045,0.13061466721952783],[0.6577522227763085,0.5185391965513543,0.23712520088416308,-0.37659162181452255,-0.1799137323200832,-0.21866061655704616,0.14229577733370868]],\"center\":[-0.07407407407407411,-0.495575221238938,-0.42727272727272747,-0.3727272727272729,-0.5625,-0.4259259259259257,-0.7363636363636362],\"comment-extremity\":[1.789359000088228,0.8469390923357152,0.3723981911773867,1.1838119191311036,0.5160297433239663,0.7722290649140817,0.13472771489659655],\"comment-projection\":[[-0.7780644215282312,-0.48825779261557045,0.09784472606117574,-1.0053818894673685,-0.47214124920405487,-0.6971641467280264,-0.09110585349245096],[-1.6113414868204325,-0.6920333475177447,-0.3593143781901901,0.6249943329406201,0.20825305950941797,0.3321142592769241,-0.09925361767044397]]},\"tids\":[0,1,2,3,4,5,6],\"mod-in\":[0,1,4,6,3,2,5],\"n-cmts\":7,\"in-conv\":[0,70,62,74,110,7,59,86,20,72,58,60,27,1,101,102,55,85,39,88,4,77,106,119,54,92,104,48,50,116,75,99,21,31,113,32,40,91,108,56,33,13,22,90,109,36,41,118,89,61,29,44,93,6,111,28,64,103,51,25,34,17,3,12,2,66,107,23,47,35,82,76,19,57,11,115,9,5,112,83,14,53,78,26,16,81,120,79,38,98,87,30,73,10,18,105,52,114,67,71,42,37,63,94,8,49,84],\"mod-out\":[],\"repness\":{\"0\":[{\"tid\":1,\"p-test\":2.449489742783178,\"repness\":8.82857142857143,\"n-trials\":5,\"n-success\":5,\"p-success\":0.8571428571428571,\"repful-for\":\"disagree\",\"repness-test\":6.0439568},{\"tid\":4,\"p-test\":1.6329931618554516,\"repness\":10.51020408163265,\"n-trials\":5,\"n-success\":4,\"p-success\":0.7142857142857143,\"repful-for\":\"disagree\",\"repness-test\":5.792363},{\"tid\":0,\"p-test\":2.449489742783178,\"repness\":3.497142857142857,\"n-trials\":5,\"n-success\":5,\"p-success\":0.8571428571428571,\"repful-for\":\"disagree\",\"repness-test\":3.9475968}],\"1\":[{\"tid\":1,\"p-test\":5.947444242971582,\"n-agree\":40,\"repness\":2.05,\"n-trials\":42,\"n-success\":40,\"p-success\":0.9318181818181818,\"best-agree\":true,\"repful-for\":\"agree\",\"repness-test\":5.2734356},{\"tid\":0,\"p-test\":2.2874785549890695,\"repness\":3.570075757575758,\"n-trials\":42,\"n-success\":28,\"p-success\":0.6590909090909091,\"repful-for\":\"agree\",\"repness-test\":5.0793552},{\"tid\":3,\"p-test\":4.522670168666455,\"repness\":1.781481481481481,\"n-trials\":43,\"n-success\":36,\"p-success\":0.8222222222222222,\"repful-for\":\"agree\",\"repness-test\":3.915863},{\"tid\":4,\"p-test\":4.7274556803107455,\"repness\":1.632352941176471,\"n-trials\":42,\"n-success\":36,\"p-success\":0.8409090909090909,\"repful-for\":\"agree\",\"repness-test\":3.616618},{\"tid\":5,\"p-test\":3.5074671176499077,\"repness\":1.833333333333333,\"n-trials\":42,\"n-success\":32,\"p-success\":0.75,\"repful-for\":\"agree\",\"repness-test\":3.6042907}],\"2\":[{\"tid\":2,\"p-test\":2.9824045403173027,\"n-agree\":15,\"repness\":1.617777777777778,\"n-trials\":18,\"n-success\":15,\"p-success\":0.8,\"best-agree\":true,\"repful-for\":\"agree\",\"repness-test\":2.7295153},{\"tid\":6,\"p-test\":3.900067475799551,\"repness\":1.17,\"n-trials\":18,\"n-success\":17,\"p-success\":0.9,\"repful-for\":\"agree\",\"repness-test\":1.7031865},{\"tid\":1,\"p-test\":2.5235730725761796,\"repness\":1.205357142857143,\"n-trials\":18,\"n-success\":14,\"p-success\":0.75,\"repful-for\":\"agree\",\"repness-test\":1.3362242},{\"tid\":3,\"p-test\":2.9824045403173027,\"repness\":6,\"n-trials\":18,\"n-success\":15,\"p-success\":0.8,\"repful-for\":\"disagree\",\"repness-test\":6.3862696}],\"3\":[{\"tid\":3,\"p-test\":4.08248290463863,\"n-agree\":21,\"repness\":1.662222222222222,\"n-trials\":23,\"n-success\":21,\"p-success\":0.88,\"best-agree\":true,\"repful-for\":\"agree\",\"repness-test\":3.3915522},{\"tid\":5,\"p-test\":2.449489742783178,\"repness\":1.457142857142857,\"n-trials\":23,\"n-success\":17,\"p-success\":0.72,\"repful-for\":\"agree\",\"repness-test\":2.1737065},{\"tid\":4,\"p-test\":2.8577380332470415,\"repness\":1.242307692307692,\"n-trials\":23,\"n-success\":18,\"p-success\":0.76,\"repful-for\":\"agree\",\"repness-test\":1.5715052},{\"tid\":0,\"p-test\":1.6329931618554527,\"repness\":3.584,\"n-trials\":23,\"n-success\":15,\"p-success\":0.64,\"repful-for\":\"disagree\",\"repness-test\":4.622053}],\"4\":[{\"tid\":0,\"p-test\":0.47140452079103184,\"repness\":2.255639097744361,\"n-trials\":17,\"n-success\":9,\"p-success\":0.5263157894736842,\"repful-for\":\"disagree\",\"repness-test\":2.7261074}]},\"consensus\":{\"agree\":[{\"tid\":6,\"p-test\":6.359358571541743,\"n-trials\":110,\"n-success\":88,\"p-success\":0.7946428571428571},{\"tid\":4,\"p-test\":3.292523039342589,\"n-trials\":112,\"n-success\":73,\"p-success\":0.6491228070175439},{\"tid\":1,\"p-test\":2.9970745970614203,\"n-trials\":113,\"n-success\":72,\"p-success\":0.6347826086956522},{\"tid\":3,\"p-test\":2.5627265885317465,\"n-trials\":110,\"n-success\":68,\"p-success\":0.6160714285714286}],\"disagree\":[]},\"meta-tids\":[],\"votes-base\":{\"0\":{\"A\":[0,0,1,0,0,0,0,1,0,0,0,0,1,0,0,0,1,0,0,0,0,0,1,0,0,0,0,0,0,0,0,0,0,0,1,0,0,1,0,0,0,0,0,0,3,0,0,1,1,0,1,0,0,1,5,1,0,0,1,0,0,1,1,1,0,1,0,3,4,1,0,0,1,1,1,1,1,0,1,0],\"D\":[0,0,0,0,0,0,0,0,1,0,0,0,0,1,1,0,0,0,1,0,0,0,0,0,1,0,0,1,1,1,0,1,1,0,0,1,1,0,0,1,0,0,0,1,0,1,1,0,0,1,0,1,1,0,0,0,4,1,0,1,0,0,0,0,0,0,0,0,0,0,0,0,0,0,0,0,0,3,0,1],\"S\":[1,7,1,1,1,2,2,1,1,0,0,1,1,1,1,1,1,1,1,2,1,1,1,1,1,1,1,1,1,1,1,1,1,1,1,1,1,1,1,1,1,2,1,1,3,1,1,1,1,1,1,1,1,1,5,1,4,1,1,1,1,1,1,1,1,1,2,3,4,1,1,1,1,1,1,1,1,3,1,1]},\"1\":{\"A\":[0,7,1,0,0,0,0,1,0,0,1,0,1,1,0,1,1,0,1,2,0,1,0,0,1,1,0,0,0,0,1,1,1,1,1,0,0,1,0,1,0,2,0,0,3,1,0,1,1,1,1,1,0,1,5,0,0,0,1,1,1,0,0,1,1,1,2,3,4,1,1,0,1,1,1,0,0,3,1,1],\"D\":[0,0,0,0,0,0,0,0,1,0,0,1,0,0,1,0,0,0,0,0,0,0,0,0,0,0,0,0,1,1,0,0,0,0,0,0,1,0,0,0,0,0,0,1,0,0,1,0,0,0,0,0,1,0,0,0,4,0,0,0,0,0,0,0,0,0,0,0,0,0,0,0,0,0,0,0,1,0,0,0],\"S\":[1,7,1,1,1,2,2,1,1,1,1,1,1,1,1,1,1,1,1,2,1,1,1,1,1,1,1,1,1,1,1,1,1,1,1,1,1,1,1,1,1,2,1,1,3,1,1,1,1,1,1,1,1,1,5,0,4,1,1,1,1,1,1,1,1,1,2,3,4,1,1,1,1,1,1,1,1,3,1,1]},\"2\":{\"A\":[0,7,1,0,0,2,2,0,0,1,0,0,1,0,1,1,0,0,0,0,1,0,0,0,0,1,0,0,1,0,0,0,1,0,1,0,1,0,1,0,1,2,0,0,0,1,0,1,0,0,1,0,0,0,5,1,4,0,1,1,1,1,1,1,1,1,2,3,0,0,1,1,1,0,0,0,0,3,1,0],\"D\":[0,0,0,0,0,0,0,0,0,0,0,0,0,0,0,