{
  "user": {},
  "ptpt": null,
  "nextComment": {
    "txt": "電気・ガス代、燃料費高騰対策のため、政府による補助金施策を継続",
    "tid": 1,
    "created": "1728979602801",
    "tweet_id": null,
    "quote_src_url": null,
    "is_seed": true,
    "is_meta": false,
    "lang": null,
    "pid": 0,
    "randomN": 0.9588864103623785,
    "remaining": 7,
    "total": 7,
    "translations": []
  },
  "conversation": {
    "topic": "経済政策・物価高対策",
    "description": "",
    "link_url": null,
    "parent_url": null,
    "upvotes": 1,
    "participant_count": 98,
    "is_anon": false,
    "is_active": true,
    "is_draft": true,
    "is_public": true,
    "is_data_open": false,
    "profanity_filter": true,
    "spam_filter": true,
    "strict_moderation": false,
    "prioritize_seed": false,
    "vis_type": 1,
    "write_type": 1,
    "help_type": 1,
    "write_hint_type": 1,
    "style_btn": null,
    "socialbtn_type": 0,
    "subscribe_type": 1,
    "branding_type": 1,
    "bgcolor": null,
    "help_bgcolor": null,
    "help_color": null,
    "email_domain": null,
    "use_xid_whitelist": false,
    "owner": 72,
    "org_id": 72,
    "context": null,
    "course_id": null,
    "owner_sees_participation_stats": false,
    "auth_needed_to_vote": false,
    "auth_needed_to_write": true,
    "auth_opt_fb": true,
    "auth_opt_tw": true,
    "auth_opt_allow_3rdparty": true,
    "modified": "1729281433491",
    "created": "1728979601778",
    "site_id": "polis_site_id_wlE61IMj5fRdvFgrn7",
    "auth_opt_fb_computed": true,
    "auth_opt_tw_computed": true,
    "translations": [],
    "ownername": "admin",
    "is_mod": false,
    "is_owner": false,
    "conversation_id": "69rmeiumcr"
  },
  "votes": [],
  "pca": "{\"n\":98,\"pca\":{\"comps\":[[0.4910659731549786,0.5093203081753507,-0.0642463190339287,0.4376514786001253,0.36345483583740057,0.37484784767811563,0.17655112816611185],[0.504801679147259,0.3579564778539217,0.45634068638379977,-0.3739178052862959,-0.2394675059021506,-0.44864261065438704,0.10176541188136572]],\"center\":[-0.0352941176470588,-0.4269662921348312,-0.35632183908045967,-0.3999999999999998,-0.5505617977528088,-0.38372093023255816,-0.6627906976744186],\"comment-extremity\":[1.7975123403078201,0.9438162839550917,0.7848178798778458,0.913789046451155,0.517558626299804,0.9532499999138858,0.18180726374273656],\"comment-projection\":[[-1.253382967860088,-0.7721829048139838,0.10941227399592056,-0.6947501839773832,-0.43218476783351395,-0.6111973462271868,-0.15751396494938685],[-1.2884415972162393,-0.5426994926953924,-0.7771538193144253,0.5935761141399672,0.28475122143729564,0.7315212685224316,-0.09079224634044641]]},\"tids\":[0,1,2,3,4,5,6],\"mod-in\":[0,1,4,6,3,2,5],\"n-cmts\":7,\"in-conv\":[0,70,62,74,7,59,86,20,72,58,60,27,1,55,85,39,88,4,77,54,92,48,50,75,21,31,32,40,91,56,33,13,22,90,36,41,89,61,29,44,6,28,64,51,25,34,17,3,12,2,66,23,47,35,82,76,19,57,11,9,5,83,14,53,78,26,16,81,79,38,87,30,73,10,18,52,67,71,42,37,63,8,49,84],\"mod-out\":[],\"repness\":{\"0\":[{\"tid\":1,\"p-test\":4.618802153517005,\"n-agree\":39,\"repness\":2.585034013605442,\"n-trials\":47,\"n-success\":39,\"p-success\":0.8163265306122449,\"best-agree\":true,\"repful-for\":\"agree\",\"repness-test\":4.774169},{\"tid\":3,\"p-test\":4.7142857142857135,\"repness\":2.333846153846154,\"n-trials\":48,\"n-success\":40,\"p-success\":0.82,\"repful-for\":\"agree\",\"repness-test\":4.5013666},{\"tid\":4,\"p-test\":4.618802153517005,\"repness\":2.068027210884354,\"n-trials\":47,\"n-success\":39,\"p-success\":0.8163265306122449,\"repful-for\":\"agree\",\"repness-test\":4.0931683},{\"tid\":5,\"p-test\":2.8867513459481278,\"repness\":2.397031539888683,\"n-trials\":47,\"n-success\":33,\"p-success\":0.6938775510204082,\"repful-for\":\"agree\",\"repness-test\":3.7642164}],\"1\":[{\"tid\":2,\"p-test\":1.1507929111375013,\"n-agree\":21,\"repness\":1.315789473684211,\"n-trials\":36,\"n-success\":21,\"p-success\":0.5789473684210527,\"best-agree\":true,\"repful-for\":\"agree\",\"repness-test\":1.3375292}]},\"consensus\":{\"agree\":[{\"tid\":6,\"p-test\":4.610083899802517,\"n-trials\":86,\"n-success\":64,\"p-success\":0.7386363636363636},{\"tid\":4,\"p-test\":2.529822128134703,\"n-trials\":89,\"n-success\":56,\"p-success\":0.6263736263736264},{\"tid\":3,\"p-test\":2.372321010475645,\"n-trials\":85,\"n-success\":53,\"p-success\":0.6206896551724138},{\"tid\":1,\"p-test\":1.686548085423136,\"n-trials\":89,\"n-success\":52,\"p-success\":0.5824175824175823}],\"disagree\":[]},\"meta-tids\":[],\"votes-base\":{\"0\":{\"A\":[0,2,0,1,0,0,0,0,1,0,0,0,0,1,1,0,0,0,0,1,0,0,0,0,0,1,0,0,0,1,0,0,0,0,1,0,0,0,0,0,1,0,1,0,1,1,2,0,0,0,0,0,3,0,1,0,0,1,0,0,1,1,0,5,1,0,0,0],\"D\":[0,0,0,0,0,0,0,0,0,1,0,0,0,0,0,1,1,1,0,0,0,1,0,0,0,0,0,1,0,0,0,0,1,1,0,1,0,1,1,0,0,1,0,1,0,0,0,1,0,0,0,1,0,0,0,0,1,0,1,1,0,0,1,0,0,1,3,1],\"S\":[1,2,4,1,1,1,2,2,1,1,0,0,1,1,1,1,1,1,1,1,1,1,1,1,1,1,1,1,1,1,1,2,1,1,1,1,1,1,1,1,1,1,1,1,1,1,2,1,1,1,1,1,3,1,1,1,1,1,1,1,1,1,1,5,1,1,3,1]},\"1\":{\"A\":[0,2,4,1,0,0,0,0,1,0,0,1,0,1,0,1,1,0,1,1,0,1,1,0,1,0,0,1,1,1,0,2,0,0,1,0,1,1,1,1,1,0,1,0,1,1,2,1,0,1,0,1,3,0,0,0,0,1,1,0,1,1,1,4,1,1,0,0],\"D\":[0,0,0,0,0,0,0,0,0,1,0,0,1,0,1,0,0,1,0,0,0,0,0,0,0,0,0,0,0,0,0,0,0,1,0,1,0,0,0,0,0,0,0,1,0,0,0,0,0,0,0,0,0,0,0,0,1,0,0,1,0,0,0,0,0,0,3,0],\"S\":[1,2,4,1,1,1,2,2,1,1,1,1,1,1,1,1,1,1,1,1,1,1,1,1,1,1,1,1,1,1,1,2,1,1,1,1,1,1,1,1,1,1,1,1,1,1,2,1,1,1,1,1,3,1,1,1,1,1,1,1,1,1,1,4,1,1,3,1]},\"2\":{\"A\":[0,2,4,1,0,0,2,2,0,0,1,0,0,1,0,0,0,1,1,0,0,0,0,1,0,0,0,0,1,1,0,2,0,1,0,0,0,0,1,0,1,0,1,1,0,1,0,1,1,1,1,0,0,1,1,0,0,0,1,0,1,0,0,4,1,0,3,0],\"D\":[0,0,0,0,0,0,0,0,0,0,0,0,0,0,1,0,0,0,0,0,0,0,0,0,1,1,0,1,0,0,0,0,0,0,0,0,0,0,0,0,0,1,0,0,1,0,2,0,0,0,0,0,0,0,0,1,1,0,0,1,0,1,0,0,0,0,0,1],\"S\":[1,2,4,1,1,1,2,2,1,1,1,1,1,1,1,1,1,1,1,1,1,1,1,1,1,1,1,1,1,1,1,2,1,1,1,1,1,1,1,1,1,1,1,1,1,1,2,1,1,1,1,1,3,1,1,1,1,1,1,1,1,1,1,5,1,1,3,1]},\"3\":{\"A\":[0,0,4,1,1,1,2,0,0,0,0,1,0,1,1,1,1,1,1,0,1,1,1,0,1,1,1,1,1,1,1,0,1,0,0,1,1,0,0,0,1,0,0,0,1,0,2,1,0,0,0,1,3,1,1,0,0,1,0,0,1,0,1,4,1,0,3,1],\"D\":[0,2,0,0,0,0,0,0,0,1,0,0,0,0,0,0,0,0,0,0,0,0,0,1,0,0,0,0,0,0,0,0,0,1,1,0,0,1,0,1,0,1,0,0,0,1,0,0,1,1,1,0,0,0,0,0,1,0,1,1,0,1,0,0,0,1,0,0],\"S\":[1,2,4,1,1,1,2,2,1,1,0,1,1,1,1,1,1,1,1,1,1,1,1,1,1,1,1,1,1,1,1,2,1,1,1,1,1,1,1,1,1,1,1,1,1,1,2,1,1,1,1,1,3,1,1,1,1,1,1,1,1,1,1,5,1,1,3,1]},\"4\":{\"A\":[0,0,4,0,1,0,0,0,0,1,0,1,0,0,1,1,1,0,0,1,1,1,1,0,1,1,1,1,1,1,0,0,0,0,1,0,1,1,1,1,1,1,1,1,1,1,2,1,1,1,0,0,3,0,0,1,1,1,1,0,0,1,0,4,1,1,3,0],\"D\":[0,2,0,0,0,0,0,0,0,0,0,0,0,0,0,0,0,1,0,0,0,0,0,0,0,0,0,0,0,0,0,0,0,1,0,1,0,0,0,0,0,0,0,0,0,0,0,0,0,0,0,0,0,0,1,0,0,0,0,1,0,0,0,0,0,0,0,0],\"S\":[1,2,4,1,1,1,2,2,1,1,1,1,1,1,1,1,1,1,1,1,1,1,1,1,1,1,1,1,1,1,1,2,1,1,1,1,1,1,1,1,1,1,1,1,1,1,2,1,1,1,1,1,3,1,1,1,1,1,1,1,1,1,1,4,1,1,3,1]},\"5\":{\"A\":[0,0,4,0,0,0,0,0,1,1,1,0,0,0,1,0,1,0,1,0,1,1,1,0,1,1,0,0,0,0,1,0,0,0,0,0,0,0,1,1,0,0,0,1,1,0,2,1,0,0,0,1,3,1,0,1,1,1,1,0,1,1,0,5,0,1,3,0],\"D\":[0,2,0,0,0,0,0,0,0,0,0,0,0,0,0,0,0,1,0,0,0,0,0,1,0,0,0,0,0,1,0,0,0,1,1,1,0,0,0,0,0,0,0,0,0,0,0,0,1,1,0,0,0,0,0,0,0,0,0,0,0,0,0,0,0,0,0,0],\"S\":[1,2,4,1,1,1,2,2,1,1,1,0,1,1,1,1,1,1,1,1,1,1,1,1,1,1,1,1,1,1,1,2,1,1,1,1,1,1,1,1,1,1,1,1,1,1,2,1,1,1,1,1,3,1,1,1,1,1,1,1,1,1,1,5,1,1,3,1]},\"6\":{\"A\":[0,2,4,0,0,0,2,2,1,1,0,1,1,1,1,1,1,0,1,0,0,0,1,1,1,0,1,0,1,1,1,2,0,0,1,0,1,1,1,0,0,1,1,1,0,1,2,1,1,1,0,1,3,1,1,1,1,0,0,1,1,1,1,5,1,0,3,1],\"D\":[0,0,0,0,0,0,0,0,0,0,0,0,0,0,0,0,0,1,0,0,0,0,0,0,0,0,0,1,0,0,0,0,0,1,0,1,0,0,0,1,0,0,0,0,1,0,0,0,0,0,0,0,0,0,0,0,0,0,0,0,0,0,0,0,0,0,0,0],\"S\":[1,2,4,1,1,1,2,2,1,1,1,1,1,1,1,1,1,1,1,1,1,1,1,1,1,1,1,1,1,1,1,2,1,1,1,1,1,1,1,1,1,1,1,1,1,1,2,1,1,1,1,1,3,1,1,1,1,1,1,1,1,1,1,5,1,1,3,1]}},\"group-votes\":{\"0\":{\"votes\":{\"0\":{\"A\":25,\"D\":7,\"S\":47},\"1\":{\"A\":39,\"D\":1,\"S\":47},\"2\":{\"A\":21,\"D\":9,\"S\":48},\"3\":{\"A\":40,\"D\":2,\"S\":48},\"4\":{\"A\":39,\"D\":0,\"S\":47},\"5\":{\"A\":33,\"D\":1,\"S\":47},\"6\":{\"A\":38,\"D\":2,\"S\":48}},\"n-members\":48,\"id\":0},\"1\":{\"votes\":{\"0\":{\"A\":4,\"D\":17,\"S\":35},\"1\":{\"A\":11,\"D\":11,\"S\":36},\"2\":{\"A\":21,\"D\":4,