{
  "user": {},
  "ptpt": null,
  "nextComment": {
    "txt": "物価高対策として、消費税を引き下げる、又は廃止する",
    "tid": 3,
    "created": "1728979603584",
    "tweet_id": null,
    "quote_src_url": null,
    "is_seed": true,
    "is_meta": false,
    "lang": null,
    "pid": 0,
    "randomN": 2.3924652851962467,
    "remaining": 7,
    "total": 7,
    "translations": []
  },
  "conversation": {
    "topic": "経済政策・物価高対策",
    "description": "",
    "link_url": null,
    "parent_url": null,
    "upvotes": 1,
    "participant_count": 101,
    "is_anon": false,
    "is_active": true,
    "is_draft": true,
    "is_public": true,
    "is_data_open": false,
    "profanity_filter": true,
    "spam_filter": true,
    "strict_moderation": false,
    "prioritize_seed": false,
    "vis_type": 1,
    "write_type": 1,
    "help_type": 1,
    "write_hint_type": 1,
    "style_btn": null,
    "socialbtn_type": 0,
    "subscribe_type": 1,
    "branding_type": 1,
    "bgcolor": null,
    "help_bgcolor": null,
    "help_color": null,
    "email_domain": null,
    "use_xid_whitelist": false,
    "owner": 72,
    "org_id": 72,
    "context": null,
    "course_id": null,
    "owner_sees_participation_stats": false,
    "auth_needed_to_vote": false,
    "auth_needed_to_write": true,
    "auth_opt_fb": true,
    "auth_opt_tw": true,
    "auth_opt_allow_3rdparty": true,
    "modified": "1729285223284",
    "created": "1728979601778",
    "site_id": "polis_site_id_wlE61IMj5fRdvFgrn7",
    "auth_opt_fb_computed": true,
    "auth_opt_tw_computed": true,
    "translations": [],
    "ownername": "admin",
    "is_mod": false,
    "is_owner": false,
    "conversation_id": "69rmeiumcr"
  },
  "votes": [],
  "pca": "{\"n\":101,\"pca\":{\"comps\":[[0.4907864008241983,0.49881192597209684,-0.018890915871896435,0.4959660611038072,0.3242301393513381,0.3656306101921671,0.15863557114168256],[0.5121324189731578,0.3529662758380231,0.4432771558611308,-0.3962527267798815,-0.2421283366317001,-0.43710421738254845,0.09969004421340186]],\"center\":[-0.022471910112359557,-0.45161290322580655,-0.3736263736263735,-0.3888888888888886,-0.5652173913043481,-0.39325842696629204,-0.6813186813186817],\"comment-extremity\":[1.8345408868031372,0.8865894296524935,0.7352784736676259,1.026410168157823,0.46549345783856244,0.914796662315197,0.1579719225632658],\"comment-projection\":[[-1.2693190159404113,-0.7237241684180835,0.03130657065726385,-0.8019017455832407,-0.3729705722936771,-0.5869421795414463,-0.13375382241272532],[-1.3245261421068695,-0.5121173154845355,-0.7346116882222031,0.64068043807215,0.2785266800387864,0.7016778543307185,-0.08405381197970489]]},\"tids\":[0,1,2,3,4,5,6],\"mod-in\":[0,1,4,6,3,2,5],\"n-cmts\":7,\"in-conv\":[0,70,62,74,7,59,86,20,72,58,60,27,1,55,85,39,88,4,77,54,92,48,50,75,99,21,31,32,40,91,56,33,13,22,90,36,41,89,61,29,44,93,6,28,64,51,25,34,17,3,12,2,66,23,47,35,82,76,19,57,11,9,5,83,14,53,78,26,16,81,79,38,98,87,30,73,10,18,52,67,71,42,37,63,94,8,49,84],\"mod-out\":[],\"repness\":{\"0\":[{\"tid\":3,\"p-test\":5.443310539518174,\"n-agree\":46,\"repness\":3.418181818181818,\"n-trials\":53,\"n-success\":46,\"p-success\":0.8545454545454545,\"best-agree\":true,\"repful-for\":\"agree\",\"repness-test\":5.8505483},{\"tid\":5,\"p-test\":3.4340140987172263,\"repness\":3.340277777777778,\"n-trials\":52,\"n-success\":38,\"p-success\":0.7222222222222222,\"repful-for\":\"agree\",\"repness-test\":4.7638526},{\"tid\":4,\"p-test\":4.807619738204115,\"repness\":2.153439153439153,\"n-trials\":52,\"n-success\":43,\"p-success\":0.8148148148148148,\"repful-for\":\"agree\",\"repness-test\":4.2886744},{\"tid\":1,\"p-test\":4.258177482409359,\"repness\":2.213675213675214,\"n-trials\":52,\"n-success\":41,\"p-success\":0.7777777777777778,\"repful-for\":\"agree\",\"repness-test\":4.1104074},{\"tid\":6,\"p-test\":4.626813958590447,\"repness\":1.184,\"n-trials\":53,\"n-success\":43,\"p-success\":0.8,\"repful-for\":\"agree\",\"repness-test\":1.32268}],\"1\":[{\"tid\":6,\"p-test\":-4.333333333333333,\"n-agree\":24,\"repness\":2.477477477477477,\"n-trials\":35,\"n-success\":4,\"p-success\":0.1351351351351351,\"best-agree\":true,\"repful-for\":\"disagree\",\"repness-test\":1.3609314}]},\"consensus\":{\"agree\":[{\"tid\":6,\"p-test\":5.004345937369795,\"n-trials\":91,\"n-success\":69,\"p-success\":0.7526881720430108},{\"tid\":4,\"p-test\":2.7997695757721477,\"n-trials\":92,\"n-success\":59,\"p-success\":0.6382978723404255},{\"tid\":3,\"p-test\":2.411055124460412,\"n-trials\":90,\"n-success\":56,\"p-success\":0.6195652173913043},{\"tid\":1,\"p-test\":2.062842492517588,\"n-trials\":93,\"n-success\":56,\"p-success\":0.6}],\"disagree\":[]},\"meta-tids\":[],\"votes-base\":{\"0\":{\"A\":[0,2,0,1,0,0,0,0,1,0,0,0,0,1,1,0,0,0,0,1,0,0,0,0,0,1,0,0,0,1,0,0,0,0,1,0,0,0,0,0,1,0,1,0,1,1,2,0,0,0,0,0,3,0,1,0,0,1,0,0,1,1,0,1,0,0,1,0,4,1,0,0],\"D\":[0,0,0,0,0,0,0,0,0,1,0,0,0,0,0,1,1,1,0,0,0,1,0,0,0,0,0,1,0,0,0,0,1,1,0,1,0,1,1,0,0,1,0,1,0,0,0,2,0,0,0,1,0,0,0,0,1,0,1,1,0,0,1,0,1,1,0,0,0,0,3,1],\"S\":[1,2,4,1,1,1,2,2,1,1,0,0,1,1,1,1,1,1,1,1,1,1,1,1,1,1,1,1,1,1,1,2,1,1,1,1,1,1,1,1,1,1,1,1,1,1,2,2,1,1,1,1,3,1,1,1,1,1,1,1,1,1,1,1,1,1,1,1,4,1,3,1]},\"1\":{\"A\":[0,2,4,1,0,0,0,0,1,0,0,1,0,1,0,1,1,0,1,1,0,1,1,0,1,0,0,1,1,1,0,2,0,0,1,0,1,1,1,1,1,0,1,0,1,1,2,2,0,1,0,1,3,0,0,0,0,1,1,0,1,1,1,1,1,0,1,1,4,0,0,0],\"D\":[0,0,0,0,0,0,0,0,0,1,0,0,1,0,1,0,0,1,0,0,0,0,0,0,0,0,0,0,0,0,0,0,0,1,0,1,0,0,0,0,0,0,0,1,0,0,0,0,0,0,0,0,0,0,0,0,1,0,0,1,0,0,0,0,0,1,0,0,0,0,3,0],\"S\":[1,2,4,1,1,1,2,2,1,1,1,1,1,1,1,1,1,1,1,1,1,1,1,1,1,1,1,1,1,1,1,2,1,1,1,1,1,1,1,1,1,1,1,1,1,1,2,2,1,1,1,1,3,1,1,1,1,1,1,1,1,1,1,1,1,1,1,1,4,0,3,1]},\"2\":{\"A\":[0,2,4,1,0,0,2,2,0,0,1,0,0,1,0,0,0,1,1,0,0,0,0,1,0,0,0,0,1,1,0,2,0,1,0,0,0,0,1,0,1,0,1,1,0,1,0,2,1,1,1,0,0,1,1,0,0,0,1,0,1,0,0,1,0,0,0,1,4,1,3,0],\"D\":[0,0,0,0,0,0,0,0,0,0,0,0,0,0,1,0,0,0,0,0,0,0,0,0,1,1,0,1,0,0,0,0,0,0,0,0,0,0,0,0,0,1,0,0,1,0,2,0,0,0,0,0,0,0,0,1,1,0,0,1,0,1,0,0,0,0,0,0,0,0,0,1],\"S\":[1,2,4,1,1,1,2,2,1,1,1,1,1,1,1,1,1,1,1,1,1,1,1,1,1,1,1,1,1,1,1,2,1,1,1,1,1,1,1,1,1,1,1,1,1,1,2,2,1,1,1,1,3,1,1,1,1,1,1,1,1,1,1,1,1,1,1,1,4,1,3,1]},\"3\":{\"A\":[0,0,4,1,1,1,2,0,0,0,0,1,0,1,1,1,1,1,1,0,1,1,1,0,1,1,1,1,1,1,1,0,1,0,0,1,1,0,0,0,1,0,0,0,1,0,2,2,0,0,0,1,3,1,1,0,0,1,0,0,1,0,1,1,0,0,0,0,4,1,3,1],\"D\":[0,2,0,0,0,0,0,0,0,1,0,0,0,0,0,0,0,0,0,0,0,0,0,1,0,0,0,0,0,0,0,0,0,1,1,0,0,1,0,1,0,1,0,0,0,1,0,0,1,1,1,0,0,0,0,0,1,0,1,1,0,1,0,0,1,1,0,1,0,0,0,0],\"S\":[1,2,4,1,1,1,2,2,1,1,0,1,1,1,1,1,1,1,1,1,1,1,1,1,1,1,1,1,1,1,1,2,1,1,1,1,1,1,1,1,1,1,1,1,1,1,2,2,1,1,1,1,3,1,1,1,1,1,1,1,1,1,1,1,1,1,1,1,4,1,3,1]},\"4\":{\"A\":[0,0,4,0,1,0,0,0,0,1,0,1,0,0,1,1,1,0,0,1,1,1,1,0,1,1,1,1,1,1,0,0,0,0,1,0,1,1,1,1,1,1,1,1,1,1,2,2,1,1,0,0,3,0,0,1,1,1,1,0,0,1,0,1,1,1,1,0,4,0,3,0],\"D\":[0,2,0,0,0,0,0,0,0,0,0,0,0,0,0,0,0,1,0,0,0,0,0,0,0,0,0,0,0,0,0,0,0,1,0,1,0,0,0,0,0,0,0,0,0,0,0,0,0,0,0,0,0,0,1,0,0,0,0,1,0,0,0,0,0,0,0,0,0,0,0,0],\"S\":[1,2,4,1,1,1,2,2,1,1,1,1,1,1,1,1,1,1,1,1,1,1,1,1,1,1,1,1,1,1,1,2,1,1,1,1,1,1,1,1,1,1,1,1,1,1,2,2,1,1,1,1,3,1,1,1,1,1,1,1,1,1,1,1,1,1,1,1,4,0,3,1]},\"5\":{\"A\":[0,0,4,0,0,0,0,0,1,1,1,0,0,0,1,0,1,0,1,0,1,1,1,0,1,1,0,0,0,0,1,0,0,0,0,0,0,0,1,1,0,0,0,1,1,0,2,2,0,0,0,1,3,1,0,1,1,1,1,0,1,1,0,0,1,0,1,0,4,1,3,0],\"D\":[0,2,0,0,0,0,0,0,0,0,0,0,0,0,0,0,0,1,0,0,0,0,0,1,0,0,0,0,0,1,0,0,0,1,1,1,0,0,0,0,0,0,0,0,0,0,0,0,1,1,0,0,0,0,0,0,0,0,0,0,0,0,0,0,0,0,0,0,0,0,0,0],\"S\":[1,2,4,1,1,1,2,2,1,1,1,0,1,1,1,1,1,1,1,1,1,1,1,1,1,1,1,1,1,1,1,2,1,1,1,1,1,1,1,1,1,1,1,1,1,1,2,2,1,1,1,1,3,1,1,1,1,1,1,1,1,1,1,1,1,1,1,1,4,1,3,1]},\"6\":{\"A\":[0,2,4,0,0,0,2,2,1,1,0,1,1,1,1,1,1,0,1,0,0,0,1,1,1,0,1,0,1,1,1,2,0,0,1,0,1,1,1,0,0,1,1,1,0,1,2,2,1,1,0,1,3,1,1,1,1,0,0,1,1,1,1,1,0,1,1,1,4,1,3,1],\"D\":[0,0,0,0,0,0,0,0,0,0,0,0,0,0,0,0,0,1,0,0,0,0,0,0,0,0,0,1,0,0,0,0,0,1,0,1,0,0,0,1,0,0,0,0,1,0,0,0,0,0,0,0,0,0,0,0,0,0,0,0,0,0,0,0,0,0,0,0,0,0,0,0],\"S\":[1,2,4,1,1,1,2,2,1,1,1,1,1,1,1,1,1,1,1,1,1,1,1,1,1,1,1,1,1,1,1,2,1,1,1,1,1,1,1,1,1,1,1,1,1,1,2,2,1,1,1,1,3,1,1,1,1,1,1,1,1,1,1,1,1,1,1,1,4,1,3,1]}},\"group-votes\":{\"0\":{\"votes\":{\"0\":{\"A\":25,\"D\":12,\"S\":52},