{
  "user": {},
  "ptpt": null,
  "nextComment": {
    "txt": "再エネ賦課金の徴収停止により電気代を引き下げる",
    "tid": 5,
    "created": "1728979604397",
    "tweet_id": null,
    "quote_src_url": null,
    "is_seed": true,
    "is_meta": false,
    "lang": null,
    "pid": 0,
    "randomN": 2.78317193901222,
    "remaining": 7,
    "total": 7,
    "translations": []
  },
  "conversation": {
    "topic": "経済政策・物価高対策",
    "description": "",
    "link_url": null,
    "parent_url": null,
    "upvotes": 1,
    "participant_count": 71,
    "is_anon": false,
    "is_active": true,
    "is_draft": true,
    "is_public": true,
    "is_data_open": false,
    "profanity_filter": true,
    "spam_filter": true,
    "strict_moderation": false,
    "prioritize_seed": false,
    "vis_type": 1,
    "write_type": 1,
    "help_type": 1,
    "write_hint_type": 1,
    "style_btn": null,
    "socialbtn_type": 0,
    "subscribe_type": 1,
    "branding_type": 1,
    "bgcolor": null,
    "help_bgcolor": null,
    "help_color": null,
    "email_domain": null,
    "use_xid_whitelist": false,
    "owner": 72,
    "org_id": 72,
    "context": null,
    "course_id": null,
    "owner_sees_participation_stats": false,
    "auth_needed_to_vote": false,
    "auth_needed_to_write": true,
    "auth_opt_fb": true,
    "auth_opt_tw": true,
    "auth_opt_allow_3rdparty": true,
    "modified": "1729265220671",
    "created": "1728979601778",
    "site_id": "polis_site_id_wlE61IMj5fRdvFgrn7",
    "auth_opt_fb_computed": true,
    "auth_opt_tw_computed": true,
    "translations": [],
    "ownername": "admin",
    "is_mod": false,
    "is_owner": false,
    "conversation_id": "69rmeiumcr"
  },
  "votes": [],
  "pca": "{\"n\":69,\"pca\":{\"comps\":[[0.4926989056269421,0.5194545072174854,-0.06111597424548434,0.33649124093566424,0.3956633492843209,0.4069212249125484,0.21981564216370042],[0.5013478533653187,0.3317706816024264,0.4184487137075843,-0.39703571304148055,-0.3252090096459413,-0.4142866866322304,0.16866387474961492]],\"center\":[-0.06349206349206347,-0.421875,-0.375,-0.4920634920634922,-0.5384615384615384,-0.35483870967741943,-0.6190476190476192],\"comment-extremity\":[1.7416814890780015,0.9427751863790389,0.6992857455838606,0.6994132609770756,0.625409769823799,0.9912265274571548,0.27925782670435234],\"comment-projection\":[[-1.2207931389814555,-0.7945446157786829,0.10106104311686247,-0.45220172285322385,-0.4831508423580919,-0.6945886221370219,-0.22155334226556767],[-1.2422232171444747,-0.5074681325848323,-0.691944520565708,0.5335658454953455,0.39711792168035365,0.7071609963315023,-0.16999720676115332]]},\"tids\":[0,1,2,3,4,5,6],\"mod-in\":[0,1,4,6,3,2,5],\"n-cmts\":7,\"in-conv\":[0,62,7,59,20,58,60,27,1,55,39,4,54,48,50,21,31,32,40,56,33,13,22,36,41,61,29,44,6,28,64,51,25,34,17,3,12,2,66,23,47,35,19,57,11,9,5,14,53,26,16,38,30,10,18,52,67,42,37,63,8,49],\"mod-out\":[],\"repness\":{\"0\":[{\"tid\":4,\"p-test\":3.6769552621700474,\"n-agree\":37,\"repness\":5.215686274509804,\"n-trials\":49,\"n-success\":37,\"p-success\":0.7450980392156863,\"best-agree\":true,\"repful-for\":\"agree\",\"repness-test\":4.0440445},{\"tid\":3,\"p-test\":3.9597979746446668,\"repness\":3.568627450980392,\"n-trials\":49,\"n-success\":38,\"p-success\":0.7647058823529412,\"repful-for\":\"agree\",\"repness-test\":3.7423768},{\"tid\":5,\"p-test\":1.697056274847714,\"repness\":8.509803921568627,\"n-trials\":49,\"n-success\":30,\"p-success\":0.607843137254902,\"repful-for\":\"agree\",\"repness-test\":3.489253},{\"tid\":1,\"p-test\":2.2627416997969525,\"repness\":1.811764705882353,\"n-trials\":49,\"n-success\":32,\"p-success\":0.6470588235294118,\"repful-for\":\"agree\",\"repness-test\":1.8080267}],\"1\":[{\"tid\":2,\"p-test\":1.3867504905630725,\"n-agree\":8,\"repness\":1.453416149068323,\"n-trials\":12,\"n-success\":8,\"p-success\":0.6428571428571429,\"best-agree\":true,\"repful-for\":\"agree\",\"repness-test\":1.5534713}]},\"consensus\":{\"agree\":[{\"tid\":6,\"p-test\":3.5,\"n-trials\":63,\"n-success\":45,\"p-success\":0.7076923076923077},{\"tid\":3,\"p-test\":2.5,\"n-trials\":63,\"n-success\":41,\"p-success\":0.6461538461538462},{\"tid\":4,\"p-test\":1.9694638556693238,\"n-trials\":65,\"n-success\":40,\"p-success\":0.6119402985074627},{\"tid\":1,\"p-test\":1.3643820804812934,\"n-trials\":64,\"n-success\":37,\"p-success\":0.5757575757575758}],\"disagree\":[]},\"meta-tids\":[],\"votes-base\":{\"0\":{\"A\":[0,2,0,1,0,0,0,0,1,0,0,0,1,0,1,1,0,0,0,0,1,0,0,0,1,0,0,3,2,1,0,1,0,0,1,0,0,0,0,1,0,0,1,0,0,0,0,0,1,0,1,1],\"D\":[0,0,0,0,0,0,0,0,0,1,0,0,0,0,0,0,1,1,1,0,0,0,2,1,0,0,0,0,0,0,0,0,1,0,0,0,0,1,1,0,1,1,0,1,0,1,1,0,0,1,0,0],\"S\":[1,2,4,1,1,1,2,2,1,1,0,0,1,1,1,1,1,1,1,1,1,1,2,1,1,1,1,3,2,1,1,1,1,1,1,1,1,1,1,1,1,1,1,1,1,1,1,1,1,1,1,1]},\"1\":{\"A\":[0,2,4,1,0,0,0,0,1,0,0,1,0,0,1,0,1,1,0,1,1,0,0,1,1,0,1,3,2,0,0,1,1,1,1,0,1,0,0,1,0,0,1,0,1,1,1,1,1,0,1,1],\"D\":[0,0,0,0,0,0,0,0,0,1,0,0,0,1,0,1,0,0,1,0,0,0,2,0,0,0,0,0,0,0,0,0,0,0,0,0,0,1,0,0,0,1,0,1,0,0,0,0,0,0,0,0],\"S\":[1,2,4,1,1,1,2,2,1,1,1,1,0,1,1,1,1,1,1,1,1,1,2,1,1,1,1,3,2,1,1,1,1,1,1,1,1,1,1,1,1,1,1,1,1,1,1,1,1,1,1,1]},\"2\":{\"A\":[0,2,4,1,0,0,2,2,0,0,1,0,1,0,1,0,0,0,1,1,0,0,2,0,0,1,0,0,2,0,0,1,0,1,1,0,1,1,0,0,0,1,0,0,0,0,1,0,1,0,0,1],\"D\":[0,0,0,0,0,0,0,0,0,0,0,0,0,0,0,1,0,0,0,0,0,0,0,0,1,0,1,0,0,1,0,0,1,0,0,0,0,0,0,0,1,0,0,0,0,0,0,0,0,1,0,0],\"S\":[1,2,4,1,1,1,2,2,1,1,1,1,1,1,1,1,1,1,1,1,1,1,2,1,1,1,1,3,2,1,1,1,1,1,1,1,1,1,1,1,1,1,1,1,1,1,1,1,1,1,1,1]},\"3\":{\"A\":[0,0,4,1,1,1,2,0,0,0,0,1,1,0,1,1,1,1,1,1,0,1,0,1,1,0,1,3,2,1,1,1,1,1,1,1,0,1,1,0,1,0,0,1,1,0,0,0,1,0,1,0],\"D\":[0,2,0,0,0,0,0,0,0,1,0,0,0,0,0,0,0,0,0,0,0,0,0,0,0,1,0,0,0,0,0,0,0,0,0,0,0,0,0,0,0,1,1,0,0,1,0,1,0,1,0,0],\"S\":[1,2,4,1,1,1,2,2,1,1,0,1,1,1,1,1,1,1,1,1,1,1,2,1,1,1,1,3,2,1,1,1,1,1,1,1,1,1,1,1,1,1,1,1,1,1,1,1,1,1,1,1]},\"4\":{\"A\":[0,0,4,0,1,0,0,0,0,1,0,1,0,0,0,1,1,1,0,0,1,1,2,1,1,0,1,3,2,1,1,0,1,1,1,0,0,1,0,1,0,0,1,0,1,1,1,1,1,1,1,1],\"D\":[0,2,0,0,0,0,0,0,0,0,0,0,0,0,0,0,0,0,1,0,0,0,0,0,0,0,0,0,0,0,0,0,0,0,0,0,0,0,0,0,0,1,0,1,0,0,0,0,0,0,0,0],\"S\":[1,2,4,1,1,1,2,2,1,1,1,1,0,1,1,1,1,1,1,1,1,1,2,1,1,1,1,3,2,1,1,1,1,1,1,1,1,1,1,1,1,1,1,1,1,1,1,1,1,1,1,1]},\"5\":{\"A\":[0,0,4,0,0,0,0,0,1,1,1,0,1,0,0,1,0,1,0,1,0,1,2,1,1,0,1,3,2,1,0,1,0,0,0,1,0,1,0,1,0,0,0,0,0,0,1,1,0,0,1,0],\"D\":[0,2,0,0,0,0,0,0,0,0,0,0,0,0,0,0,0,0,1,0,0,0,0,0,0,1,0,0,0,0,0,0,0,0,1,0,0,0,0,0,0,1,1,1,0,0,0,0,0,0,0,0],\"S\":[1,2,4,1,1,1,2,2,1,1,1,0,1,1,1,1,1,1,1,1,1,1,2,1,1,1,1,3,2,1,1,1,1,1,1,1,1,1,1,1,1,1,1,1,1,1,1,1,1,1,1,1]},\"6\":{\"A\":[0,2,4,0,0,0,2,2,1,1,0,1,1,1,1,1,1,1,0,1,0,0,2,0,0,1,1,3,2,0,1,1,0,1,1,1,1,1,0,1,1,0,1,0,1,1,1,0,0,1,0,1],\"D\":[0,0,0,0,0,0,0,0,0,0,0,0,0,0,0,0,0,0,1,0,0,0,0,0,1,0,0,0,0,0,0,0,1,0,0,0,0,0,0,0,0,1,0,1,0,0,0,1,0,0,0,0],\"S\":[1,2,4,1,1,1,2,2,1,1,1,1,1,1,1,1,1,1,1,1,1,1,2,1,1,1,1,3,2,1,1,1,1,1,1,1,1,1,1,1,1,1,1,1,1,1,1,1,1,1,1,1]}},\"group-votes\":{\"0\":{\"votes\":{\"0\":{\"A\":19,\"D\":13,\"S\":48},\"1\":{\"A\":32,\"D\":5,\"S\":49},\"2\":{\"A\":22,\"D\":7,\"S\":50},\"3\":{\"A\":38,\"D\":4,\"S\":49},\"4\":{\"A\":37,\"D\":0,\"S\":49},\"5\":{\"A\":30,\"D\":1,\"S\":49},\"6\":{\"A\":36,\"D\":3,\"S\":50}},\"n-members\":50,\"id\":0},\"1\":{\"votes\":{\"0\":{\"A\":3,\"D\":3,\"S\":12},\"1\":{\"A\":4,\"D\":4,\"S\":12},\"2\":{\"A\":8,\"D\":0,\"S\":12},\"3\":{\"A\":2,\"D\":5,\"S\":12},\"4\":{\"A\":1,\"D\":5,\"S\":12},\"5\":{\"A\":0,\"D\":7,\"S\":12},\"6\":{\"A\":8,\"D\":3,\"S\":12}},\"n-members\":12,\"id\":1}},\"base-clusters\":{\"x\":[0.8866011532201032,0.854823887589993,-0.9306288370481318,-0.4009275263145042,0.15444656300011808,0.550109912284439,0.39141024436622285,0.7279014853018871,-0.7522891267005732,1.2128455906396252,0.4069533761045827,-0.8998327284197571,-1.1127013168456505,1.1862400182738884,-0.6207431684782047,-0.5066506767310718,-0.09212468075412565,-0.499045905666674,2.6457795157349207,-0.5349654877638109,-0.5212156089086453,-0.25247466191243034,0.9374703239494454,-0.2792302635029736,-1.105928406838642,1.4713139511500997,-1.0528607855391003,-1.4844437169205582,-1.423327742675074,-0.8062895417848568,