{
  "user": {},
  "ptpt": null,
  "nextComment": {
    "txt": "現行の9条を維持し、自衛隊を明記の上、自衛の措置（自衛権）についても言及する",
    "tid": 1,
    "created": "1728996233642",
    "tweet_id": null,
    "quote_src_url": null,
    "is_seed": true,
    "is_meta": false,
    "lang": null,
    "pid": 0,
    "randomN": 2.0664963579364355,
    "remaining": 12,
    "total": 12,
    "translations": []
  },
  "conversation": {
    "topic": "憲法",
    "description": "",
    "link_url": null,
    "parent_url": null,
    "upvotes": 1,
    "participant_count": 66,
    "is_anon": false,
    "is_active": true,
    "is_draft": true,
    "is_public": true,
    "is_data_open": false,
    "profanity_filter": true,
    "spam_filter": true,
    "strict_moderation": false,
    "prioritize_seed": false,
    "vis_type": 1,
    "write_type": 1,
    "help_type": 1,
    "write_hint_type": 1,
    "style_btn": null,
    "socialbtn_type": 0,
    "subscribe_type": 1,
    "branding_type": 1,
    "bgcolor": null,
    "help_bgcolor": null,
    "help_color": null,
    "email_domain": null,
    "use_xid_whitelist": false,
    "owner": 72,
    "org_id": 72,
    "context": null,
    "course_id": null,
    "owner_sees_participation_stats": false,
    "auth_needed_to_vote": false,
    "auth_needed_to_write": true,
    "auth_opt_fb": true,
    "auth_opt_tw": true,
    "auth_opt_allow_3rdparty": true,
    "modified": "1729271120174",
    "created": "1728996232203",
    "site_id": "polis_site_id_wlE61IMj5fRdvFgrn7",
    "auth_opt_fb_computed": true,
    "auth_opt_tw_computed": true,
    "translations": [],
    "ownername": "admin",
    "is_mod": false,
    "is_owner": false,
    "conversation_id": "77anwcwh4b"
  },
  "votes": [],
  "pca": "{\"n\":66,\"pca\":{\"comps\":[[0.34826883341581455,0.38446281997722925,0.2177104046038875,0.33121768224231807,0.4316025418960935,0.2611623105587413,0.27898483919291345,0.2950188438206595,0.3140424454701962,0.0037796002512272046,0.1886189625407257,0.1422145039099697],[0.3370698819833094,0.45812600497964845,0.5536452506491937,-0.25379619405456433,-0.12601592712751822,-0.17953667247318728,-0.35513432915948884,-0.09396566946777105,-0.1691097811805758,-0.18461421636294328,-0.24416167431856467,-0.014493685494880747]],\"center\":[-0.5084745762711864,-0.37288135593220345,0.017857142857142856,0,-0.4736842105263157,-0.4727272727272727,-0.1929824561403509,-0.5245901639344263,-0.40350877192982465,0.2830188679245283,-0.39285714285714285,0.4482758620689655],\"comment-extremity\":[0.8252487071207396,1.299255010651298,2.097638022623282,1.4454798282088417,0.8197576185137173,0.5788652609491167,1.2625208987927083,0.5099062451516208,0.7370105487891158,0.8206912513251252,0.6489060473196039,0.7171823237095442],\"comment-projection\":[[-0.5929952579965776,-0.8352080711662848,-0.7676383028674174,-1.1473717080177974,-0.786902664463062,-0.47701983041399393,-0.7799274434064462,-0.4858570876701863,-0.6489078604834029,-0.016798462542827984,-0.39670426061821085,-0.7134865756207829],[-0.5739268704269077,-0.995234173730584,-1.952131324969133,0.8791758057402312,0.22975367194500917,0.3279284551933447,0.9928102552400598,0.1547490523566127,0.34943259382788844,0.8205193121784502,0.5135219448624475,0.07271445420513212]]},\"tids\":[0,1,2,3,4,5,6,7,8,9,10,11],\"mod-in\":[0,7,1,4,6,3,2,11,9,5,10,8],\"n-cmts\":12,\"in-conv\":[0,62,7,59,20,58,27,1,55,39,46,4,54,15,48,50,21,31,32,40,56,33,13,22,41,43,61,29,44,6,28,64,51,25,17,3,12,2,23,47,35,19,57,11,9,5,14,45,26,38,10,52,42,37,63,8,49],\"mod-out\":[],\"repness\":{\"0\":[{\"tid\":2,\"p-test\":1.5275252316519472,\"repness\":2.227272727272727,\"n-trials\":20,\"n-success\":13,\"p-success\":0.6363636363636364,\"repful-for\":\"disagree\",\"repness-test\":2.7066207},{\"tid\":11,\"p-test\":2.683281572999748,\"repness\":1.447619047619048,\"n-trials\":19,\"n-success\":15,\"p-success\":0.7619047619047619,\"repful-for\":\"disagree\",\"repness-test\":1.9380362}],\"1\":[{\"tid\":0,\"p-test\":4.666666666666668,\"n-agree\":31,\"repness\":2.718146718146718,\"n-trials\":35,\"n-success\":31,\"p-success\":0.8648648648648649,\"best-agree\":true,\"repful-for\":\"agree\",\"repness-test\":4.3526855},{\"tid\":1,\"p-test\":4.109974682633932,\"repness\":2.991228070175439,\"n-trials\":36,\"n-success\":30,\"p-success\":0.8157894736842105,\"repful-for\":\"agree\",\"repness-test\":4.204848},{\"tid\":4,\"p-test\":3.887709571751177,\"repness\":2.953703703703704,\"n-trials\":34,\"n-success\":28,\"p-success\":0.8055555555555556,\"repful-for\":\"agree\",\"repness-test\":4.062371},{\"tid\":5,\"p-test\":3.211586167968362,\"repness\":2.357142857142857,\"n-trials\":34,\"n-success\":26,\"p-success\":0.75,\"repful-for\":\"agree\",\"repness-test\":3.249791},{\"tid\":6,\"p-test\":1.4795908857482152,\"repness\":4.43859649122807,\"n-trials\":36,\"n-success\":22,\"p-success\":0.6052631578947368,\"repful-for\":\"agree\",\"repness-test\":3.523585}]},\"consensus\":{\"agree\":[{\"tid\":0,\"p-test\":2.8401877872187726,\"n-trials\":59,\"n-success\":40,\"p-success\":0.6721311475409836},{\"tid\":4,\"p-test\":2.1009029257555603,\"n-trials\":57,\"n-success\":36,\"p-success\":0.6271186440677966},{\"tid\":7,\"p-test\":2.032002032003048,\"n-trials\":61,\"n-success\":38,\"p-success\":0.619047619047619},{\"tid\":1,\"p-test\":1.8073922282301285,\"n-trials\":59,\"n-success\":36,\"p-success\":0.6065573770491803},{\"tid\":5,\"p-test\":1.336306209562122,\"n-trials\":55,\"n-success\":32,\"p-success\":0.5789473684210527}],\"disagree\":[{\"tid\":11,\"p-test\":1.692455842750709,\"n-trials\":58,\"n-success\":35,\"p-success\":0.6}]},\"meta-tids\":[],\"votes-base\":{\"0\":{\"A\":[0,1,1,1,1,0,1,1,2,1,1,1,0,1,1,0,1,0,1,1,1,1,0,1,1,0,1,1,1,1,0,1,0,1,1,1,0,0,0,1,1,1,0,0,1,0,0,1,1,0,0,1,1,1],\"D\":[0,0,0,0,0,3,0,0,0,0,0,0,0,0,0,0,0,0,0,0,0,0,1,0,0,0,0,0,0,0,0,0,0,0,0,0,1,1,1,0,0,0,1,1,0,0,0,0,0,1,0,0,0,0],\"S\":[1,1,1,1,1,3,1,1,2,1,1,1,0,1,1,0,1,1,1,1,1,1,1,1,1,1,1,1,1,1,1,1,1,1,1,1,1,1,1,1,1,1,1,1,1,1,1,1,1,1,1,1,1,1]},\"1\":{\"A\":[0,1,0,1,1,0,1,1,2,1,0,0,0,1,0,1,1,0,1,1,1,1,0,1,0,0,1,1,1,1,0,1,0,1,1,1,0,1,0,1,0,1,0,0,1,1,1,1,1,1,1,0,0,1],\"D\":[0,0,0,0,0,3,0,0,0,0,1,0,0,0,0,0,0,0,0,0,0,0,1,0,1,1,0,0,0,0,1,0,0,0,0,0,1,0,1,0,0,0,0,1,0,0,0,0,0,0,0,1,1,0],\"S\":[1,1,1,1,1,3,1,1,2,1,1,1,1,1,0,1,1,1,1,1,1,1,1,1,1,1,1,1,1,1,1,1,1,1,1,1,1,1,1,1,1,1,1,1,1,1,1,1,1,1,1,1,1,1]},\"2\":{\"A\":[0,1,1,1,1,0,0,1,0,1,0,0,0,0,0,0,0,0,1,0,0,0,0,0,0,0,1,0,0,0,0,1,0,0,0,0,1,0,0,1,0,0,0,0,1,1,1,1,1,0,1,0,1,1],\"D\":[0,0,0,0,0,3,1,0,2,0,1,1,0,0,0,1,0,1,0,0,1,1,1,1,0,0,0,0,0,1,1,0,0,0,1,0,0,0,1,0,1,0,1,1,0,0,0,0,0,1,0,0,0,0],\"S\":[1,1,1,1,1,3,1,1,2,1,1,1,1,0,0,1,0,1,1,1,1,1,1,1,1,1,1,0,1,1,1,1,1,1,1,1,1,1,1,1,1,1,1,1,1,1,1,1,1,1,1,1,1,1]},\"3\":{\"A\":[0,1,0,0,1,0,0,0,2,0,0,0,1,0,1,1,0,0,0,1,0,1,1,0,1,0,0,0,0,0,0,0,0,1,0,1,1,0,0,0,0,1,0,0,0,1,0,0,1,1,1,0,0,0],\"D\":[0,0,0,0,0,3,1,1,0,1,0,0,0,1,0,0,0,0,0,0,1,0,0,0,0,0,1,0,1,0,1,0,0,0,0,0,0,1,0,1,1,0,1,1,0,0,1,1,0,0,0,1,1,0],\"S\":[1,1,1,1,1,3,1,1,2,1,1,1,1,1,1,1,0,1,1,1,1,1,1,1,1,1,1,0,1,1,1,1,1,1,1,1,1,1,1,1,1,1,1,1,1,1,1,1,1,1,1,1,1,1]},\"4\":{\"A\":[0,1,0,1,1,0,1,1,2,1,0,0,0,0,1,0,1,1,0,0,0,1,0,1,1,0,1,0,0,1,0,1,1,1,1,0,1,0,0,0,1,1,1,1,1,1,1,0,1,1,1,0,1,1],\"D\":[0,0,0,0,0,3,0,0,0,0,0,0,0,1,0,0,0,0,0,0,1,0,0,0,0,0,0,0,1,0,0,0,0,0,0,0,0,1,0,1,0,0,0,0,0,0,0,0,0,0,0,1,0,0],\"S\":[1,1,1,1,1,3,1,1,2,1,1,1,0,1,1,0,1,1,1,1,1,1,1,1,1,1,1,0,1,1,1,1,1,1,1,1,1,1,1,1,1,1,1,1,1,1,1,1,1,1,1,1,1,1]},\"5\":{\"A\":[0,0,0,0,1,0,1,1,2,1,1,0,1,0,0,0,1,0,0,1,1,1,0,0,1,0,1,1,0,1,0,1,0,1,1,0,1,0,1,0,1,1,1,1,0,1,1,1,1,0,1,1,1,0],\"D\":[0,1,0,0,0,0,0,0,0,0,0,0,0,0,0,0,0,1,0,0,0,0,1,0,0,0,0,0,0,0,0,0,0,0,0,0,0,1,0,1,0,0,0,0,0,0,0,0,0,0,0,0,0,0],\"S\":[1,1,1,1,1,3,1,1,2,1,1,1,1,0,0,0,1,1,1,1,1,1,1,1,1,1,1,1,1,1,1,1,1,1,1,1,1,1,1,1,1,1,1,1,1,1,1,1,1,1,1,1,1,1]},\"6\":{\"A\":[0,0,0,0,1,0,1,0,2,1,1,0,1,1,1,1,0,0,0,0,0,1,0,1,1,0,0,0,0,1,0,0,0,1,1,0,1,0,1,0,1,0,0,0,1,0,1,1,1,0,0,0,1,0],\"D\":[0,1,0,0,0,0,0,1,0,0,0,0,0,0,0,0,0,0,0,1,1,0,1,0,0,0,1,0,0,0,1,1,1,0,0,0,0,1,0,1,0,0,0,0,0,0,0,0,0,1,0,0,0,0],\"S\":[1,1,1,1,1,3,1,1,2,1,1,1,1,1,1,1,1,1,1,1,1,1,1,