{
  "user": {},
  "ptpt": null,
  "nextComment": {
    "txt": "憲法改正を積極的に議論する",
    "tid": 0,
    "created": "1728996233001",
    "tweet_id": null,
    "quote_src_url": null,
    "is_seed": true,
    "is_meta": false,
    "lang": null,
    "pid": 0,
    "randomN": 0.5329436222725965,
    "remaining": 12,
    "total": 12,
    "translations": []
  },
  "conversation": {
    "topic": "憲法",
    "description": "",
    "link_url": null,
    "parent_url": null,
    "upvotes": 1,
    "participant_count": 74,
    "is_anon": false,
    "is_active": true,
    "is_draft": true,
    "is_public": true,
    "is_data_open": false,
    "profanity_filter": true,
    "spam_filter": true,
    "strict_moderation": false,
    "prioritize_seed": false,
    "vis_type": 1,
    "write_type": 1,
    "help_type": 1,
    "write_hint_type": 1,
    "style_btn": null,
    "socialbtn_type": 0,
    "subscribe_type": 1,
    "branding_type": 1,
    "bgcolor": null,
    "help_bgcolor": null,
    "help_color": null,
    "email_domain": null,
    "use_xid_whitelist": false,
    "owner": 72,
    "org_id": 72,
    "context": null,
    "course_id": null,
    "owner_sees_participation_stats": false,
    "auth_needed_to_vote": false,
    "auth_needed_to_write": true,
    "auth_opt_fb": true,
    "auth_opt_tw": true,
    "auth_opt_allow_3rdparty": true,
    "modified": "1729283261594",
    "created": "1728996232203",
    "site_id": "polis_site_id_wlE61IMj5fRdvFgrn7",
    "auth_opt_fb_computed": true,
    "auth_opt_tw_computed": true,
    "translations": [],
    "ownername": "admin",
    "is_mod": false,
    "is_owner": false,
    "conversation_id": "77anwcwh4b"
  },
  "votes": [],
  "pca": "{\"n\":74,\"pca\":{\"comps\":[[0.2738520614072537,0.3962931271093442,0.19603610929531112,0.3401629897904572,0.45126707031871277,0.3039115071741602,0.2921669605563236,0.27278235290267894,0.28812153132164947,0.013489990303878279,0.2524149112816494,0.10550160268199422],[0.32757313649542713,0.42329425632276363,0.6018977830404822,-0.05329457317096757,-0.07093541288050088,-0.19547584085731118,-0.3842996867532625,-0.09157453341276334,-0.2733431061401036,-0.10094756860443917,-0.23340234855614161,0.09847972832706281]],\"center\":[-0.5303030303030304,-0.34848484848484845,0.04761904761904761,0,-0.421875,-0.4516129032258066,-0.140625,-0.5522388059701492,-0.3809523809523809,0.28813559322033905,-0.3174603174603174,0.421875],\"comment-extremity\":[0.6947053717811709,1.3086724639366512,2.2972575849715544,1.1927338570829202,0.9148425106655689,0.6864431190790317,1.437129239676631,0.4463155663531853,0.8516722168495975,0.4544558024478835,0.8128469717733683,0.7108609147084941],\"comment-projection\":[[-0.44557867295636056,-0.8943997795842613,-0.7114265743987901,-1.1783591623432104,-0.9037452269458253,-0.5773311557624604,-0.8697700343346515,-0.42311005489757336,-0.6178604479092742,-0.060195474359138336,-0.5968064885681179,-0.5196501996059207],[-0.53298705405297,-0.9553390247161738,-2.1843224672535286,0.18461781699962598,0.14206119840941941,0.3713393223413476,1.1440456891693753,0.1420403682540178,0.5861689448127212,0.4504515304061337,0.5518534359086006,-0.4850638206563376]]},\"tids\":[0,1,2,3,4,5,6,7,8,9,10,11],\"mod-in\":[0,7,1,4,6,3,2,11,9,5,10,8],\"n-cmts\":12,\"in-conv\":[0,65,70,62,7,59,20,58,27,1,69,55,39,46,4,54,15,48,50,21,31,32,40,56,33,13,22,41,43,61,29,44,6,28,64,51,25,17,3,12,2,66,23,47,35,19,57,68,11,9,5,14,45,26,38,73,10,52,67,42,37,63,8,49],\"mod-out\":[],\"repness\":{\"0\":[{\"tid\":2,\"p-test\":1.4596008983995232,\"repness\":1.923076923076923,\"n-trials\":22,\"n-success\":14,\"p-success\":0.625,\"repful-for\":\"disagree\",\"repness-test\":2.436953},{\"tid\":11,\"p-test\":2.2936585546278216,\"repness\":1.352272727272727,\"n-trials\":22,\"n-success\":16,\"p-success\":0.7083333333333333,\"repful-for\":\"disagree\",\"repness-test\":1.5935482}],\"1\":[{\"tid\":1,\"p-test\":4.529039094769577,\"n-agree\":34,\"repness\":3.472222222222222,\"n-trials\":40,\"n-success\":34,\"p-success\":0.8333333333333333,\"best-agree\":true,\"repful-for\":\"agree\",\"repness-test\":4.866851},{\"tid\":4,\"p-test\":4.003203845127178,\"repness\":4,\"n-trials\":38,\"n-success\":31,\"p-success\":0.8,\"repful-for\":\"agree\",\"repness-test\":4.792912},{\"tid\":0,\"p-test\":4.110960958218893,\"repness\":1.829268292682927,\"n-trials\":39,\"n-success\":32,\"p-success\":0.8048780487804879,\"repful-for\":\"agree\",\"repness-test\":3.0637667},{\"tid\":5,\"p-test\":3.1622776601683795,\"repness\":2.195121951219512,\"n-trials\":39,\"n-success\":29,\"p-success\":0.7317073170731707,\"repful-for\":\"agree\",\"repness-test\":3.1413498},{\"tid\":7,\"p-test\":3.3946736991660216,\"repness\":1.691331923890063,\"n-trials\":41,\"n-success\":31,\"p-success\":0.7441860465116279,\"repful-for\":\"agree\",\"repness-test\":2.489803}]},\"consensus\":{\"agree\":[{\"tid\":0,\"p-test\":3.0542361089076304,\"n-trials\":66,\"n-success\":45,\"p-success\":0.676470588235294},{\"tid\":7,\"p-test\":2.4253562503633304,\"n-trials\":67,\"n-success\":43,\"p-success\":0.6376811594202899},{\"tid\":1,\"p-test\":1.8325416653445783,\"n-trials\":66,\"n-success\":40,\"p-success\":0.6029411764705882},{\"tid\":4,\"p-test\":1.6124515496597094,\"n-trials\":64,\"n-success\":38,\"p-success\":0.5909090909090909},{\"tid\":5,\"p-test\":1.3858697343671669,\"n-trials\":62,\"n-success\":36,\"p-success\":0.578125}],\"disagree\":[{\"tid\":11,\"p-test\":1.6124515496597094,\"n-trials\":64,\"n-success\":38,\"p-success\":0.5909090909090909}]},\"meta-tids\":[],\"votes-base\":{\"0\":{\"A\":[0,1,1,1,1,0,1,1,2,1,1,1,0,1,1,0,1,0,1,1,1,1,0,1,1,0,1,1,1,1,0,1,0,1,1,1,0,0,0,1,1,1,0,0,1,0,0,1,1,0,0,1,1,1,1,1,1,1,1,0,0],\"D\":[0,0,0,0,0,3,0,0,0,0,0,0,0,0,0,0,0,0,0,0,0,0,1,0,0,0,0,0,0,0,0,0,0,0,0,0,1,1,1,0,0,0,1,1,0,0,0,0,0,1,0,0,0,0,0,0,0,0,0,0,0],\"S\":[1,1,1,1,1,3,1,1,2,1,1,1,0,1,1,0,1,1,1,1,1,1,1,1,1,1,1,1,1,1,1,1,1,1,1,1,1,1,1,1,1,1,1,1,1,1,1,1,1,1,1,1,1,1,1,1,1,1,1,1,1]},\"1\":{\"A\":[0,1,0,1,1,0,1,1,2,1,0,0,0,1,0,1,1,0,1,1,1,1,0,1,0,0,1,1,1,1,0,1,0,1,1,1,0,1,0,1,0,1,0,0,1,1,1,1,1,1,1,0,0,1,0,1,0,0,1,1,1],\"D\":[0,0,0,0,0,3,0,0,0,0,1,0,0,0,0,0,0,0,0,0,0,0,1,0,1,1,0,0,0,0,1,0,0,0,0,0,1,0,1,0,0,0,0,1,0,0,0,0,0,0,0,1,1,0,1,0,1,1,0,0,0],\"S\":[1,1,1,1,1,3,1,1,2,1,1,1,1,1,0,1,1,1,1,1,1,1,1,1,1,1,1,1,1,1,1,1,1,1,1,1,1,1,1,1,1,1,1,1,1,1,1,1,1,1,1,1,1,1,1,1,1,1,1,1,1]},\"2\":{\"A\":[0,1,1,1,1,0,0,1,0,1,0,0,0,0,0,0,0,0,1,0,0,0,0,0,0,0,1,0,0,0,0,1,0,0,0,0,1,0,0,1,0,0,0,0,1,1,1,1,1,0,1,0,1,1,1,0,0,0,1,0,0],\"D\":[0,0,0,0,0,3,1,0,2,0,1,1,0,0,0,1,0,1,0,0,1,1,1,1,0,0,0,0,0,1,1,0,0,0,1,0,0,0,1,0,1,0,1,1,0,0,0,0,0,1,0,0,0,0,0,0,1,1,0,1,1],\"S\":[1,1,1,1,1,3,1,1,2,1,1,1,1,0,0,1,0,1,1,1,1,1,1,1,1,1,1,0,1,1,1,1,1,1,1,1,1,1,1,1,1,1,1,1,1,1,1,1,1,1,1,1,1,1,1,1,1,1,1,1,1]},\"3\":{\"A\":[0,1,0,0,1,0,0,0,2,0,0,0,1,0,1,1,0,0,0,1,0,1,1,0,1,0,0,0,0,0,0,0,0,1,0,1,1,0,0,0,0,1,0,0,0,1,0,0,1,1,1,0,0,0,1,0,0,0,1,1,1],\"D\":[0,0,0,0,0,3,1,1,0,1,0,0,0,1,0,0,0,0,0,0,1,0,0,0,0,0,1,0,1,0,1,0,0,0,0,0,0,1,0,1,1,0,1,1,0,0,1,1,0,0,0,1,1,0,0,1,1,1,0,0,0],\"S\":[1,1,1,1,1,3,1,1,2,1,1,1,1,1,1,1,0,1,1,1,1,1,1,1,1,1,1,0,1,1,1,1,1,1,1,1,1,1,1,1,1,1,1,1,1,1,1,1,1,1,1,1,1,1,1,1,1,1,1,1,1]},\"4\":{\"A\":[0,1,0,1,1,0,1,1,2,1,0,0,0,0,1,0,1,1,0,0,0,1,0,1,1,0,1,0,0,1,0,1,1,1,1,0,1,0,0,0,1,1,1,1,1,1,1,0,1,1,1,0,1,1,0,1,0,0,0,1,0],\"D\":[0,0,0,0,0,3,0,0,0,0,0,0,0,1,0,0,0,0,0,0,1,0,0,0,0,0,0,0,1,0,0,0,0,0,0,0,0,1,0,1,0,0,0,0,0,0,0,0,0,0,0,1,0,0,1,0,1,0,0,0,0],\"S\":[1,1,1,1,1,3,1,1,2,1,1,1,0,1,1,0,1,1,1,1,1,1,1,1,1,1,1,0,1,1,1,1,1,1,1,1,1,1,1,1,1,1,1,1,1,1,1,1,1,1,1,1,1,1,1,1,1,1,1,1,1]},\"5\":{\"A\":[0,0,0,0,1,0,1,1,2,1,1,0,1,0,0,0,1,0,0,1,1,1,0,0,1,0,1,1,0,1,0,1,0,1,1,0,1,0,1,0,1,1,1,1,0,1,1,1,1,0,1,1,1,0,0,1,0,1,1,1,0],\"D\":[0,1,0,0,0,0,0,0,0,0,0,0,0,0,0,0,0,1,0,0,0,0,1,0,0,0,0,0,0,0,0,0,0,0,0,0,0,1,0,1,0,0,0,0,0,0,0,0,0,0,0,0,0,0,1,0,1,0,0,0,0],\"S\":[1,1,1,1,1,3,1,1,2,1,1,1,1,0,0,0,1,1,1,1,1,1,1,1,1,1,1,1,1,1,1,1,1,1,1,1,1,1,1,1,1,1,1,1,1,1,1,1,1,1,1,1,1,1,1,1,1,1,1,1,1]},\"6\":{\"A\":[0,0,0,0,1,0,1,0,2,1,1,0,1,1,1,1,0,0,0,0,0,1,0,1,1,0,0,0,0,1,0,0,0,1,1,0,1,0,1,0,