{
  "user": {},
  "ptpt": null,
  "nextComment": {
    "txt": "オンラインによる国会審議、採決に参加できる制度を創設",
    "tid": 8,
    "created": "1728996237036",
    "tweet_id": null,
    "quote_src_url": null,
    "is_seed": true,
    "is_meta": false,
    "lang": null,
    "pid": 0,
    "randomN": 6.219813421988947,
    "remaining": 12,
    "total": 12,
    "translations": []
  },
  "conversation": {
    "topic": "憲法",
    "description": "",
    "link_url": null,
    "parent_url": null,
    "upvotes": 1,
    "participant_count": 73,
    "is_anon": false,
    "is_active": true,
    "is_draft": true,
    "is_public": true,
    "is_data_open": false,
    "profanity_filter": true,
    "spam_filter": true,
    "strict_moderation": false,
    "prioritize_seed": false,
    "vis_type": 1,
    "write_type": 1,
    "help_type": 1,
    "write_hint_type": 1,
    "style_btn": null,
    "socialbtn_type": 0,
    "subscribe_type": 1,
    "branding_type": 1,
    "bgcolor": null,
    "help_bgcolor": null,
    "help_color": null,
    "email_domain": null,
    "use_xid_whitelist": false,
    "owner": 72,
    "org_id": 72,
    "context": null,
    "course_id": null,
    "owner_sees_participation_stats": false,
    "auth_needed_to_vote": false,
    "auth_needed_to_write": true,
    "auth_opt_fb": true,
    "auth_opt_tw": true,
    "auth_opt_allow_3rdparty": true,
    "modified": "1729281197372",
    "created": "1728996232203",
    "site_id": "polis_site_id_wlE61IMj5fRdvFgrn7",
    "auth_opt_fb_computed": true,
    "auth_opt_tw_computed": true,
    "translations": [],
    "ownername": "admin",
    "is_mod": false,
    "is_owner": false,
    "conversation_id": "77anwcwh4b"
  },
  "votes": [],
  "pca": "{\"n\":73,\"pca\":{\"comps\":[[0.27431260856493217,0.3956660030445532,0.19695112206018647,0.3393148112646336,0.45134654010351,0.3043598713867699,0.29245749535132254,0.27250129869333356,0.2878841088835583,0.014331516902768494,0.2526492098657958,0.10595032077252652],[0.3198618058588282,0.43649320940524927,0.59143860269933,-0.04118896047514974,-0.07358966397678154,-0.20196613332528546,-0.39249886263474854,-0.08533151452024525,-0.26912123508678243,-0.11139636800015791,-0.23739548304015165,0.08325481684127245]],\"center\":[-0.5384615384615387,-0.33846153846153837,0.032258064516129024,0.015873015873015865,-0.4285714285714284,-0.45901639344262307,-0.14285714285714282,-0.5454545454545455,-0.3709677419354839,0.2758620689655171,-0.32258064516129037,0.41269841269841256],\"comment-extremity\":[0.67370511455174,1.3500790788811654,2.2290733669041094,1.2028437824400127,0.9052318958535952,0.6845319779293384,1.4533667690454273,0.44962360335495954,0.8587251079584298,0.496398102873319,0.8135405583668135,0.6594170219607781],\"comment-projection\":[[-0.43857542325342996,-0.9067226358257643,-0.7042670451942038,-1.194078461706138,-0.8934344448910896,-0.5703771512751302,-0.8683735560048503,-0.42907826769577834,-0.6273085879949205,-0.06334123246411764,-0.5928791372628063,-0.5184923536636513],[-0.5114002145983593,-1.0002837501998092,-2.1148938517321967,0.1449475499761893,0.14566975647966496,0.37848901451841305,1.1654193805652262,0.1343622896689692,0.5864236919378649,0.4923402937056409,0.557083987120701,-0.40742666584791476]]},\"tids\":[0,1,2,3,4,5,6,7,8,9,10,11],\"mod-in\":[0,7,1,4,6,3,2,11,9,5,10,8],\"n-cmts\":12,\"in-conv\":[0,65,70,62,7,59,20,58,27,1,69,55,39,46,4,54,15,48,50,21,31,32,40,56,33,13,22,41,43,61,29,44,6,28,64,51,25,17,3,12,2,66,23,47,35,19,57,68,11,9,5,14,45,26,38,10,52,67,42,37,63,8,49],\"mod-out\":[],\"repness\":{\"0\":[{\"tid\":11,\"p-test\":2.2936585546278216,\"repness\":1.382936507936508,\"n-trials\":22,\"n-success\":16,\"p-success\":0.7083333333333333,\"repful-for\":\"disagree\",\"repness-test\":1.6725564}],\"1\":[{\"tid\":4,\"p-test\":3.8933141071383006,\"n-agree\":30,\"repness\":3.311965811965812,\"n-trials\":37,\"n-success\":30,\"p-success\":0.7948717948717949,\"best-agree\":true,\"repful-for\":\"agree\",\"repness-test\":4.4236145},{\"tid\":1,\"p-test\":4.110960958218893,\"repness\":2.874564459930314,\"n-trials\":39,\"n-success\":32,\"p-success\":0.8048780487804879,\"repful-for\":\"agree\",\"repness-test\":4.266667},{\"tid\":0,\"p-test\":4.323460152737352,\"repness\":1.875,\"n-trials\":38,\"n-success\":32,\"p-success\":0.825,\"repful-for\":\"agree\",\"repness-test\":3.2571356},{\"tid\":5,\"p-test\":3.362691229906829,\"repness\":2.25,\"n-trials\":38,\"n-success\":29,\"p-success\":0.75,\"repful-for\":\"agree\",\"repness-test\":3.2907434},{\"tid\":7,\"p-test\":3.5919965234379396,\"repness\":1.904761904761905,\"n-trials\":40,\"n-success\":31,\"p-success\":0.7619047619047619,\"repful-for\":\"agree\",\"repness-test\":2.9604218}]},\"consensus\":{\"agree\":[{\"tid\":0,\"p-test\":3.200378765462652,\"n-trials\":65,\"n-success\":45,\"p-success\":0.6865671641791045},{\"tid\":7,\"p-test\":2.3212194427697987,\"n-trials\":66,\"n-success\":42,\"p-success\":0.6323529411764706},{\"tid\":4,\"p-test\":1.75,\"n-trials\":63,\"n-success\":38,\"p-success\":0.6},{\"tid\":1,\"p-test\":1.7232808737106586,\"n-trials\":65,\"n-success\":39,\"p-success\":0.5970149253731343},{\"tid\":5,\"p-test\":1.5240015240022864,\"n-trials\":61,\"n-success\":36,\"p-success\":0.5873015873015873}],\"disagree\":[{\"tid\":11,\"p-test\":1.5,\"n-trials\":63,\"n-success\":37,\"p-success\":0.5846153846153846}]},\"meta-tids\":[],\"votes-base\":{\"0\":{\"A\":[0,1,1,1,1,0,1,1,2,1,1,1,0,1,1,0,1,0,1,1,1,1,0,1,1,0,1,1,1,1,0,1,0,1,1,1,0,0,0,1,1,1,0,0,1,0,0,1,1,0,0,1,1,1,1,1,1,1,1,0],\"D\":[0,0,0,0,0,3,0,0,0,0,0,0,0,0,0,0,0,0,0,0,0,0,1,0,0,0,0,0,0,0,0,0,0,0,0,0,1,1,1,0,0,0,1,1,0,0,0,0,0,1,0,0,0,0,0,0,0,0,0,0],\"S\":[1,1,1,1,1,3,1,1,2,1,1,1,0,1,1,0,1,1,1,1,1,1,1,1,1,1,1,1,1,1,1,1,1,1,1,1,1,1,1,1,1,1,1,1,1,1,1,1,1,1,1,1,1,1,1,1,1,1,1,1]},\"1\":{\"A\":[0,1,0,1,1,0,1,1,2,1,0,0,0,1,0,1,1,0,1,1,1,1,0,1,0,0,1,1,1,1,0,1,0,1,1,1,0,1,0,1,0,1,0,0,1,1,1,1,1,1,1,0,0,1,0,1,0,0,1,1],\"D\":[0,0,0,0,0,3,0,0,0,0,1,0,0,0,0,0,0,0,0,0,0,0,1,0,1,1,0,0,0,0,1,0,0,0,0,0,1,0,1,0,0,0,0,1,0,0,0,0,0,0,0,1,1,0,1,0,1,1,0,0],\"S\":[1,1,1,1,1,3,1,1,2,1,1,1,1,1,0,1,1,1,1,1,1,1,1,1,1,1,1,1,1,1,1,1,1,1,1,1,1,1,1,1,1,1,1,1,1,1,1,1,1,1,1,1,1,1,1,1,1,1,1,1]},\"2\":{\"A\":[0,1,1,1,1,0,0,1,0,1,0,0,0,0,0,0,0,0,1,0,0,0,0,0,0,0,1,0,0,0,0,1,0,0,0,0,1,0,0,1,0,0,0,0,1,1,1,1,1,0,1,0,1,1,1,0,0,0,1,0],\"D\":[0,0,0,0,0,3,1,0,2,0,1,1,0,0,0,1,0,1,0,0,1,1,1,1,0,0,0,0,0,1,1,0,0,0,1,0,0,0,1,0,1,0,1,1,0,0,0,0,0,1,0,0,0,0,0,0,1,1,0,1],\"S\":[1,1,1,1,1,3,1,1,2,1,1,1,1,0,0,1,0,1,1,1,1,1,1,1,1,1,1,0,1,1,1,1,1,1,1,1,1,1,1,1,1,1,1,1,1,1,1,1,1,1,1,1,1,1,1,1,1,1,1,1]},\"3\":{\"A\":[0,1,0,0,1,0,0,0,2,0,0,0,1,0,1,1,0,0,0,1,0,1,1,0,1,0,0,0,0,0,0,0,0,1,0,1,1,0,0,0,0,1,0,0,0,1,0,0,1,1,1,0,0,0,1,0,0,0,1,1],\"D\":[0,0,0,0,0,3,1,1,0,1,0,0,0,1,0,0,0,0,0,0,1,0,0,0,0,0,1,0,1,0,1,0,0,0,0,0,0,1,0,1,1,0,1,1,0,0,1,1,0,0,0,1,1,0,0,1,1,1,0,0],\"S\":[1,1,1,1,1,3,1,1,2,1,1,1,1,1,1,1,0,1,1,1,1,1,1,1,1,1,1,0,1,1,1,1,1,1,1,1,1,1,1,1,1,1,1,1,1,1,1,1,1,1,1,1,1,1,1,1,1,1,1,1]},\"4\":{\"A\":[0,1,0,1,1,0,1,1,2,1,0,0,0,0,1,0,1,1,0,0,0,1,0,1,1,0,1,0,0,1,0,1,1,1,1,0,1,0,0,0,1,1,1,1,1,1,1,0,1,1,1,0,1,1,0,1,0,0,0,1],\"D\":[0,0,0,0,0,3,0,0,0,0,0,0,0,1,0,0,0,0,0,0,1,0,0,0,0,0,0,0,1,0,0,0,0,0,0,0,0,1,0,1,0,0,0,0,0,0,0,0,0,0,0,1,0,0,1,0,1,0,0,0],\"S\":[1,1,1,1,1,3,1,1,2,1,1,1,0,1,1,0,1,1,1,1,1,1,1,1,1,1,1,0,1,1,1,1,1,1,1,1,1,1,1,1,1,1,1,1,1,1,1,1,1,1,1,1,1,1,1,1,1,1,1,1]},\"5\":{\"A\":[0,0,0,0,1,0,1,1,2,1,1,0,1,0,0,0,1,0,0,1,1,1,0,0,1,0,1,1,0,1,0,1,0,1,1,0,1,0,1,0,1,1,1,1,0,1,1,1,1,0,1,1,1,0,0,1,0,1,1,1],\"D\":[0,1,0,0,0,0,0,0,0,0,0,0,0,0,0,0,0,1,0,0,0,0,1,0,0,0,0,0,0,0,0,0,0,0,0,0,0,1,0,1,0,0,0,0,0,0,0,0,0,0,0,0,0,0,1,0,1,0,0,0],\"S\":[1,1,1,1,1,3,1,1,2,1,1,1,1,0,0,0,1,1,1,1,1,1,1,1,1,1,1,1,1,1,1,1,1,1,1,1,1,1,1,1,1,1,1,1,1,1,1,1,1,1,1,1,1,1,1,1,1,1,1,1]},\"6\":{\"A\":[0,0,0,0,1,0,1,0,2,1,1,0,1,1,1,1,0,0,0,0,0,1,0,1,1,0,0,0,0,1,0,0,0,1,1,0,1,0,1,0,1,0,0,0,1,0,1,1,1,0,0,0,1,0,0,0,0,1,0,1],\"D\":[0,1,0,0,0,0,0,1,0,0,0,0,0,0,0,0,0,0,0,1,1,0,1,0,0,0,1,0,0,0,1,1,1,0,0,0,0,1,0,1,0,0,0,0,0,0,0,0,0,1,0,0,0,0,0,1,1,0,1,0],\"S\":[1,1,1,1,1,3,1,1,2,1,1,1,1,1,1,1,1,