{
  "user": {},
  "ptpt": null,
  "nextComment": {
    "txt": "憲法改正を積極的に議論する",
    "tid": 0,
    "created": "1728996233001",
    "tweet_id": null,
    "quote_src_url": null,
    "is_seed": true,
    "is_meta": false,
    "lang": null,
    "pid": 0,
    "randomN": 0.3108656927056846,
    "remaining": 12,
    "total": 12,
    "translations": []
  },
  "conversation": {
    "topic": "憲法",
    "description": "",
    "link_url": null,
    "parent_url": null,
    "upvotes": 1,
    "participant_count": 69,
    "is_anon": false,
    "is_active": true,
    "is_draft": true,
    "is_public": true,
    "is_data_open": false,
    "profanity_filter": true,
    "spam_filter": true,
    "strict_moderation": false,
    "prioritize_seed": false,
    "vis_type": 1,
    "write_type": 1,
    "help_type": 1,
    "write_hint_type": 1,
    "style_btn": null,
    "socialbtn_type": 0,
    "subscribe_type": 1,
    "branding_type": 1,
    "bgcolor": null,
    "help_bgcolor": null,
    "help_color": null,
    "email_domain": null,
    "use_xid_whitelist": false,
    "owner": 72,
    "org_id": 72,
    "context": null,
    "course_id": null,
    "owner_sees_participation_stats": false,
    "auth_needed_to_vote": false,
    "auth_needed_to_write": true,
    "auth_opt_fb": true,
    "auth_opt_tw": true,
    "auth_opt_allow_3rdparty": true,
    "modified": "1729272701235",
    "created": "1728996232203",
    "site_id": "polis_site_id_wlE61IMj5fRdvFgrn7",
    "auth_opt_fb_computed": true,
    "auth_opt_tw_computed": true,
    "translations": [],
    "ownername": "admin",
    "is_mod": false,
    "is_owner": false,
    "conversation_id": "77anwcwh4b"
  },
  "votes": [],
  "pca": "{\"n\":69,\"pca\":{\"comps\":[[0.2715490039637661,0.3782179120522799,0.18472705820495658,0.3276251275712128,0.45949846049423243,0.30615663888539835,0.3049200725474624,0.27132841689260456,0.30462248325269814,0.010609148407732319,0.2572451075410754,0.10583713586082026],[0.34350656233064397,0.45005404299350804,0.5870929410492718,-0.06711640360468052,-0.04501791583516212,-0.1923529593933234,-0.34259038772441475,-0.08807240104281014,-0.2618210066928768,-0.1344423187109873,-0.2699698613594856,0.08131401471844302]],\"center\":[-0.5396825396825399,-0.33870967741935487,0.03333333333333332,0.04918032786885245,-0.42622950819672123,-0.44067796610169496,-0.16666666666666663,-0.53125,-0.3999999999999999,0.2857142857142857,-0.33333333333333326,0.4098360655737705],\"comment-extremity\":[0.6982315559124309,1.3466912636535089,2.2031157372287886,1.2154716877472584,0.9176714869770728,0.7005558338352638,1.3239600459842515,0.46321188416727704,0.8348717376857567,0.6006467082729078,0.8611891666644189,0.6518287053574817],\"comment-projection\":[[-0.43300836433933293,-0.8664128464610905,-0.6612437440436838,-1.1907428024436997,-0.9132988126278424,-0.5931932938845051,-0.8802284298329882,-0.44058244087051945,-0.6331459417457672,-0.04725150188716499,-0.5940821283462164,-0.5168890331446532],[-0.5477509124447624,-1.0309733939767192,-2.1015412588355815,0.24393237206999208,0.08947757743303641,0.372693161207813,0.9889732628723455,0.14301175626630874,0.5441847432970724,0.5987852400723375,0.6234686885159398,-0.3971226366537123]]},\"tids\":[0,1,2,3,4,5,6,7,8,9,10,11],\"mod-in\":[0,7,1,4,6,3,2,11,9,5,10,8],\"n-cmts\":12,\"in-conv\":[0,65,62,7,59,20,58,27,1,55,39,46,4,54,15,48,50,21,31,32,40,56,33,13,22,41,43,61,29,44,6,28,64,51,25,17,3,12,2,66,23,47,35,19,57,68,11,9,5,14,45,26,38,10,52,67,42,37,63,8,49],\"mod-out\":[],\"repness\":{\"0\":[{\"tid\":11,\"p-test\":2.2936585546278216,\"repness\":1.38125,\"n-trials\":22,\"n-success\":16,\"p-success\":0.7083333333333333,\"repful-for\":\"disagree\",\"repness-test\":1.6489811}],\"1\":[{\"tid\":4,\"p-test\":3.999999999999999,\"n-agree\":29,\"repness\":3.378378378378378,\"n-trials\":35,\"n-success\":29,\"p-success\":0.8108108108108107,\"best-agree\":true,\"repful-for\":\"agree\",\"repness-test\":4.518481},{\"tid\":1,\"p-test\":3.8933141071383006,\"repness\":2.838827838827839,\"n-trials\":37,\"n-success\":30,\"p-success\":0.7948717948717949,\"repful-for\":\"agree\",\"repness-test\":4.126947},{\"tid\":0,\"p-test\":4.438772657244647,\"repness\":1.913875598086124,\"n-trials\":36,\"n-success\":31,\"p-success\":0.8421052631578947,\"repful-for\":\"agree\",\"repness-test\":3.4009101},{\"tid\":5,\"p-test\":3.123580758801789,\"repness\":2.210526315789474,\"n-trials\":36,\"n-success\":27,\"p-success\":0.7368421052631579,\"repful-for\":\"agree\",\"repness-test\":3.143643},{\"tid\":7,\"p-test\":3.362691229906829,\"repness\":1.875,\"n-trials\":38,\"n-success\":29,\"p-success\":0.75,\"repful-for\":\"agree\",\"repness-test\":2.8226197}]},\"consensus\":{\"agree\":[{\"tid\":0,\"p-test\":3.25,\"n-trials\":63,\"n-success\":44,\"p-success\":0.6923076923076923},{\"tid\":7,\"p-test\":2.108590488016543,\"n-trials\":64,\"n-success\":40,\"p-success\":0.6212121212121212},{\"tid\":4,\"p-test\":1.7780017780026671,\"n-trials\":61,\"n-success\":37,\"p-success\":0.6031746031746033},{\"tid\":1,\"p-test\":1.6378460497066527,\"n-trials\":62,\"n-success\":37,\"p-success\":0.59375},{\"tid\":8,\"p-test\":1.4084056792618556,\"n-trials\":60,\"n-success\":35,\"p-success\":0.5806451612903226}],\"disagree\":[{\"tid\":11,\"p-test\":1.5240015240022864,\"n-trials\":61,\"n-success\":36,\"p-success\":0.5873015873015873}]},\"meta-tids\":[],\"votes-base\":{\"0\":{\"A\":[0,1,1,1,1,0,1,1,2,1,1,1,0,1,1,0,1,0,1,1,1,1,0,1,1,0,1,1,1,1,0,1,0,1,1,1,0,0,0,1,1,1,0,0,1,0,0,1,1,0,0,1,1,1,1,1,1,1],\"D\":[0,0,0,0,0,3,0,0,0,0,0,0,0,0,0,0,0,0,0,0,0,0,1,0,0,0,0,0,0,0,0,0,0,0,0,0,1,1,1,0,0,0,1,1,0,0,0,0,0,1,0,0,0,0,0,0,0,0],\"S\":[1,1,1,1,1,3,1,1,2,1,1,1,0,1,1,0,1,1,1,1,1,1,1,1,1,1,1,1,1,1,1,1,1,1,1,1,1,1,1,1,1,1,1,1,1,1,1,1,1,1,1,1,1,1,1,1,1,1]},\"1\":{\"A\":[0,1,0,1,1,0,1,1,2,1,0,0,0,1,0,1,1,0,1,1,1,1,0,1,0,0,1,1,1,1,0,1,0,1,1,1,0,1,0,1,0,1,0,0,1,1,1,1,1,1,1,0,0,1,0,1,0,0],\"D\":[0,0,0,0,0,3,0,0,0,0,1,0,0,0,0,0,0,0,0,0,0,0,1,0,1,1,0,0,0,0,1,0,0,0,0,0,1,0,1,0,0,0,0,1,0,0,0,0,0,0,0,1,1,0,1,0,1,1],\"S\":[1,1,1,1,1,3,1,1,2,1,1,1,1,1,0,1,1,1,1,1,1,1,1,1,1,1,1,1,1,1,1,1,1,1,1,1,1,1,1,1,1,1,1,1,1,1,1,1,1,1,1,1,1,1,1,1,1,1]},\"2\":{\"A\":[0,1,1,1,1,0,0,1,0,1,0,0,0,0,0,0,0,0,1,0,0,0,0,0,0,0,1,0,0,0,0,1,0,0,0,0,1,0,0,1,0,0,0,0,1,1,1,1,1,0,1,0,1,1,1,0,0,0],\"D\":[0,0,0,0,0,3,1,0,2,0,1,1,0,0,0,1,0,1,0,0,1,1,1,1,0,0,0,0,0,1,1,0,0,0,1,0,0,0,1,0,1,0,1,1,0,0,0,0,0,1,0,0,0,0,0,0,1,1],\"S\":[1,1,1,1,1,3,1,1,2,1,1,1,1,0,0,1,0,1,1,1,1,1,1,1,1,1,1,0,1,1,1,1,1,1,1,1,1,1,1,1,1,1,1,1,1,1,1,1,1,1,1,1,1,1,1,1,1,1]},\"3\":{\"A\":[0,1,0,0,1,0,0,0,2,0,0,0,1,0,1,1,0,0,0,1,0,1,1,0,1,0,0,0,0,0,0,0,0,1,0,1,1,0,0,0,0,1,0,0,0,1,0,0,1,1,1,0,0,0,1,0,0,0],\"D\":[0,0,0,0,0,3,1,1,0,1,0,0,0,1,0,0,0,0,0,0,1,0,0,0,0,0,1,0,1,0,1,0,0,0,0,0,0,1,0,1,1,0,1,1,0,0,1,1,0,0,0,1,1,0,0,1,1,1],\"S\":[1,1,1,1,1,3,1,1,2,1,1,1,1,1,1,1,0,1,1,1,1,1,1,1,1,1,1,0,1,1,1,1,1,1,1,1,1,1,1,1,1,1,1,1,1,1,1,1,1,1,1,1,1,1,1,1,1,1]},\"4\":{\"A\":[0,1,0,1,1,0,1,1,2,1,0,0,0,0,1,0,1,1,0,0,0,1,0,1,1,0,1,0,0,1,0,1,1,1,1,0,1,0,0,0,1,1,1,1,1,1,1,0,1,1,1,0,1,1,0,1,0,0],\"D\":[0,0,0,0,0,3,0,0,0,0,0,0,0,1,0,0,0,0,0,0,1,0,0,0,0,0,0,0,1,0,0,0,0,0,0,0,0,1,0,1,0,0,0,0,0,0,0,0,0,0,0,1,0,0,1,0,1,0],\"S\":[1,1,1,1,1,3,1,1,2,1,1,1,0,1,1,0,1,1,1,1,1,1,1,1,1,1,1,0,1,1,1,1,1,1,1,1,1,1,1,1,1,1,1,1,1,1,1,1,1,1,1,1,1,1,1,1,1,1]},\"5\":{\"A\":[0,0,0,0,1,0,1,1,2,1,1,0,1,0,0,0,1,0,0,1,1,1,0,0,1,0,1,1,0,1,0,1,0,1,1,0,1,0,1,0,1,1,1,1,0,1,1,1,1,0,1,1,1,0,0,1,0,1],\"D\":[0,1,0,0,0,0,0,0,0,0,0,0,0,0,0,0,0,1,0,0,0,0,1,0,0,0,0,0,0,0,0,0,0,0,0,0,0,1,0,1,0,0,0,0,0,0,0,0,0,0,0,0,0,0,1,0,1,0],\"S\":[1,1,1,1,1,3,1,1,2,1,1,1,1,0,0,0,1,1,1,1,1,1,1,1,1,1,1,1,1,1,1,1,1,1,1,1,1,1,1,1,1,1,1,1,1,1,1,1,1,1,1,1,1,1,1,1,1,1]},\"6\":{\"A\":[0,0,0,0,1,0,1,0,2,1,1,0,1,1,1,1,0,0,0,0,0,1,0,1,1,0,0,0,0,1,0,0,0,1,1,0,1,0,1,0,1,0,0,0,1,0,1,1,1,0,0,0,1,0,0,0,0,1],\"D\":[0,1,0,0,0,0,0,1,0,0,0,0,0,0,0,0,0,0,0,1,1,0,1,0,0,0,1,0,0,0,1,1,1,0,0,0,0,1,0,1,0,0,0,0,0,0,0,0,0,1,0,0,0,0,0,1,1,0],\"S\":[1,1,1,1,1,3,1,1,2,1,1,1,1,1,1,1,1,1,1,1,1,1,1,1,1,1,1,0,1,1,1,1,1,1,1,1,1,1,1,1,1,1,1,1,1,1,1,1,1,1,1,1,1,1,