{
  "user": {},
  "ptpt": null,
  "nextComment": {
    "txt": "憲法改正を積極的に議論する",
    "tid": 0,
    "created": "1728996233001",
    "tweet_id": null,
    "quote_src_url": null,
    "is_seed": true,
    "is_meta": false,
    "lang": null,
    "pid": 0,
    "randomN": 0.3688338371513146,
    "remaining": 12,
    "total": 12,
    "translations": []
  },
  "conversation": {
    "topic": "憲法",
    "description": "",
    "link_url": null,
    "parent_url": null,
    "upvotes": 1,
    "participant_count": 62,
    "is_anon": false,
    "is_active": true,
    "is_draft": true,
    "is_public": true,
    "is_data_open": false,
    "profanity_filter": true,
    "spam_filter": true,
    "strict_moderation": false,
    "prioritize_seed": false,
    "vis_type": 1,
    "write_type": 1,
    "help_type": 1,
    "write_hint_type": 1,
    "style_btn": null,
    "socialbtn_type": 0,
    "subscribe_type": 1,
    "branding_type": 1,
    "bgcolor": null,
    "help_bgcolor": null,
    "help_color": null,
    "email_domain": null,
    "use_xid_whitelist": false,
    "owner": 72,
    "org_id": 72,
    "context": null,
    "course_id": null,
    "owner_sees_participation_stats": false,
    "auth_needed_to_vote": false,
    "auth_needed_to_write": true,
    "auth_opt_fb": true,
    "auth_opt_tw": true,
    "auth_opt_allow_3rdparty": true,
    "modified": "1729266896961",
    "created": "1728996232203",
    "site_id": "polis_site_id_wlE61IMj5fRdvFgrn7",
    "auth_opt_fb_computed": true,
    "auth_opt_tw_computed": true,
    "translations": [],
    "ownername": "admin",
    "is_mod": false,
    "is_owner": false,
    "conversation_id": "77anwcwh4b"
  },
  "votes": [],
  "pca": "{\"n\":61,\"pca\":{\"comps\":[[0.3864729930553973,0.3646718792857903,0.26716293016003734,0.31720489915727923,0.41394718739216885,0.28143894914853745,0.28032641891893634,0.2630868849867339,0.2791891054255757,0.013908797086118372,0.20278943494075335,0.16744173435536264],[0.34575502374531847,0.45792700405287695,0.5160017740008549,-0.233115270142663,-0.1663554914805065,-0.2019201908650959,-0.3889203880300965,-0.12366239570541718,-0.1626442163362295,-0.1349575969285364,-0.26459969221587015,0.021879259800742675]],\"center\":[-0.4727272727272727,-0.42592592592592604,0.03846153846153844,0,-0.4716981132075473,-0.4509803921568627,-0.16981132075471694,-0.5714285714285713,-0.46153846153846145,0.25,-0.3846153846153846,0.47169811320754723],\"comment-extremity\":[0.9471695347487529,1.164138520882399,2.0902779411545853,1.3636495615358064,0.8164472943767285,0.6587676521550526,1.3787391158027584,0.43157912448029273,0.6026913123806231,0.5874788443814611,0.7106662927875363,0.8608933783713725],\"comment-projection\":[[-0.7059030884374436,-0.7252050708686298,-0.9610749047135637,-1.0988300035003395,-0.7575611956972526,-0.5352573982868115,-0.8061789589412507,-0.39058272994461674,-0.5207673859411701,-0.06022685806330743,-0.43229735945300696,-0.8536366835642741],[-0.6315306463590248,-0.9106569612036607,-1.8562319086814736,0.8075349838144729,0.3044457575149133,0.3840238756966994,1.1184797877498607,0.18359104486925995,0.303377895963233,0.5843835368690662,0.5640616745661222,-0.11154291280517278]]},\"tids\":[0,1,2,3,4,5,6,7,8,9,10,11],\"mod-in\":[0,7,1,4,6,3,2,11,9,5,10,8],\"n-cmts\":12,\"in-conv\":[0,7,59,20,58,27,1,55,39,46,4,54,15,48,50,21,31,32,40,56,33,13,22,41,43,29,44,6,28,51,25,17,3,12,2,23,47,35,19,57,11,9,5,14,45,26,38,10,52,42,37,8,49],\"mod-out\":[],\"repness\":{\"0\":[{\"tid\":2,\"p-test\":1.7888543819998315,\"repness\":2.37037037037037,\"n-trials\":19,\"n-success\":13,\"p-success\":0.6666666666666667,\"repful-for\":\"disagree\",\"repness-test\":2.8706486},{\"tid\":11,\"p-test\":2.5235730725761796,\"repness\":1.458333333333333,\"n-trials\":18,\"n-success\":14,\"p-success\":0.75,\"repful-for\":\"disagree\",\"repness-test\":1.8730915}],\"1\":[{\"tid\":0,\"p-test\":4.351941398892446,\"n-agree\":28,\"repness\":2.985294117647059,\"n-trials\":32,\"n-success\":28,\"p-success\":0.8529411764705882,\"best-agree\":true,\"repful-for\":\"agree\",\"repness-test\":4.3127975},{\"tid\":1,\"p-test\":4.115966043420212,\"repness\":2.9,\"n-trials\":33,\"n-success\":28,\"p-success\":0.8285714285714286,\"repful-for\":\"agree\",\"repness-test\":4.108842},{\"tid\":4,\"p-test\":3.5355339059327378,\"repness\":2.757575757575758,\"n-trials\":31,\"n-success\":25,\"p-success\":0.7878787878787878,\"repful-for\":\"agree\",\"repness-test\":3.6956902},{\"tid\":5,\"p-test\":3.1819805153394642,\"repness\":2.651515151515152,\"n-trials\":31,\"n-success\":24,\"p-success\":0.7575757575757576,\"repful-for\":\"agree\",\"repness-test\":3.440899},{\"tid\":6,\"p-test\":1.371988681140071,\"repness\":4.2,\"n-trials\":33,\"n-success\":20,\"p-success\":0.6,\"repful-for\":\"agree\",\"repness-test\":3.339668}]},\"consensus\":{\"agree\":[{\"tid\":0,\"p-test\":2.405351177211819,\"n-trials\":55,\"n-success\":36,\"p-success\":0.6491228070175439},{\"tid\":7,\"p-test\":2.2517050070105746,\"n-trials\":56,\"n-success\":36,\"p-success\":0.6379310344827586},{\"tid\":1,\"p-test\":2.0225995873897262,\"n-trials\":54,\"n-success\":34,\"p-success\":0.625},{\"tid\":4,\"p-test\":1.9051586888313612,\"n-trials\":53,\"n-success\":33,\"p-success\":0.6181818181818182},{\"tid\":8,\"p-test\":1.5109662034355789,\"n-trials\":52,\"n-success\":31,\"p-success\":0.5925925925925926}],\"disagree\":[{\"tid\":11,\"p-test\":1.6329931618554512,\"n-trials\":53,\"n-success\":32,\"p-success\":0.6}]},\"meta-tids\":[],\"votes-base\":{\"0\":{\"A\":[0,1,1,1,1,0,1,1,1,1,1,1,0,1,1,0,1,0,1,1,1,1,0,1,1,0,1,1,1,1,0,1,0,1,1,1,0,0,0,1,1,1,0,0,1,0,0,1,1,0,0],\"D\":[0,0,0,0,0,3,0,0,0,0,0,0,0,0,0,0,0,0,0,0,0,0,1,0,0,0,0,0,0,0,0,0,0,0,0,0,1,1,1,0,0,0,1,1,0,0,0,0,0,1,0],\"S\":[1,1,1,1,1,3,1,1,1,1,1,1,0,1,1,0,1,1,1,1,1,1,1,1,1,1,1,1,1,1,1,1,1,1,1,1,1,1,1,1,1,1,1,1,1,1,1,1,1,1,1]},\"1\":{\"A\":[0,1,0,1,1,0,1,1,1,1,0,0,0,1,0,1,1,0,1,1,1,1,0,1,0,0,1,1,1,1,0,1,0,1,1,1,0,1,0,1,0,1,0,0,1,1,1,1,1,1,1],\"D\":[0,0,0,0,0,3,0,0,0,0,1,0,0,0,0,0,0,0,0,0,0,0,1,0,1,1,0,0,0,0,1,0,0,0,0,0,1,0,1,0,0,0,0,1,0,0,0,0,0,0,0],\"S\":[1,1,1,1,1,3,1,1,1,1,1,1,1,1,0,1,1,1,1,1,1,1,1,1,1,1,1,1,1,1,1,1,1,1,1,1,1,1,1,1,1,1,1,1,1,1,1,1,1,1,1]},\"2\":{\"A\":[0,1,1,1,1,0,0,1,0,1,0,0,0,0,0,0,0,0,1,0,0,0,0,0,0,0,1,0,0,0,0,1,0,0,0,0,1,0,0,1,0,0,0,0,1,1,1,1,1,0,1],\"D\":[0,0,0,0,0,3,1,0,1,0,1,1,0,0,0,1,0,1,0,0,1,1,1,1,0,0,0,0,0,1,1,0,0,0,1,0,0,0,1,0,1,0,1,1,0,0,0,0,0,1,0],\"S\":[1,1,1,1,1,3,1,1,1,1,1,1,1,0,0,1,0,1,1,1,1,1,1,1,1,1,1,0,1,1,1,1,1,1,1,1,1,1,1,1,1,1,1,1,1,1,1,1,1,1,1]},\"3\":{\"A\":[0,1,0,0,1,0,0,0,1,0,0,0,1,0,1,1,0,0,0,1,0,1,1,0,1,0,0,0,0,0,0,0,0,1,0,1,1,0,0,0,0,1,0,0,0,1,0,0,1,1,1],\"D\":[0,0,0,0,0,3,1,1,0,1,0,0,0,1,0,0,0,0,0,0,1,0,0,0,0,0,1,0,1,0,1,0,0,0,0,0,0,1,0,1,1,0,1,1,0,0,1,1,0,0,0],\"S\":[1,1,1,1,1,3,1,1,1,1,1,1,1,1,1,1,0,1,1,1,1,1,1,1,1,1,1,0,1,1,1,1,1,1,1,1,1,1,1,1,1,1,1,1,1,1,1,1,1,1,1]},\"4\":{\"A\":[0,1,0,1,1,0,1,1,1,1,0,0,0,0,1,0,1,1,0,0,0,1,0,1,1,0,1,0,0,1,0,1,1,1,1,0,1,0,0,0,1,1,1,1,1,1,1,0,1,1,1],\"D\":[0,0,0,0,0,3,0,0,0,0,0,0,0,1,0,0,0,0,0,0,1,0,0,0,0,0,0,0,1,0,0,0,0,0,0,0,0,1,0,1,0,0,0,0,0,0,0,0,0,0,0],\"S\":[1,1,1,1,1,3,1,1,1,1,1,1,0,1,1,0,1,1,1,1,1,1,1,1,1,1,1,0,1,1,1,1,1,1,1,1,1,1,1,1,1,1,1,1,1,1,1,1,1,1,1]},\"5\":{\"A\":[0,0,0,0,1,0,1,1,1,1,1,0,1,0,0,0,1,0,0,1,1,1,0,0,1,0,1,1,0,1,0,1,0,1,1,0,1,0,1,0,1,1,1,1,0,1,1,1,1,0,1],\"D\":[0,1,0,0,0,0,0,0,0,0,0,0,0,0,0,0,0,1,0,0,0,0,1,0,0,0,0,0,0,0,0,0,0,0,0,0,0,1,0,1,0,0,0,0,0,0,0,0,0,0,0],\"S\":[1,1,1,1,1,3,1,1,1,1,1,1,1,0,0,0,1,1,1,1,1,1,1,1,1,1,1,1,1,1,1,1,1,1,1,1,1,1,1,1,1,1,1,1,1,1,1,1,1,1,1]},\"6\":{\"A\":[0,0,0,0,1,0,1,0,1,1,1,0,1,1,1,1,0,0,0,0,0,1,0,1,1,0,0,0,0,1,0,0,0,1,1,0,1,0,1,0,1,0,0,0,1,0,1,1,1,0,0],\"D\":[0,1,0,0,0,0,0,1,0,0,0,0,0,0,0,0,0,0,0,1,1,0,1,0,0,0,1,0,0,0,1,1,1,0,0,0,0,1,0,1,0,0,0,0,0,0,0,0,0,1,0],\"S\":[1,1,1,1,1,3,1,1,1,1,1,1,1,1,1,1,1,1,1,1,1,1,1,1,1,1,1,0,1,1,1,1,1,1,1,1,1,1,1,1,1,1,1,1,1,1,1,1,1,1,1]},\"7\":{\"A\":[0,0,1,0,1,0,1,0,1,1,0,0,1,1,0,1,1,1,0,0,1,1,1,1,1,1,1,1,0,0,0,1,0,1,1,0,1,0,1,1,1,1,1,0,1,1,1,1,1,1,1],\"D\":[0,0,0,0,0,0,0,0,0,0,0,0,0,0,0,0,0,0,0,0,