{
  "user": {},
  "ptpt": null,
  "nextComment": {
    "txt": "現行の9条を維持し、自衛隊を明記の上、自衛の措置（自衛権）についても言及する",
    "tid": 1,
    "created": "1728996233642",
    "tweet_id": null,
    "quote_src_url": null,
    "is_seed": true,
    "is_meta": false,
    "lang": null,
    "pid": 0,
    "randomN": 1.682390375618808,
    "remaining": 12,
    "total": 12,
    "translations": []
  },
  "conversation": {
    "topic": "憲法",
    "description": "",
    "link_url": null,
    "parent_url": null,
    "upvotes": 1,
    "participant_count": 83,
    "is_anon": false,
    "is_active": true,
    "is_draft": true,
    "is_public": true,
    "is_data_open": false,
    "profanity_filter": true,
    "spam_filter": true,
    "strict_moderation": false,
    "prioritize_seed": false,
    "vis_type": 1,
    "write_type": 1,
    "help_type": 1,
    "write_hint_type": 1,
    "style_btn": null,
    "socialbtn_type": 0,
    "subscribe_type": 1,
    "branding_type": 1,
    "bgcolor": null,
    "help_bgcolor": null,
    "help_color": null,
    "email_domain": null,
    "use_xid_whitelist": false,
    "owner": 72,
    "org_id": 72,
    "context": null,
    "course_id": null,
    "owner_sees_participation_stats": false,
    "auth_needed_to_vote": false,
    "auth_needed_to_write": true,
    "auth_opt_fb": true,
    "auth_opt_tw": true,
    "auth_opt_allow_3rdparty": true,
    "modified": "1729290932776",
    "created": "1728996232203",
    "site_id": "polis_site_id_wlE61IMj5fRdvFgrn7",
    "auth_opt_fb_computed": true,
    "auth_opt_tw_computed": true,
    "translations": [],
    "ownername": "admin",
    "is_mod": false,
    "is_owner": false,
    "conversation_id": "77anwcwh4b"
  },
  "votes": [],
  "pca": "{\"n\":83,\"pca\":{\"comps\":[[0.27181647440557744,0.3843364016676837,0.24464898572918092,0.34510253196513657,0.42513509857179177,0.29871450812629946,0.3079754789079004,0.2846809115207537,0.2661956902222825,0.03925876812831999,0.2550558997276831,0.1270244703134145],[0.4001507794011099,0.4565640548642725,0.5134521898543793,-0.14941439985998678,-0.12674320706302875,-0.20474970585884983,-0.3606589586809171,-0.04973513512724657,-0.21720495793444383,-0.0996629852494476,-0.28492554554137206,0.12900690596933365]],\"center\":[-0.4459459459459457,-0.33783783783783794,0.04166666666666666,-0.027777777777777766,-0.4583333333333336,-0.4492753623188409,-0.16666666666666663,-0.5466666666666667,-0.38028169014084506,0.28358208955223896,-0.3521126760563379,0.4305555555555557],\"comment-extremity\":[0.9284428626546866,1.368928384394719,2.052330603179484,1.2665205144354796,0.8324139600815036,0.6908979615919318,1.369074444303383,0.45383210202488344,0.7375579152997366,0.4762894543520792,0.8582570354238758,0.897194417117531],\"comment-projection\":[[-0.5216972352484577,-0.8815896910660747,-0.8828009860481969,-1.1622627317472094,-0.7977185567077413,-0.5698774142389122,-0.8890486282564011,-0.44706083444706196,-0.5714601760483887,-0.17456249461224393,-0.5724340773671225,-0.6294811707749423],[-0.7680092082446307,-1.0472652663998547,-1.8527610001776798,0.5032092565498235,0.2378194803263373,0.39061454923269007,1.041132734400388,0.07810369473860312,0.4662884789612949,0.4431473567581687,0.6394719430306783,-0.639305308711475]]},\"tids\":[0,1,2,3,4,5,6,7,8,9,10,11],\"mod-in\":[0,7,1,4,6,3,2,11,9,5,10,8],\"n-cmts\":12,\"in-conv\":[0,65,70,62,7,59,20,58,27,1,69,55,39,46,4,77,54,15,48,50,75,21,31,32,40,56,33,13,22,41,43,61,29,44,6,28,64,51,25,17,3,12,2,66,23,47,35,82,76,19,57,68,11,9,5,14,45,78,26,81,79,38,73,10,52,67,42,80,37,63,8,49],\"mod-out\":[],\"repness\":{\"0\":[{\"tid\":2,\"p-test\":1.8898223650461365,\"repness\":2.347701149425287,\"n-trials\":27,\"n-success\":18,\"p-success\":0.6551724137931034,\"repful-for\":\"disagree\",\"repness-test\":3.2417102},{\"tid\":11,\"p-test\":2.501851166488378,\"repness\":1.428571428571429,\"n-trials\":26,\"n-success\":19,\"p-success\":0.7142857142857143,\"repful-for\":\"disagree\",\"repness-test\":1.9233091}],\"1\":[{\"tid\":1,\"p-test\":4.621207153499565,\"n-agree\":37,\"repness\":3.422360248447205,\"n-trials\":44,\"n-success\":37,\"p-success\":0.8260869565217391,\"best-agree\":true,\"repful-for\":\"agree\",\"repness-test\":5.0789356},{\"tid\":4,\"p-test\":3.8124642583151176,\"repness\":2.48989898989899,\"n-trials\":42,\"n-success\":33,\"p-success\":0.7727272727272727,\"repful-for\":\"agree\",\"repness-test\":3.9541318},{\"tid\":0,\"p-test\":3.618136134933163,\"repness\":2.191111111111111,\"n-trials\":43,\"n-success\":33,\"p-success\":0.7555555555555556,\"repful-for\":\"agree\",\"repness-test\":3.5263507},{\"tid\":5,\"p-test\":3.3946736991660216,\"repness\":2.158139534883721,\"n-trials\":41,\"n-success\":31,\"p-success\":0.7441860465116279,\"repful-for\":\"agree\",\"repness-test\":3.386481},{\"tid\":7,\"p-test\":3.5386069477175317,\"repness\":1.661211129296236,\"n-trials\":45,\"n-success\":34,\"p-success\":0.7446808510638298,\"repful-for\":\"agree\",\"repness-test\":2.5918746}]},\"consensus\":{\"agree\":[{\"tid\":7,\"p-test\":2.5235730725761796,\"n-trials\":75,\"n-success\":48,\"p-success\":0.6363636363636364},{\"tid\":4,\"p-test\":1.9896995023342197,\"n-trials\":72,\"n-success\":44,\"p-success\":0.6081081081081081},{\"tid\":0,\"p-test\":1.962990915244727,\"n-trials\":74,\"n-success\":45,\"p-success\":0.6052631578947368},{\"tid\":1,\"p-test\":1.732050807568877,\"n-trials\":74,\"n-success\":44,\"p-success\":0.5921052631578947},{\"tid\":5,\"p-test\":1.434274331201273,\"n-trials\":69,\"n-success\":40,\"p-success\":0.5774647887323944}],\"disagree\":[{\"tid\":11,\"p-test\":1.5215349135496976,\"n-trials\":72,\"n-success\":42,\"p-success\":0.5810810810810811}]},\"meta-tids\":[],\"votes-base\":{\"0\":{\"A\":[0,1,1,1,1,1,1,2,1,1,1,0,1,1,0,1,0,1,1,1,1,1,1,0,1,1,1,1,1,0,1,1,1,0,0,0,1,1,1,0,0,1,0,0,1,1,0,0,1,1,1,1,1,1,1,1,0,0,0,0,0,0,0,0,0,0,0,0,0],\"D\":[0,0,0,0,0,0,0,0,0,0,0,0,0,0,0,0,0,0,0,0,0,0,0,0,0,0,0,0,0,0,0,0,0,1,1,1,0,0,0,1,1,0,0,0,0,0,1,0,0,0,0,0,0,0,0,0,0,0,0,0,3,0,1,1,0,1,0,0,0],\"S\":[1,1,1,1,1,1,1,2,1,1,1,0,1,1,0,1,1,1,1,1,1,1,1,1,1,1,1,1,1,1,1,1,1,1,1,1,1,1,1,1,1,1,1,1,1,1,1,1,1,1,1,1,1,1,1,1,1,1,1,1,3,1,1,1,1,1,1,1,1]},\"1\":{\"A\":[0,1,0,1,1,1,1,2,1,0,0,0,1,0,1,1,0,1,1,1,1,1,0,0,1,1,1,1,1,0,1,1,1,0,1,0,1,0,1,0,0,1,1,1,1,1,1,1,0,0,1,0,1,0,0,1,1,1,1,1,0,0,0,0,0,0,1,1,0],\"D\":[0,0,0,0,0,0,0,0,0,1,0,0,0,0,0,0,0,0,0,0,0,0,1,1,0,0,0,0,0,0,0,0,0,1,0,1,0,0,0,0,1,0,0,0,0,0,0,0,1,1,0,1,0,1,1,0,0,0,0,0,3,1,1,1,0,1,0,0,0],\"S\":[1,1,1,1,1,1,1,2,1,1,1,1,1,0,1,1,1,1,1,1,1,1,1,1,1,1,1,1,1,1,1,1,1,1,1,1,1,1,1,1,1,1,1,1,1,1,1,1,1,1,1,1,1,1,1,1,1,1,1,1,3,1,1,1,1,1,1,1,1]},\"2\":{\"A\":[0,1,1,1,1,0,1,0,1,0,0,0,0,0,0,0,0,1,0,0,0,0,0,0,1,0,0,0,1,0,0,0,0,1,0,0,1,0,0,0,0,1,1,1,1,1,0,1,0,1,1,1,0,0,0,1,0,0,1,0,0,0,0,0,1,0,0,0,0],\"D\":[0,0,0,0,0,1,0,2,0,1,1,0,0,0,1,0,1,0,0,1,1,1,0,0,0,0,0,1,0,0,0,1,0,0,0,1,0,1,0,1,1,0,0,0,0,0,1,0,0,0,0,0,0,1,1,0,1,1,0,0,3,1,1,1,0,1,1,0,0],\"S\":[1,1,1,1,1,1,1,2,1,1,1,1,0,0,1,0,1,1,1,1,1,1,1,1,1,0,1,1,1,1,1,1,1,1,1,1,1,1,1,1,1,1,1,1,1,1,1,1,1,1,1,1,1,1,1,1,1,1,1,1,3,1,1,1,1,1,1,1,1]},\"3\":{\"A\":[0,1,0,0,1,0,0,2,0,0,0,1,0,1,1,0,0,0,1,0,1,0,1,0,0,0,0,0,0,0,1,0,1,1,0,0,0,0,1,0,0,0,1,0,0,1,1,1,0,0,0,1,0,0,0,1,1,1,0,0,0,0,1,0,1,1,0,1,0],\"D\":[0,0,0,0,0,1,1,0,1,0,0,0,1,0,0,0,0,0,0,1,0,0,0,0,1,0,1,0,0,0,0,0,0,0,1,0,1,1,0,1,1,0,0,1,1,0,0,0,1,1,0,0,1,1,1,0,0,0,0,1,3,1,0,0,0,0,0,0,0],\"S\":[1,1,1,1,1,1,1,2,1,1,1,1,1,1,1,0,1,1,1,1,1,1,1,1,1,0,1,1,1,1,1,1,1,1,1,1,1,1,1,1,1,1,1,1,1,1,1,1,1,1,1,1,1,1,1,1,1,1,1,1,3,1,1,1,1,1,1,1,1]},\"4\":{\"A\":[0,1,0,1,1,1,1,2,1,0,0,0,0,1,0,1,1,0,0,0,1,1,1,0,1,0,0,1,1,1,1,1,0,1,0,0,0,1,1,1,1,1,1,1,0,1,1,1,0,1,1,0,1,0,0,0,1,0,0,1,0,0,0,1,1,1,1,1,0],\"D\":[0,0,0,0,0,0,0,0,0,0,0,0,1,0,0,0,0,0,0,1,0,0,0,0,0,0,1,0,0,0,0,0,0,0,1,0,1,0,0,0,0,0,0,0,0,0,0,0,1,0,0,1,0,1,0,0,0,0,0,0,3,0,0,0,0,0,0,0,0],\"S\":[1,1,1,1,1,1,1,2,1,1,1,0,1,1,0,1,1,1,1,1,1,1,1,1,1,0,1,1,1,1,1,1,1,1,1,1,1,1,1,1,1,1,1,1,1,1,1,1,1,1,1,1,1,1,1,1,1,1,1,1,3,1,1,1,1,1,1,1,1]},\"5\":{\"A\":[0,0,0,0,1,1,1,2,1,1,0,1,0,0,0,1,0,0,1,1,1,0,1,0,1,1,0,1,1,0,1,1,0,1,0,1,0,1,1,1,1,0,1,1,1,1,