{
  "user": {},
  "ptpt": null,
  "nextComment": {
    "txt": "参議院の合区を解消し、各都道府県から必ず1人以上選出するよう定める",
    "tid": 3,
    "created": "1728996234460",
    "tweet_id": null,
    "quote_src_url": null,
    "is_seed": true,
    "is_meta": false,
    "lang": null,
    "pid": 0,
    "randomN": 3.4083146834362763,
    "remaining": 12,
    "total": 12,
    "translations": []
  },
  "conversation": {
    "topic": "憲法",
    "description": "",
    "link_url": null,
    "parent_url": null,
    "upvotes": 1,
    "participant_count": 72,
    "is_anon": false,
    "is_active": true,
    "is_draft": true,
    "is_public": true,
    "is_data_open": false,
    "profanity_filter": true,
    "spam_filter": true,
    "strict_moderation": false,
    "prioritize_seed": false,
    "vis_type": 1,
    "write_type": 1,
    "help_type": 1,
    "write_hint_type": 1,
    "style_btn": null,
    "socialbtn_type": 0,
    "subscribe_type": 1,
    "branding_type": 1,
    "bgcolor": null,
    "help_bgcolor": null,
    "help_color": null,
    "email_domain": null,
    "use_xid_whitelist": false,
    "owner": 72,
    "org_id": 72,
    "context": null,
    "course_id": null,
    "owner_sees_participation_stats": false,
    "auth_needed_to_vote": false,
    "auth_needed_to_write": true,
    "auth_opt_fb": true,
    "auth_opt_tw": true,
    "auth_opt_allow_3rdparty": true,
    "modified": "1729278063898",
    "created": "1728996232203",
    "site_id": "polis_site_id_wlE61IMj5fRdvFgrn7",
    "auth_opt_fb_computed": true,
    "auth_opt_tw_computed": true,
    "translations": [],
    "ownername": "admin",
    "is_mod": false,
    "is_owner": false,
    "conversation_id": "77anwcwh4b"
  },
  "votes": [],
  "pca": "{\"n\":72,\"pca\":{\"comps\":[[0.27519386504927873,0.3972158964067023,0.19874029272854798,0.33990369561331535,0.4518847626674388,0.30393909606341507,0.2871528517754525,0.27266473418777626,0.28788608272534616,0.014094203790556745,0.252426142641927,0.1061979799233724],[0.32102421504447215,0.4348993542289009,0.5924816121296107,-0.045068454705256875,-0.07807340324100506,-0.20381375107568614,-0.38317401447879346,-0.08807811525392538,-0.2736759231951437,-0.11150415747268295,-0.24102461480692627,0.08426294875125301]],\"center\":[-0.5384615384615385,-0.33846153846153837,0.032258064516129024,0.015873015873015865,-0.4285714285714284,-0.459016393442623,-0.1612903225806452,-0.5454545454545455,-0.3709677419354839,0.2758620689655171,-0.32258064516129037,0.41269841269841256],\"comment-extremity\":[0.6760330981815939,1.3497678726582476,2.234638680101011,1.2066195072817332,0.9077522884793001,0.6857974373628212,1.3911837550077897,0.45117975286571715,0.8655362476865359,0.496737991855292,0.8190170527433209,0.6634255945915685],\"comment-projection\":[[-0.43998439033532655,-0.9102744279528691,-0.7106648454543619,-1.196150797171177,-0.8944998492642379,-0.5695886089841624,-0.8342868741385705,-0.4293356118595373,-0.6273128890586703,-0.06229237593976159,-0.5923556766776368,-0.519704330891206],[-0.513258693154101,-0.9966312135767414,-2.118623493695592,0.15859982906538977,0.15454525843798111,0.38195149117250426,1.1132644123646758,0.13868706423155097,0.5963485015325795,0.49281669254623217,0.5656002872984902,-0.4123601920798126]]},\"tids\":[0,1,2,3,4,5,6,7,8,9,10,11],\"mod-in\":[0,7,1,4,6,3,2,11,9,5,10,8],\"n-cmts\":12,\"in-conv\":[0,65,70,62,7,59,20,58,27,1,69,55,39,46,4,54,15,48,50,21,31,32,40,56,33,13,22,41,43,61,29,44,6,28,64,51,25,17,3,12,2,66,23,47,35,19,57,68,11,9,5,14,45,26,38,10,52,67,42,37,63,8,49],\"mod-out\":[],\"repness\":{\"0\":[{\"tid\":11,\"p-test\":2.2936585546278216,\"repness\":1.382936507936508,\"n-trials\":22,\"n-success\":16,\"p-success\":0.7083333333333333,\"repful-for\":\"disagree\",\"repness-test\":1.6725564}],\"1\":[{\"tid\":4,\"p-test\":3.8933141071383006,\"n-agree\":30,\"repness\":3.311965811965812,\"n-trials\":37,\"n-success\":30,\"p-success\":0.7948717948717949,\"best-agree\":true,\"repful-for\":\"agree\",\"repness-test\":4.4236145},{\"tid\":1,\"p-test\":4.110960958218893,\"repness\":2.874564459930314,\"n-trials\":39,\"n-success\":32,\"p-success\":0.8048780487804879,\"repful-for\":\"agree\",\"repness-test\":4.266667},{\"tid\":0,\"p-test\":4.323460152737352,\"repness\":1.875,\"n-trials\":38,\"n-success\":32,\"p-success\":0.825,\"repful-for\":\"agree\",\"repness-test\":3.2571356},{\"tid\":5,\"p-test\":3.362691229906829,\"repness\":2.25,\"n-trials\":38,\"n-success\":29,\"p-success\":0.75,\"repful-for\":\"agree\",\"repness-test\":3.2907434},{\"tid\":7,\"p-test\":3.5919965234379396,\"repness\":1.904761904761905,\"n-trials\":40,\"n-success\":31,\"p-success\":0.7619047619047619,\"repful-for\":\"agree\",\"repness-test\":2.9604218}]},\"consensus\":{\"agree\":[{\"tid\":0,\"p-test\":3.200378765462652,\"n-trials\":65,\"n-success\":45,\"p-success\":0.6865671641791045},{\"tid\":7,\"p-test\":2.3212194427697987,\"n-trials\":66,\"n-success\":42,\"p-success\":0.6323529411764706},{\"tid\":4,\"p-test\":1.75,\"n-trials\":63,\"n-success\":38,\"p-success\":0.6},{\"tid\":1,\"p-test\":1.7232808737106586,\"n-trials\":65,\"n-success\":39,\"p-success\":0.5970149253731343},{\"tid\":5,\"p-test\":1.5240015240022864,\"n-trials\":61,\"n-success\":36,\"p-success\":0.5873015873015873}],\"disagree\":[{\"tid\":11,\"p-test\":1.5,\"n-trials\":63,\"n-success\":37,\"p-success\":0.5846153846153846}]},\"meta-tids\":[],\"votes-base\":{\"0\":{\"A\":[0,1,1,1,1,0,1,1,2,1,1,1,0,1,1,0,1,0,1,1,1,1,0,1,1,0,1,1,1,1,0,1,0,1,1,1,0,0,0,1,1,1,0,0,1,0,0,1,1,0,0,1,1,1,1,1,1,1,1,0],\"D\":[0,0,0,0,0,3,0,0,0,0,0,0,0,0,0,0,0,0,0,0,0,0,1,0,0,0,0,0,0,0,0,0,0,0,0,0,1,1,1,0,0,0,1,1,0,0,0,0,0,1,0,0,0,0,0,0,0,0,0,0],\"S\":[1,1,1,1,1,3,1,1,2,1,1,1,0,1,1,0,1,1,1,1,1,1,1,1,1,1,1,1,1,1,1,1,1,1,1,1,1,1,1,1,1,1,1,1,1,1,1,1,1,1,1,1,1,1,1,1,1,1,1,1]},\"1\":{\"A\":[0,1,0,1,1,0,1,1,2,1,0,0,0,1,0,1,1,0,1,1,1,1,0,1,0,0,1,1,1,1,0,1,0,1,1,1,0,1,0,1,0,1,0,0,1,1,1,1,1,1,1,0,0,1,0,1,0,0,1,1],\"D\":[0,0,0,0,0,3,0,0,0,0,1,0,0,0,0,0,0,0,0,0,0,0,1,0,1,1,0,0,0,0,1,0,0,0,0,0,1,0,1,0,0,0,0,1,0,0,0,0,0,0,0,1,1,0,1,0,1,1,0,0],\"S\":[1,1,1,1,1,3,1,1,2,1,1,1,1,1,0,1,1,1,1,1,1,1,1,1,1,1,1,1,1,1,1,1,1,1,1,1,1,1,1,1,1,1,1,1,1,1,1,1,1,1,1,1,1,1,1,1,1,1,1,1]},\"2\":{\"A\":[0,1,1,1,1,0,0,1,0,1,0,0,0,0,0,0,0,0,1,0,0,0,0,0,0,0,1,0,0,0,0,1,0,0,0,0,1,0,0,1,0,0,0,0,1,1,1,1,1,0,1,0,1,1,1,0,0,0,1,0],\"D\":[0,0,0,0,0,3,1,0,2,0,1,1,0,0,0,1,0,1,0,0,1,1,1,1,0,0,0,0,0,1,1,0,0,0,1,0,0,0,1,0,1,0,1,1,0,0,0,0,0,1,0,0,0,0,0,0,1,1,0,1],\"S\":[1,1,1,1,1,3,1,1,2,1,1,1,1,0,0,1,0,1,1,1,1,1,1,1,1,1,1,0,1,1,1,1,1,1,1,1,1,1,1,1,1,1,1,1,1,1,1,1,1,1,1,1,1,1,1,1,1,1,1,1]},\"3\":{\"A\":[0,1,0,0,1,0,0,0,2,0,0,0,1,0,1,1,0,0,0,1,0,1,1,0,1,0,0,0,0,0,0,0,0,1,0,1,1,0,0,0,0,1,0,0,0,1,0,0,1,1,1,0,0,0,1,0,0,0,1,1],\"D\":[0,0,0,0,0,3,1,1,0,1,0,0,0,1,0,0,0,0,0,0,1,0,0,0,0,0,1,0,1,0,1,0,0,0,0,0,0,1,0,1,1,0,1,1,0,0,1,1,0,0,0,1,1,0,0,1,1,1,0,0],\"S\":[1,1,1,1,1,3,1,1,2,1,1,1,1,1,1,1,0,1,1,1,1,1,1,1,1,1,1,0,1,1,1,1,1,1,1,1,1,1,1,1,1,1,1,1,1,1,1,1,1,1,1,1,1,1,1,1,1,1,1,1]},\"4\":{\"A\":[0,1,0,1,1,0,1,1,2,1,0,0,0,0,1,0,1,1,0,0,0,1,0,1,1,0,1,0,0,1,0,1,1,1,1,0,1,0,0,0,1,1,1,1,1,1,1,0,1,1,1,0,1,1,0,1,0,0,0,1],\"D\":[0,0,0,0,0,3,0,0,0,0,0,0,0,1,0,0,0,0,0,0,1,0,0,0,0,0,0,0,1,0,0,0,0,0,0,0,0,1,0,1,0,0,0,0,0,0,0,0,0,0,0,1,0,0,1,0,1,0,0,0],\"S\":[1,1,1,1,1,3,1,1,2,1,1,1,0,1,1,0,1,1,1,1,1,1,1,1,1,1,1,0,1,1,1,1,1,1,1,1,1,1,1,1,1,1,1,1,1,1,1,1,1,1,1,1,1,1,1,1,1,1,1,1]},\"5\":{\"A\":[0,0,0,0,1,0,1,1,2,1,1,0,1,0,0,0,1,0,0,1,1,1,0,0,1,0,1,1,0,1,0,1,0,1,1,0,1,0,1,0,1,1,1,1,0,1,1,1,1,0,1,1,1,0,0,1,0,1,1,1],\"D\":[0,1,0,0,0,0,0,0,0,0,0,0,0,0,0,0,0,1,0,0,0,0,1,0,0,0,0,0,0,0,0,0,0,0,0,0,0,1,0,1,0,0,0,0,0,0,0,0,0,0,0,0,0,0,1,0,1,0,0,0],\"S\":[1,1,1,1,1,3,1,1,2,1,1,1,1,0,0,0,1,1,1,1,1,1,1,1,1,1,1,1,1,1,1,1,1,1,1,1,1,1,1,1,1,1,1,1,1,1,1,1,1,1,1,1,1,1,1,1,1,1,1,1]},\"6\":{\"A\":[0,0,0,0,1,0,1,0,2,1,1,0,1,1,1,1,0,0,0,0,0,1,0,1,1,0,0,0,0,1,0,0,0,1,1,0,1,0,1,0,1,0,0,0,1,0,1,1,1,0,0,0,1,0,0,0,0,1,0,1],\"D\":[0,1,0,0,0,0,0,1,0,0,0,0,0,0,0,0,0,0,0,1,1,0,1,0,0,0,1,0,0,0,1,1,1,0,0,0,0,1,0,1,0,0,0,0,0,0,0,0,0,1,0,0,0,0,0,1,1,0,1,0],\"S\":[1,1,1,1,1,3,1,1,2,1,1,1,1,